n,competizione,stagione,data,casa,risultato,trasferta,fase,dati_360,match_id
1,1. Bundesliga,2015/2016,2015-08-15,Bayer Leverkusen,2-1,Hoffenheim,Regular Season,,3890260
2,1. Bundesliga,2015/2016,2015-08-22,Hannover 96,0-1,Bayer Leverkusen,Regular Season,,3890273
3,1. Bundesliga,2015/2016,2015-08-29,Bayern Munich,3-0,Bayer Leverkusen,Regular Season,,3890278
4,1. Bundesliga,2015/2016,2015-09-12,Bayer Leverkusen,0-1,Darmstadt 98,Regular Season,,3890288
5,1. Bundesliga,2015/2016,2015-09-20,Borussia Dortmund,3-0,Bayer Leverkusen,Regular Season,,3890301
6,1. Bundesliga,2015/2016,2015-09-23,Bayer Leverkusen,1-0,FSV Mainz 05,Regular Season,,3890312
7,1. Bundesliga,2015/2016,2015-09-26,Werder Bremen,0-3,Bayer Leverkusen,Regular Season,,3890315
8,1. Bundesliga,2015/2016,2015-10-04,Bayer Leverkusen,1-1,Augsburg,Regular Season,,3890330
9,1. Bundesliga,2015/2016,2015-10-17,Hamburger SV,0-0,Bayer Leverkusen,Regular Season,,3890337
10,1. Bundesliga,2015/2016,2015-10-24,Bayer Leverkusen,4-3,VfB Stuttgart,Regular Season,,3890346
11,1. Bundesliga,2015/2016,2015-10-31,Wolfsburg,2-1,Bayer Leverkusen,Regular Season,,3890350
12,1. Bundesliga,2015/2016,2015-11-07,Bayer Leverkusen,1-2,FC Köln,Regular Season,,3890359
13,1. Bundesliga,2015/2016,2015-11-21,Eintracht Frankfurt,1-3,Bayer Leverkusen,Regular Season,,3890370
14,1. Bundesliga,2015/2016,2015-11-29,Bayer Leverkusen,1-1,Schalke 04,Regular Season,,3890382
15,1. Bundesliga,2015/2016,2015-12-05,Hertha Berlin,2-1,Bayer Leverkusen,Regular Season,,3890390
16,1. Bundesliga,2015/2016,2015-12-12,Bayer Leverkusen,5-0,Borussia Mönchengladbach,Regular Season,,3890395
17,1. Bundesliga,2015/2016,2015-12-19,Ingolstadt,0-1,Bayer Leverkusen,Regular Season,,3890409
18,1. Bundesliga,2015/2016,2016-01-23,Hoffenheim,1-1,Bayer Leverkusen,Regular Season,,3890415
19,1. Bundesliga,2015/2016,2016-01-30,Bayer Leverkusen,3-0,Hannover 96,Regular Season,,3890427
20,1. Bundesliga,2015/2016,2016-02-06,Bayer Leverkusen,0-0,Bayern Munich,Regular Season,,3890431
21,1. Bundesliga,2015/2016,2016-02-13,Darmstadt 98,1-2,Bayer Leverkusen,Regular Season,,3890444
22,1. Bundesliga,2015/2016,2016-02-21,Bayer Leverkusen,0-1,Borussia Dortmund,Regular Season,,3890456
23,1. Bundesliga,2015/2016,2016-02-28,FSV Mainz 05,3-1,Bayer Leverkusen,Regular Season,,3890463
24,1. Bundesliga,2015/2016,2016-03-02,Bayer Leverkusen,1-4,Werder Bremen,Regular Season,,3890472
25,1. Bundesliga,2015/2016,2016-03-05,Augsburg,3-3,Bayer Leverkusen,Regular Season,,3890477
26,1. Bundesliga,2015/2016,2016-03-13,Bayer Leverkusen,1-0,Hamburger SV,Regular Season,,3890492
27,1. Bundesliga,2015/2016,2016-03-20,VfB Stuttgart,0-2,Bayer Leverkusen,Regular Season,,3890500
28,1. Bundesliga,2015/2016,2016-04-01,Bayer Leverkusen,3-0,Wolfsburg,Regular Season,,3890502
29,1. Bundesliga,2015/2016,2016-04-10,FC Köln,0-2,Bayer Leverkusen,Regular Season,,3890519
30,1. Bundesliga,2015/2016,2016-04-16,Bayer Leverkusen,3-0,Eintracht Frankfurt,Regular Season,,3890521
31,1. Bundesliga,2015/2016,2016-04-23,Schalke 04,2-3,Bayer Leverkusen,Regular Season,,3890534
32,1. Bundesliga,2015/2016,2016-04-30,Bayer Leverkusen,2-1,Hertha Berlin,Regular Season,,3890540
33,1. Bundesliga,2015/2016,2016-05-07,Borussia Mönchengladbach,2-1,Bayer Leverkusen,Regular Season,,3890550
34,1. Bundesliga,2015/2016,2016-05-14,Bayer Leverkusen,3-2,Ingolstadt,Regular Season,,3890563
35,1. Bundesliga,2023/2024,2023-08-19,Bayer Leverkusen,3-2,RB Leipzig,Regular Season,si,3895052
36,1. Bundesliga,2023/2024,2023-08-26,Borussia Mönchengladbach,0-3,Bayer Leverkusen,Regular Season,si,3895060
37,1. Bundesliga,2023/2024,2023-09-02,Bayer Leverkusen,5-1,Darmstadt 98,Regular Season,si,3895067
38,1. Bundesliga,2023/2024,2023-09-15,Bayern Munich,2-2,Bayer Leverkusen,Regular Season,si,3895074
39,1. Bundesliga,2023/2024,2023-09-24,Bayer Leverkusen,4-1,FC Heidenheim,Regular Season,si,3895086
40,1. Bundesliga,2023/2024,2023-09-30,FSV Mainz 05,0-3,Bayer Leverkusen,Regular Season,si,3895095
41,1. Bundesliga,2023/2024,2023-10-08,Bayer Leverkusen,3-0,FC Köln,Regular Season,si,3895107
42,1. Bundesliga,2023/2024,2023-10-21,Wolfsburg,1-2,Bayer Leverkusen,Regular Season,si,3895113
43,1. Bundesliga,2023/2024,2023-10-29,Bayer Leverkusen,2-1,Freiburg,Regular Season,si,3895121
44,1. Bundesliga,2023/2024,2023-11-04,Hoffenheim,2-3,Bayer Leverkusen,Regular Season,si,3895134
45,1. Bundesliga,2023/2024,2023-11-12,Bayer Leverkusen,4-0,Union Berlin,Regular Season,si,3895139
46,1. Bundesliga,2023/2024,2023-11-25,Werder Bremen,0-3,Bayer Leverkusen,Regular Season,si,3895153
47,1. Bundesliga,2023/2024,2023-12-03,Bayer Leverkusen,1-1,Borussia Dortmund,Regular Season,si,3895158
48,1. Bundesliga,2023/2024,2023-12-10,VfB Stuttgart,1-1,Bayer Leverkusen,Regular Season,si,3895167
49,1. Bundesliga,2023/2024,2023-12-17,Bayer Leverkusen,3-0,Eintracht Frankfurt,Regular Season,si,3895180
50,1. Bundesliga,2023/2024,2023-12-20,Bayer Leverkusen,4-0,Bochum,Regular Season,si,3895182
51,1. Bundesliga,2023/2024,2024-01-13,Augsburg,0-1,Bayer Leverkusen,Regular Season,si,3895194
52,1. Bundesliga,2023/2024,2024-01-20,RB Leipzig,2-3,Bayer Leverkusen,Regular Season,si,3895202
53,1. Bundesliga,2023/2024,2024-01-27,Bayer Leverkusen,0-0,Borussia Mönchengladbach,Regular Season,si,3895210
54,1. Bundesliga,2023/2024,2024-02-03,Darmstadt 98,0-2,Bayer Leverkusen,Regular Season,si,3895220
55,1. Bundesliga,2023/2024,2024-02-10,Bayer Leverkusen,3-0,Bayern Munich,Regular Season,si,3895232
56,1. Bundesliga,2023/2024,2024-02-17,FC Heidenheim,1-2,Bayer Leverkusen,Regular Season,si,3895244
57,1. Bundesliga,2023/2024,2024-02-23,Bayer Leverkusen,2-1,FSV Mainz 05,Regular Season,si,3895250
58,1. Bundesliga,2023/2024,2024-03-03,FC Köln,0-2,Bayer Leverkusen,Regular Season,si,3895258
59,1. Bundesliga,2023/2024,2024-03-10,Bayer Leverkusen,2-0,Wolfsburg,Regular Season,si,3895266
60,1. Bundesliga,2023/2024,2024-03-17,Freiburg,2-3,Bayer Leverkusen,Regular Season,si,3895275
61,1. Bundesliga,2023/2024,2024-03-30,Bayer Leverkusen,2-1,Hoffenheim,Regular Season,si,3895286
62,1. Bundesliga,2023/2024,2024-04-06,Union Berlin,0-1,Bayer Leverkusen,Regular Season,si,3895292
63,1. Bundesliga,2023/2024,2024-04-14,Bayer Leverkusen,5-0,Werder Bremen,Regular Season,si,3895302
64,1. Bundesliga,2023/2024,2024-04-21,Borussia Dortmund,1-1,Bayer Leverkusen,Regular Season,si,3895309
65,1. Bundesliga,2023/2024,2024-04-27,Bayer Leverkusen,2-2,VfB Stuttgart,Regular Season,si,3895320
66,1. Bundesliga,2023/2024,2024-05-05,Eintracht Frankfurt,1-5,Bayer Leverkusen,Regular Season,si,3895333
67,1. Bundesliga,2023/2024,2024-05-12,Bochum,0-5,Bayer Leverkusen,Regular Season,si,3895340
68,1. Bundesliga,2023/2024,2024-05-18,Bayer Leverkusen,2-1,Augsburg,Regular Season,si,3895348
69,African Cup of Nations,2023,2024-01-13,Côte d'Ivoire,2-0,Guinea-Bissau,Group Stage,,3920384
70,African Cup of Nations,2023,2024-01-14,Egypt,2-2,Mozambique,Group Stage,,3920385
71,African Cup of Nations,2023,2024-01-14,Ghana,1-2,Cape Verde Islands,Group Stage,,3920387
72,African Cup of Nations,2023,2024-01-14,Nigeria,1-1,Equatorial Guinea,Group Stage,,3920386
73,African Cup of Nations,2023,2024-01-15,Algeria,1-1,Angola,Group Stage,,3920390
74,African Cup of Nations,2023,2024-01-15,Cameroon,1-1,Guinea,Group Stage,,3920389
75,African Cup of Nations,2023,2024-01-15,Senegal,3-0,Gambia,Group Stage,,3920388
76,African Cup of Nations,2023,2024-01-16,Burkina Faso,1-0,Mauritania,Group Stage,,3920392
77,African Cup of Nations,2023,2024-01-16,Mali,2-0,South Africa,Group Stage,,3920391
78,African Cup of Nations,2023,2024-01-16,Tunisia,0-1,Namibia,Group Stage,,3920393
79,African Cup of Nations,2023,2024-01-17,Congo DR,1-1,Zambia,Group Stage,,3920395
80,African Cup of Nations,2023,2024-01-17,Morocco,3-0,Tanzania,Group Stage,,3920394
81,African Cup of Nations,2023,2024-01-18,Côte d'Ivoire,0-1,Nigeria,Group Stage,,3920398
82,African Cup of Nations,2023,2024-01-18,Egypt,2-2,Ghana,Group Stage,,3920396
83,African Cup of Nations,2023,2024-01-18,Equatorial Guinea,4-2,Guinea-Bissau,Group Stage,,3920397
84,African Cup of Nations,2023,2024-01-19,Cape Verde Islands,3-0,Mozambique,Group Stage,,3920399
85,African Cup of Nations,2023,2024-01-19,Guinea,1-0,Gambia,Group Stage,,3920401
86,African Cup of Nations,2023,2024-01-19,Senegal,3-1,Cameroon,Group Stage,,3920400
87,African Cup of Nations,2023,2024-01-20,Algeria,2-2,Burkina Faso,Group Stage,,3920402
88,African Cup of Nations,2023,2024-01-20,Mauritania,2-3,Angola,Group Stage,,3920403
89,African Cup of Nations,2023,2024-01-20,Tunisia,1-1,Mali,Group Stage,,3920404
90,African Cup of Nations,2023,2024-01-21,Morocco,1-1,Congo DR,Group Stage,,3920405
91,African Cup of Nations,2023,2024-01-21,South Africa,4-0,Namibia,Group Stage,,3920407
92,African Cup of Nations,2023,2024-01-21,Zambia,1-1,Tanzania,Group Stage,,3920406
93,African Cup of Nations,2023,2024-01-22,Cape Verde Islands,2-2,Egypt,Group Stage,,3920411
94,African Cup of Nations,2023,2024-01-22,Equatorial Guinea,4-0,Côte d'Ivoire,Group Stage,,3920408
95,African Cup of Nations,2023,2024-01-22,Guinea-Bissau,0-1,Nigeria,Group Stage,,3920409
96,African Cup of Nations,2023,2024-01-22,Mozambique,2-2,Ghana,Group Stage,,3920410
97,African Cup of Nations,2023,2024-01-23,Angola,2-0,Burkina Faso,Group Stage,,3920414
98,African Cup of Nations,2023,2024-01-23,Gambia,2-3,Cameroon,Group Stage,,3920413
99,African Cup of Nations,2023,2024-01-23,Guinea,0-2,Senegal,Group Stage,,3920412
100,African Cup of Nations,2023,2024-01-23,Mauritania,1-0,Algeria,Group Stage,,3920415
101,African Cup of Nations,2023,2024-01-24,Namibia,0-0,Mali,Group Stage,,3920417
102,African Cup of Nations,2023,2024-01-24,South Africa,0-0,Tunisia,Group Stage,,3920416
103,African Cup of Nations,2023,2024-01-24,Tanzania,0-0,Congo DR,Group Stage,,3920418
104,African Cup of Nations,2023,2024-01-24,Zambia,0-1,Morocco,Group Stage,,3920419
105,African Cup of Nations,2023,2024-01-27,Angola,3-0,Namibia,Round of 16,,3922237
106,African Cup of Nations,2023,2024-01-27,Nigeria,2-0,Cameroon,Round of 16,,3922238
107,African Cup of Nations,2023,2024-01-28,Egypt,1-1,Congo DR,Round of 16,,3922240
108,African Cup of Nations,2023,2024-01-28,Equatorial Guinea,0-1,Guinea,Round of 16,,3922239
109,African Cup of Nations,2023,2024-01-29,Cape Verde Islands,1-0,Mauritania,Round of 16,,3922241
110,African Cup of Nations,2023,2024-01-29,Senegal,1-1,Côte d'Ivoire,Round of 16,,3922242
111,African Cup of Nations,2023,2024-01-30,Mali,2-1,Burkina Faso,Round of 16,,3922244
112,African Cup of Nations,2023,2024-01-30,Morocco,0-2,South Africa,Round of 16,,3922243
113,African Cup of Nations,2023,2024-02-02,Congo DR,3-1,Guinea,Quarter-finals,,3922356
114,African Cup of Nations,2023,2024-02-02,Nigeria,1-0,Angola,Quarter-finals,,3922321
115,African Cup of Nations,2023,2024-02-03,Cape Verde Islands,0-0,South Africa,Quarter-finals,,3922658
116,African Cup of Nations,2023,2024-02-03,Mali,1-2,Côte d'Ivoire,Quarter-finals,,3922659
117,African Cup of Nations,2023,2024-02-07,Côte d'Ivoire,1-0,Congo DR,Semi-finals,,3922838
118,African Cup of Nations,2023,2024-02-07,Nigeria,1-1,South Africa,Semi-finals,,3922837
119,African Cup of Nations,2023,2024-02-10,South Africa,0-0,Congo DR,3rd Place Final,si,3923880
120,African Cup of Nations,2023,2024-02-11,Nigeria,1-2,Côte d'Ivoire,Final,,3923881
121,Champions League,1970/1971,1971-06-02,Ajax,2-0,Panathinaikos,Final,,3888711
122,Champions League,1971/1972,1972-05-31,Ajax,2-0,Inter Milan,Final,,3750235
123,Champions League,1972/1973,1973-05-30,Ajax,1-0,Juventus,Final,,3888706
124,Champions League,1999/2000,1999-11-23,Fiorentina,2-0,Manchester United,1st Round,,3750240
125,Champions League,2003/2004,2004-05-26,AS Monaco,0-3,FC Porto,Final,,3752619
126,Champions League,2004/2005,2005-05-25,AC Milan,3-3,Liverpool,Final,,2302764
127,Champions League,2006/2007,2007-05-23,AC Milan,2-1,Liverpool,Final,,3750200
128,Champions League,2008/2009,2009-05-27,Barcelona,2-0,Manchester United,Final,,3750201
129,Champions League,2009/2010,2010-05-22,Bayern Munich,0-2,Inter Milan,Final,,18235
130,Champions League,2010/2011,2011-05-28,Barcelona,3-1,Manchester United,Final,,18236
131,Champions League,2011/2012,2012-05-19,Bayern Munich,1-1,Chelsea,Final,,18237
132,Champions League,2012/2013,2013-05-25,Borussia Dortmund,1-2,Bayern Munich,Final,,18240
133,Champions League,2013/2014,2014-05-24,Real Madrid,4-1,Atlético Madrid,Final,,18241
134,Champions League,2014/2015,2015-06-06,Juventus,1-3,Barcelona,Final,,18242
135,Champions League,2015/2016,2016-05-28,Real Madrid,1-1,Atlético Madrid,Final,,18243
136,Champions League,2016/2017,2017-06-03,Juventus,1-4,Real Madrid,Final,,18244
137,Champions League,2017/2018,2018-05-26,Real Madrid,3-1,Liverpool,Final,,18245
138,Champions League,2018/2019,2019-06-01,Tottenham Hotspur,0-2,Liverpool,Final,,22912
139,Copa America,2024,2024-06-21,Argentina,2-0,Canada,Group Stage,,3939969
140,Copa America,2024,2024-06-22,Ecuador,1-2,Venezuela,Group Stage,,3939972
141,Copa America,2024,2024-06-22,Peru,0-0,Chile,Group Stage,,3939970
142,Copa America,2024,2024-06-23,Mexico,1-0,Jamaica,Group Stage,,3939971
143,Copa America,2024,2024-06-23,United States,2-0,Bolivia,Group Stage,,3939974
144,Copa America,2024,2024-06-24,Colombia,2-1,Paraguay,Group Stage,,3939975
145,Copa America,2024,2024-06-24,Uruguay,3-1,Panama,Group Stage,,3939973
146,Copa America,2024,2024-06-25,Brazil,0-0,Costa Rica,Group Stage,,3939976
147,Copa America,2024,2024-06-25,Peru,0-1,Canada,Group Stage,,3939978
148,Copa America,2024,2024-06-26,Chile,0-1,Argentina,Group Stage,,3939977
149,Copa America,2024,2024-06-26,Ecuador,3-1,Jamaica,Group Stage,,3939980
150,Copa America,2024,2024-06-27,Panama,2-1,United States,Group Stage,,3939981
151,Copa America,2024,2024-06-27,Venezuela,1-0,Mexico,Group Stage,,3939979
152,Copa America,2024,2024-06-28,Colombia,3-0,Costa Rica,Group Stage,,3939984
153,Copa America,2024,2024-06-28,Uruguay,5-0,Bolivia,Group Stage,,3939982
154,Copa America,2024,2024-06-29,Paraguay,1-4,Brazil,Group Stage,,3939983
155,Copa America,2024,2024-06-30,Argentina,2-0,Peru,Group Stage,,3939986
156,Copa America,2024,2024-06-30,Canada,0-0,Chile,Group Stage,,3939985
157,Copa America,2024,2024-07-01,Jamaica,0-3,Venezuela,Group Stage,,3939987
158,Copa America,2024,2024-07-01,Mexico,0-0,Ecuador,Group Stage,,3939988
159,Copa America,2024,2024-07-02,Bolivia,1-3,Panama,Group Stage,,3939989
160,Copa America,2024,2024-07-02,United States,0-1,Uruguay,Group Stage,,3939990
161,Copa America,2024,2024-07-03,Brazil,1-1,Colombia,Group Stage,,3939991
162,Copa America,2024,2024-07-03,Costa Rica,2-1,Paraguay,Group Stage,,3939992
163,Copa America,2024,2024-07-05,Argentina,1-1,Ecuador,Quarter-finals,,3942228
164,Copa America,2024,2024-07-06,Colombia,5-0,Panama,Quarter-finals,,3942416
165,Copa America,2024,2024-07-06,Venezuela,1-1,Canada,Quarter-finals,,3942229
166,Copa America,2024,2024-07-07,Uruguay,0-0,Brazil,Quarter-finals,,3942415
167,Copa America,2024,2024-07-10,Argentina,2-0,Canada,Semi-finals,,3942785
168,Copa America,2024,2024-07-11,Uruguay,0-1,Colombia,Semi-finals,,3942852
169,Copa America,2024,2024-07-14,Canada,2-2,Uruguay,3rd Place Final,,3943076
170,Copa America,2024,2024-07-15,Argentina,1-0,Colombia,Final,,3943077
171,Copa del Rey,1977/1978,1978-04-19,Barcelona,3-1,Las Palmas,Final,,3888754
172,Copa del Rey,1982/1983,1983-06-04,Barcelona,2-1,Real Madrid,Final,,3888721
173,Copa del Rey,1983/1984,1984-05-05,Athletic Club,1-0,Barcelona,Final,,3750248
174,FA Women's Super League (F),2018/2019,2018-09-09,Arsenal WFC,5-0,Liverpool WFC,Regular Season,,19717
175,FA Women's Super League (F),2018/2019,2018-09-09,Birmingham City WFC,1-0,Everton LFC,Regular Season,,19718
176,FA Women's Super League (F),2018/2019,2018-09-09,Brighton & Hove Albion WFC,0-1,Bristol City WFC,Regular Season,,19715
177,FA Women's Super League (F),2018/2019,2018-09-09,Chelsea FCW,0-0,Manchester City WFC,Regular Season,,19714
178,FA Women's Super League (F),2018/2019,2018-09-09,Reading WFC,4-0,Yeovil Town LFC,Regular Season,,19716
179,FA Women's Super League (F),2018/2019,2018-09-19,Bristol City WFC,0-0,Chelsea FCW,Regular Season,,19720
180,FA Women's Super League (F),2018/2019,2018-09-19,West Ham United LFC,0-0,Reading WFC,Regular Season,,19719
181,FA Women's Super League (F),2018/2019,2018-09-19,Yeovil Town LFC,0-7,Arsenal WFC,Regular Season,,19722
182,FA Women's Super League (F),2018/2019,2018-09-20,Everton LFC,0-4,Manchester City WFC,Regular Season,,19723
183,FA Women's Super League (F),2018/2019,2018-09-23,Arsenal WFC,4-3,West Ham United LFC,Regular Season,,19724
184,FA Women's Super League (F),2018/2019,2018-09-23,Brighton & Hove Albion WFC,0-1,Liverpool WFC,Regular Season,,19725
185,FA Women's Super League (F),2018/2019,2018-09-23,Everton LFC,0-0,Chelsea FCW,Regular Season,,19726
186,FA Women's Super League (F),2018/2019,2018-09-23,Manchester City WFC,2-2,Bristol City WFC,Regular Season,,19728
187,FA Women's Super League (F),2018/2019,2018-09-23,Reading WFC,0-1,Birmingham City WFC,Regular Season,,19727
188,FA Women's Super League (F),2018/2019,2018-09-30,Birmingham City WFC,2-3,Manchester City WFC,Regular Season,,19733
189,FA Women's Super League (F),2018/2019,2018-09-30,Chelsea FCW,2-0,Brighton & Hove Albion WFC,Regular Season,,19730
190,FA Women's Super League (F),2018/2019,2018-09-30,Liverpool WFC,0-1,Reading WFC,Regular Season,,19732
191,FA Women's Super League (F),2018/2019,2018-09-30,West Ham United LFC,2-1,Yeovil Town LFC,Regular Season,,19731
192,FA Women's Super League (F),2018/2019,2018-10-14,Bristol City WFC,0-1,Birmingham City WFC,Regular Season,,19738
193,FA Women's Super League (F),2018/2019,2018-10-14,Chelsea FCW,0-5,Arsenal WFC,Regular Season,,19736
194,FA Women's Super League (F),2018/2019,2018-10-14,Everton LFC,3-3,Brighton & Hove Albion WFC,Regular Season,,19734
195,FA Women's Super League (F),2018/2019,2018-10-14,Liverpool WFC,2-1,Yeovil Town LFC,Regular Season,,19737
196,FA Women's Super League (F),2018/2019,2018-10-14,Manchester City WFC,7-1,West Ham United LFC,Regular Season,,19735
197,FA Women's Super League (F),2018/2019,2018-10-21,Arsenal WFC,6-0,Reading WFC,Regular Season,,19741
198,FA Women's Super League (F),2018/2019,2018-10-21,Birmingham City WFC,0-0,Chelsea FCW,Regular Season,,19743
199,FA Women's Super League (F),2018/2019,2018-10-21,Brighton & Hove Albion WFC,0-6,Manchester City WFC,Regular Season,,19739
200,FA Women's Super League (F),2018/2019,2018-10-21,West Ham United LFC,0-1,Liverpool WFC,Regular Season,,19740
201,FA Women's Super League (F),2018/2019,2018-10-21,Yeovil Town LFC,1-2,Bristol City WFC,Regular Season,,19742
202,FA Women's Super League (F),2018/2019,2018-10-26,Manchester City WFC,1-1,Reading WFC,Regular Season,,19747
203,FA Women's Super League (F),2018/2019,2018-10-28,Brighton & Hove Albion WFC,2-1,Yeovil Town LFC,Regular Season,,19745
204,FA Women's Super League (F),2018/2019,2018-10-28,Bristol City WFC,0-4,Arsenal WFC,Regular Season,,19744
205,FA Women's Super League (F),2018/2019,2018-10-28,Chelsea FCW,1-0,Liverpool WFC,Regular Season,,19748
206,FA Women's Super League (F),2018/2019,2018-10-28,Everton LFC,1-2,West Ham United LFC,Regular Season,,19746
207,FA Women's Super League (F),2018/2019,2018-11-04,Arsenal WFC,3-1,Birmingham City WFC,Regular Season,,19749
208,FA Women's Super League (F),2018/2019,2018-11-04,Liverpool WFC,0-3,Manchester City WFC,Regular Season,,19752
209,FA Women's Super League (F),2018/2019,2018-11-04,Reading WFC,3-0,Bristol City WFC,Regular Season,,19753
210,FA Women's Super League (F),2018/2019,2018-11-04,West Ham United LFC,0-2,Chelsea FCW,Regular Season,,19751
211,FA Women's Super League (F),2018/2019,2018-11-04,Yeovil Town LFC,1-0,Everton LFC,Regular Season,,19750
212,FA Women's Super League (F),2018/2019,2018-11-17,Bristol City WFC,2-1,Liverpool WFC,Regular Season,,19761
213,FA Women's Super League (F),2018/2019,2018-11-18,Birmingham City WFC,3-0,West Ham United LFC,Regular Season,,19763
214,FA Women's Super League (F),2018/2019,2018-11-18,Brighton & Hove Albion WFC,1-4,Reading WFC,Regular Season,,19762
215,FA Women's Super League (F),2018/2019,2018-11-18,Chelsea FCW,5-0,Yeovil Town LFC,Regular Season,,19760
216,FA Women's Super League (F),2018/2019,2018-11-18,Everton LFC,0-4,Arsenal WFC,Regular Season,,19759
217,FA Women's Super League (F),2018/2019,2018-11-25,Arsenal WFC,4-1,Brighton & Hove Albion WFC,Regular Season,,19766
218,FA Women's Super League (F),2018/2019,2018-11-25,Liverpool WFC,0-2,Birmingham City WFC,Regular Season,,19765
219,FA Women's Super League (F),2018/2019,2018-11-25,Reading WFC,2-1,Everton LFC,Regular Season,,19767
220,FA Women's Super League (F),2018/2019,2018-11-25,West Ham United LFC,2-0,Bristol City WFC,Regular Season,,19768
221,FA Women's Super League (F),2018/2019,2018-11-25,Yeovil Town LFC,0-4,Manchester City WFC,Regular Season,,19764
222,FA Women's Super League (F),2018/2019,2018-12-02,Birmingham City WFC,2-1,Yeovil Town LFC,Regular Season,,19771
223,FA Women's Super League (F),2018/2019,2018-12-02,Brighton & Hove Albion WFC,0-1,West Ham United LFC,Regular Season,,19769
224,FA Women's Super League (F),2018/2019,2018-12-02,Chelsea FCW,1-0,Reading WFC,Regular Season,,19772
225,FA Women's Super League (F),2018/2019,2018-12-02,Everton LFC,2-1,Liverpool WFC,Regular Season,,19773
226,FA Women's Super League (F),2018/2019,2018-12-02,Manchester City WFC,2-0,Arsenal WFC,Regular Season,,19770
227,FA Women's Super League (F),2018/2019,2018-12-09,Brighton & Hove Albion WFC,0-4,Chelsea FCW,Regular Season,,19776
228,FA Women's Super League (F),2018/2019,2018-12-09,Everton LFC,0-2,Bristol City WFC,Regular Season,,19774
229,FA Women's Super League (F),2018/2019,2018-12-09,Manchester City WFC,1-0,Birmingham City WFC,Regular Season,,19778
230,FA Women's Super League (F),2018/2019,2018-12-09,Reading WFC,2-2,Liverpool WFC,Regular Season,,19775
231,FA Women's Super League (F),2018/2019,2018-12-09,Yeovil Town LFC,0-5,West Ham United LFC,Regular Season,,19777
232,FA Women's Super League (F),2018/2019,2019-01-06,Birmingham City WFC,2-1,Reading WFC,Regular Season,,19782
233,FA Women's Super League (F),2018/2019,2019-01-06,Bristol City WFC,1-1,Manchester City WFC,Regular Season,,19779
234,FA Women's Super League (F),2018/2019,2019-01-06,Chelsea FCW,3-0,Everton LFC,Regular Season,,19783
235,FA Women's Super League (F),2018/2019,2019-01-06,Liverpool WFC,0-2,Brighton & Hove Albion WFC,Regular Season,,19780
236,FA Women's Super League (F),2018/2019,2019-01-06,West Ham United LFC,2-4,Arsenal WFC,Regular Season,,19781
237,FA Women's Super League (F),2018/2019,2019-01-13,Arsenal WFC,1-2,Chelsea FCW,Regular Season,,19785
238,FA Women's Super League (F),2018/2019,2019-01-13,Birmingham City WFC,0-1,Bristol City WFC,Regular Season,,19787
239,FA Women's Super League (F),2018/2019,2019-01-13,Brighton & Hove Albion WFC,0-0,Everton LFC,Regular Season,,19784
240,FA Women's Super League (F),2018/2019,2019-01-13,West Ham United LFC,1-3,Manchester City WFC,Regular Season,,19786
241,FA Women's Super League (F),2018/2019,2019-01-13,Yeovil Town LFC,1-2,Liverpool WFC,Regular Season,,19788
242,FA Women's Super League (F),2018/2019,2019-01-27,Bristol City WFC,2-1,Yeovil Town LFC,Regular Season,,19792
243,FA Women's Super League (F),2018/2019,2019-01-27,Chelsea FCW,2-3,Birmingham City WFC,Regular Season,,19789
244,FA Women's Super League (F),2018/2019,2019-01-27,Manchester City WFC,3-0,Brighton & Hove Albion WFC,Regular Season,,19790
245,FA Women's Super League (F),2018/2019,2019-01-27,Reading WFC,0-3,Arsenal WFC,Regular Season,,19791
246,FA Women's Super League (F),2018/2019,2019-01-28,Liverpool WFC,1-0,West Ham United LFC,Regular Season,,19793
247,FA Women's Super League (F),2018/2019,2019-02-10,Bristol City WFC,0-0,Brighton & Hove Albion WFC,Regular Season,,19757
248,FA Women's Super League (F),2018/2019,2019-02-10,Manchester City WFC,2-2,Chelsea FCW,Regular Season,,19755
249,FA Women's Super League (F),2018/2019,2019-02-20,Arsenal WFC,3-0,Yeovil Town LFC,Regular Season,,19797
250,FA Women's Super League (F),2018/2019,2019-02-20,Brighton & Hove Albion WFC,2-1,Birmingham City WFC,Regular Season,,19796
251,FA Women's Super League (F),2018/2019,2019-02-20,Chelsea FCW,6-0,Bristol City WFC,Regular Season,,19794
252,FA Women's Super League (F),2018/2019,2019-02-20,Manchester City WFC,3-1,Everton LFC,Regular Season,,19798
253,FA Women's Super League (F),2018/2019,2019-02-20,Reading WFC,1-2,West Ham United LFC,Regular Season,,19795
254,FA Women's Super League (F),2018/2019,2019-03-13,Liverpool WFC,0-4,Chelsea FCW,Regular Season,,19799
255,FA Women's Super League (F),2018/2019,2019-03-13,Reading WFC,3-4,Manchester City WFC,Regular Season,,19801
256,FA Women's Super League (F),2018/2019,2019-03-13,West Ham United LFC,0-1,Everton LFC,Regular Season,,19803
257,FA Women's Super League (F),2018/2019,2019-03-13,Yeovil Town LFC,1-1,Brighton & Hove Albion WFC,Regular Season,,19802
258,FA Women's Super League (F),2018/2019,2019-03-14,Arsenal WFC,4-0,Bristol City WFC,Regular Season,,19800
259,FA Women's Super League (F),2018/2019,2019-03-24,Bristol City WFC,1-0,Everton LFC,Regular Season,,19729
260,FA Women's Super League (F),2018/2019,2019-03-24,Liverpool WFC,1-5,Arsenal WFC,Regular Season,,19754
261,FA Women's Super League (F),2018/2019,2019-03-31,Birmingham City WFC,0-1,Arsenal WFC,Regular Season,,19804
262,FA Women's Super League (F),2018/2019,2019-03-31,Bristol City WFC,0-1,Reading WFC,Regular Season,,19806
263,FA Women's Super League (F),2018/2019,2019-03-31,Chelsea FCW,1-1,West Ham United LFC,Regular Season,,19805
264,FA Women's Super League (F),2018/2019,2019-03-31,Everton LFC,0-1,Yeovil Town LFC,Regular Season,,19808
265,FA Women's Super League (F),2018/2019,2019-03-31,Manchester City WFC,2-1,Liverpool WFC,Regular Season,,19807
266,FA Women's Super League (F),2018/2019,2019-04-17,Everton LFC,1-3,Birmingham City WFC,Regular Season,,19756
267,FA Women's Super League (F),2018/2019,2019-04-17,Yeovil Town LFC,0-5,Reading WFC,Regular Season,,19758
268,FA Women's Super League (F),2018/2019,2019-04-20,Reading WFC,1-0,Brighton & Hove Albion WFC,Regular Season,,19809
269,FA Women's Super League (F),2018/2019,2019-04-21,Arsenal WFC,2-1,Everton LFC,Regular Season,,19811
270,FA Women's Super League (F),2018/2019,2019-04-21,Liverpool WFC,5-2,Bristol City WFC,Regular Season,,19810
271,FA Women's Super League (F),2018/2019,2019-04-21,West Ham United LFC,1-2,Birmingham City WFC,Regular Season,,19813
272,FA Women's Super League (F),2018/2019,2019-04-28,Birmingham City WFC,2-0,Liverpool WFC,Regular Season,,19816
273,FA Women's Super League (F),2018/2019,2019-04-28,Brighton & Hove Albion WFC,0-4,Arsenal WFC,Regular Season,,19815
274,FA Women's Super League (F),2018/2019,2019-04-28,Bristol City WFC,1-2,West Ham United LFC,Regular Season,,19814
275,FA Women's Super League (F),2018/2019,2019-04-28,Everton LFC,3-2,Reading WFC,Regular Season,,19817
276,FA Women's Super League (F),2018/2019,2019-04-28,Manchester City WFC,2-1,Yeovil Town LFC,Regular Season,,19818
277,FA Women's Super League (F),2018/2019,2019-05-11,Arsenal WFC,1-0,Manchester City WFC,Regular Season,,19821
278,FA Women's Super League (F),2018/2019,2019-05-11,Reading WFC,2-3,Chelsea FCW,Regular Season,,19820
279,FA Women's Super League (F),2018/2019,2019-05-11,West Ham United LFC,0-4,Brighton & Hove Albion WFC,Regular Season,,19819
280,FA Women's Super League (F),2018/2019,2019-05-11,Yeovil Town LFC,0-2,Birmingham City WFC,Regular Season,,19822
281,FA Women's Super League (F),2019/2020,2019-09-07,Bristol City WFC,0-0,Brighton & Hove Albion WFC,Regular Season,,2275061
282,FA Women's Super League (F),2019/2020,2019-09-07,Manchester City WFC,1-0,Manchester United W,Regular Season,,2275136
283,FA Women's Super League (F),2019/2020,2019-09-08,Arsenal WFC,2-1,West Ham United LFC,Regular Season,,2275096
284,FA Women's Super League (F),2019/2020,2019-09-08,Birmingham City WFC,0-1,Everton LFC,Regular Season,,2275120
285,FA Women's Super League (F),2019/2020,2019-09-08,Chelsea FCW,1-0,Tottenham Hotspur Women,Regular Season,,2275132
286,FA Women's Super League (F),2019/2020,2019-09-08,Liverpool WFC,0-1,Reading WFC,Regular Season,,2275099
287,FA Women's Super League (F),2019/2020,2019-09-15,Brighton & Hove Albion WFC,1-1,Chelsea FCW,Regular Season,,2275052
288,FA Women's Super League (F),2019/2020,2019-09-15,Everton LFC,2-0,Bristol City WFC,Regular Season,,2275041
289,FA Women's Super League (F),2019/2020,2019-09-15,Reading WFC,0-2,Manchester City WFC,Regular Season,,2275107
290,FA Women's Super League (F),2019/2020,2019-09-15,Tottenham Hotspur Women,1-0,Liverpool WFC,Regular Season,,2275034
291,FA Women's Super League (F),2019/2020,2019-09-15,West Ham United LFC,1-0,Birmingham City WFC,Regular Season,,2275094
292,FA Women's Super League (F),2019/2020,2019-09-16,Manchester United W,0-1,Arsenal WFC,Regular Season,,2275156
293,FA Women's Super League (F),2019/2020,2019-09-28,Manchester United W,2-0,Liverpool WFC,Regular Season,,2275138
294,FA Women's Super League (F),2019/2020,2019-09-29,Arsenal WFC,4-0,Brighton & Hove Albion WFC,Regular Season,,2275121
295,FA Women's Super League (F),2019/2020,2019-09-29,Bristol City WFC,0-4,Chelsea FCW,Regular Season,,2275108
296,FA Women's Super League (F),2019/2020,2019-09-29,Everton LFC,0-1,Manchester City WFC,Regular Season,,2275131
297,FA Women's Super League (F),2019/2020,2019-09-29,West Ham United LFC,0-2,Tottenham Hotspur Women,Regular Season,,2275048
298,FA Women's Super League (F),2019/2020,2019-10-12,Manchester City WFC,3-0,Birmingham City WFC,Regular Season,,2275028
299,FA Women's Super League (F),2019/2020,2019-10-13,Brighton & Hove Albion WFC,1-3,West Ham United LFC,Regular Season,,2275040
300,FA Women's Super League (F),2019/2020,2019-10-13,Chelsea FCW,2-1,Arsenal WFC,Regular Season,,2275063
301,FA Women's Super League (F),2019/2020,2019-10-13,Liverpool WFC,1-1,Bristol City WFC,Regular Season,,2275070
302,FA Women's Super League (F),2019/2020,2019-10-13,Reading WFC,3-2,Everton LFC,Regular Season,,2275127
303,FA Women's Super League (F),2019/2020,2019-10-13,Tottenham Hotspur Women,0-3,Manchester United W,Regular Season,,2275139
304,FA Women's Super League (F),2019/2020,2019-10-27,Arsenal WFC,1-0,Manchester City WFC,Regular Season,,2275044
305,FA Women's Super League (F),2019/2020,2019-10-27,Birmingham City WFC,2-0,Liverpool WFC,Regular Season,,2275110
306,FA Women's Super League (F),2019/2020,2019-10-27,Bristol City WFC,1-2,Tottenham Hotspur Women,Regular Season,,2275033
307,FA Women's Super League (F),2019/2020,2019-10-27,Everton LFC,2-0,Brighton & Hove Albion WFC,Regular Season,,2275051
308,FA Women's Super League (F),2019/2020,2019-10-27,Manchester United W,2-0,Reading WFC,Regular Season,,2275157
309,FA Women's Super League (F),2019/2020,2019-10-27,West Ham United LFC,1-3,Chelsea FCW,Regular Season,,2275084
310,FA Women's Super League (F),2019/2020,2019-11-17,Brighton & Hove Albion WFC,3-0,Birmingham City WFC,Regular Season,,2275065
311,FA Women's Super League (F),2019/2020,2019-11-17,Chelsea FCW,1-0,Manchester United W,Regular Season,,2275154
312,FA Women's Super League (F),2019/2020,2019-11-17,Liverpool WFC,0-1,Everton LFC,Regular Season,,2275056
313,FA Women's Super League (F),2019/2020,2019-11-17,Manchester City WFC,5-0,West Ham United LFC,Regular Season,,2275042
314,FA Women's Super League (F),2019/2020,2019-11-17,Reading WFC,3-3,Bristol City WFC,Regular Season,,2275122
315,FA Women's Super League (F),2019/2020,2019-11-17,Tottenham Hotspur Women,0-2,Arsenal WFC,Regular Season,,2275082
316,FA Women's Super League (F),2019/2020,2019-11-24,Arsenal WFC,1-0,Liverpool WFC,Regular Season,,2275079
317,FA Women's Super League (F),2019/2020,2019-11-24,Birmingham City WFC,0-6,Chelsea FCW,Regular Season,,2275093
318,FA Women's Super League (F),2019/2020,2019-11-24,Bristol City WFC,0-5,Manchester City WFC,Regular Season,,2275026
319,FA Women's Super League (F),2019/2020,2019-11-24,Everton LFC,3-1,Tottenham Hotspur Women,Regular Season,,2275126
320,FA Women's Super League (F),2019/2020,2019-11-24,Manchester United W,4-0,Brighton & Hove Albion WFC,Regular Season,,2275140
321,FA Women's Super League (F),2019/2020,2019-11-24,West Ham United LFC,2-3,Reading WFC,Regular Season,,2275049
322,FA Women's Super League (F),2019/2020,2019-11-29,Brighton & Hove Albion WFC,2-2,Reading WFC,Regular Season,,2275102
323,FA Women's Super League (F),2019/2020,2019-12-01,Arsenal WFC,11-1,Bristol City WFC,Regular Season,,2275104
324,FA Women's Super League (F),2019/2020,2019-12-01,Manchester City WFC,1-0,Liverpool WFC,Regular Season,,2275116
325,FA Women's Super League (F),2019/2020,2019-12-01,West Ham United LFC,3-2,Manchester United W,Regular Season,,2275150
326,FA Women's Super League (F),2019/2020,2019-12-04,Birmingham City WFC,1-1,Tottenham Hotspur Women,Regular Season,,2275109
327,FA Women's Super League (F),2019/2020,2019-12-08,Bristol City WFC,0-2,Birmingham City WFC,Regular Season,,2275088
328,FA Women's Super League (F),2019/2020,2019-12-08,Chelsea FCW,2-1,Manchester City WFC,Regular Season,,2275130
329,FA Women's Super League (F),2019/2020,2019-12-08,Liverpool WFC,1-1,West Ham United LFC,Regular Season,,2275103
330,FA Women's Super League (F),2019/2020,2019-12-08,Manchester United W,3-1,Everton LFC,Regular Season,,2275146
331,FA Women's Super League (F),2019/2020,2019-12-08,Reading WFC,0-3,Arsenal WFC,Regular Season,,2275086
332,FA Women's Super League (F),2019/2020,2019-12-08,Tottenham Hotspur Women,1-0,Brighton & Hove Albion WFC,Regular Season,,2275091
333,FA Women's Super League (F),2019/2020,2019-12-15,Everton LFC,1-3,Arsenal WFC,Regular Season,,2275117
334,FA Women's Super League (F),2019/2020,2019-12-15,Liverpool WFC,1-1,Chelsea FCW,Regular Season,,2275045
335,FA Women's Super League (F),2019/2020,2019-12-15,Manchester City WFC,5-0,Brighton & Hove Albion WFC,Regular Season,,2275097
336,FA Women's Super League (F),2019/2020,2019-12-15,Reading WFC,3-1,Tottenham Hotspur Women,Regular Season,,2275075
337,FA Women's Super League (F),2019/2020,2020-01-05,Arsenal WFC,2-0,Birmingham City WFC,Regular Season,,2275089
338,FA Women's Super League (F),2019/2020,2020-01-05,Brighton & Hove Albion WFC,1-0,Liverpool WFC,Regular Season,,2275054
339,FA Women's Super League (F),2019/2020,2020-01-05,Chelsea FCW,3-1,Reading WFC,Regular Season,,2275072
340,FA Women's Super League (F),2019/2020,2020-01-05,Manchester United W,0-1,Bristol City WFC,Regular Season,,2275142
341,FA Women's Super League (F),2019/2020,2020-01-05,Tottenham Hotspur Women,1-4,Manchester City WFC,Regular Season,,2275085
342,FA Women's Super League (F),2019/2020,2020-01-11,Manchester City WFC,3-1,Everton LFC,Regular Season,,2275078
343,FA Women's Super League (F),2019/2020,2020-01-12,Brighton & Hove Albion WFC,0-4,Arsenal WFC,Regular Season,,2275098
344,FA Women's Super League (F),2019/2020,2020-01-12,Chelsea FCW,6-1,Bristol City WFC,Regular Season,,2275080
345,FA Women's Super League (F),2019/2020,2020-01-12,Reading WFC,1-0,Birmingham City WFC,Regular Season,,2275050
346,FA Women's Super League (F),2019/2020,2020-01-12,Tottenham Hotspur Women,2-1,West Ham United LFC,Regular Season,,2275077
347,FA Women's Super League (F),2019/2020,2020-01-19,Arsenal WFC,1-4,Chelsea FCW,Regular Season,,2275090
348,FA Women's Super League (F),2019/2020,2020-01-19,Birmingham City WFC,0-2,Manchester City WFC,Regular Season,,2275092
349,FA Women's Super League (F),2019/2020,2020-01-19,Bristol City WFC,0-1,Liverpool WFC,Regular Season,,2275029
350,FA Women's Super League (F),2019/2020,2020-01-19,Everton LFC,3-1,Reading WFC,Regular Season,,2275036
351,FA Women's Super League (F),2019/2020,2020-01-19,Manchester United W,3-0,Tottenham Hotspur Women,Regular Season,,2275137
352,FA Women's Super League (F),2019/2020,2020-01-19,West Ham United LFC,2-1,Brighton & Hove Albion WFC,Regular Season,,2275113
353,FA Women's Super League (F),2019/2020,2020-02-02,Brighton & Hove Albion WFC,1-0,Everton LFC,Regular Season,,2275027
354,FA Women's Super League (F),2019/2020,2020-02-02,Chelsea FCW,8-0,West Ham United LFC,Regular Season,,2275057
355,FA Women's Super League (F),2019/2020,2020-02-02,Manchester City WFC,2-1,Arsenal WFC,Regular Season,,2275037
356,FA Women's Super League (F),2019/2020,2020-02-02,Reading WFC,1-1,Manchester United W,Regular Season,,2275153
357,FA Women's Super League (F),2019/2020,2020-02-12,Brighton & Hove Albion WFC,1-1,Manchester United W,Regular Season,,2275151
358,FA Women's Super League (F),2019/2020,2020-02-12,Chelsea FCW,2-0,Birmingham City WFC,Regular Season,,2275074
359,FA Women's Super League (F),2019/2020,2020-02-12,Manchester City WFC,1-0,Bristol City WFC,Regular Season,,2275106
360,FA Women's Super League (F),2019/2020,2020-02-12,Reading WFC,2-0,West Ham United LFC,Regular Season,,2275038
361,FA Women's Super League (F),2019/2020,2020-02-12,Tottenham Hotspur Women,2-2,Everton LFC,Regular Season,,2275073
362,FA Women's Super League (F),2019/2020,2020-02-13,Liverpool WFC,2-3,Arsenal WFC,Regular Season,,2275062
363,FA Women's Super League (F),2019/2020,2020-02-23,Birmingham City WFC,0-1,Bristol City WFC,Regular Season,,2275083
364,FA Women's Super League (F),2019/2020,2020-02-23,Brighton & Hove Albion WFC,0-1,Tottenham Hotspur Women,Regular Season,,2275030
365,FA Women's Super League (F),2019/2020,2020-02-23,Everton LFC,2-3,Manchester United W,Regular Season,,2275144
366,FA Women's Super League (F),2019/2020,2020-02-23,Manchester City WFC,3-3,Chelsea FCW,Regular Season,,2275105
367,FA Women's Super League (F),2019/2020,2020-02-23,West Ham United LFC,4-2,Liverpool WFC,Regular Season,,2275133
368,FA Women's Super League (F),2020/2021,2020-09-05,Aston Villa W,0-2,Manchester City WFC,Regular Season,,3764234
369,FA Women's Super League (F),2020/2021,2020-09-06,Arsenal WFC,6-1,Reading WFC,Regular Season,,3764233
370,FA Women's Super League (F),2020/2021,2020-09-06,Brighton & Hove Albion WFC,2-0,Birmingham City WFC,Regular Season,,3764231
371,FA Women's Super League (F),2020/2021,2020-09-06,Bristol City WFC,0-4,Everton LFC,Regular Season,,3764240
372,FA Women's Super League (F),2020/2021,2020-09-06,Manchester United W,1-1,Chelsea FCW,Regular Season,,3764232
373,FA Women's Super League (F),2020/2021,2020-09-06,Tottenham Hotspur Women,1-1,West Ham United LFC,Regular Season,,3764230
374,FA Women's Super League (F),2020/2021,2020-09-12,West Ham United LFC,1-9,Arsenal WFC,Regular Season,,3764238
375,FA Women's Super League (F),2020/2021,2020-09-13,Birmingham City WFC,2-5,Manchester United W,Regular Season,,3764237
376,FA Women's Super League (F),2020/2021,2020-09-13,Chelsea FCW,9-0,Bristol City WFC,Regular Season,,3764235
377,FA Women's Super League (F),2020/2021,2020-09-13,Everton LFC,1-0,Tottenham Hotspur Women,Regular Season,,3764239
378,FA Women's Super League (F),2020/2021,2020-09-13,Manchester City WFC,0-0,Brighton & Hove Albion WFC,Regular Season,,3764241
379,FA Women's Super League (F),2020/2021,2020-09-13,Reading WFC,3-1,Aston Villa W,Regular Season,,3764236
380,FA Women's Super League (F),2020/2021,2020-10-03,Aston Villa W,0-6,Everton LFC,Regular Season,,3775575
381,FA Women's Super League (F),2020/2021,2020-10-04,Arsenal WFC,3-1,Bristol City WFC,Regular Season,,3775657
382,FA Women's Super League (F),2020/2021,2020-10-04,Birmingham City WFC,0-1,Chelsea FCW,Regular Season,,3775572
383,FA Women's Super League (F),2020/2021,2020-10-04,Manchester City WFC,4-1,Tottenham Hotspur Women,Regular Season,,3775545
384,FA Women's Super League (F),2020/2021,2020-10-04,Manchester United W,3-0,Brighton & Hove Albion WFC,Regular Season,,3775562
385,FA Women's Super League (F),2020/2021,2020-10-04,West Ham United LFC,0-1,Reading WFC,Regular Season,,3775602
386,FA Women's Super League (F),2020/2021,2020-10-10,Tottenham Hotspur Women,0-1,Manchester United W,Regular Season,,3775644
387,FA Women's Super League (F),2020/2021,2020-10-11,Brighton & Hove Albion WFC,0-5,Arsenal WFC,Regular Season,,3775543
388,FA Women's Super League (F),2020/2021,2020-10-11,Chelsea FCW,3-1,Manchester City WFC,Regular Season,,3775611
389,FA Women's Super League (F),2020/2021,2020-10-11,Everton LFC,3-1,West Ham United LFC,Regular Season,,3775620
390,FA Women's Super League (F),2020/2021,2020-10-11,Reading WFC,0-1,Birmingham City WFC,Regular Season,,3775618
391,FA Women's Super League (F),2020/2021,2020-10-18,Arsenal WFC,6-1,Tottenham Hotspur Women,Regular Season,,3775586
392,FA Women's Super League (F),2020/2021,2020-10-18,Bristol City WFC,0-4,Birmingham City WFC,Regular Season,,3775636
393,FA Women's Super League (F),2020/2021,2020-10-18,Everton LFC,2-2,Brighton & Hove Albion WFC,Regular Season,,3775582
394,FA Women's Super League (F),2020/2021,2020-10-18,Reading WFC,1-1,Manchester City WFC,Regular Season,,3775659
395,FA Women's Super League (F),2020/2021,2020-10-18,West Ham United LFC,2-4,Manchester United W,Regular Season,,3775561
396,FA Women's Super League (F),2020/2021,2020-11-07,Manchester City WFC,8-1,Bristol City WFC,Regular Season,,3775625
397,FA Women's Super League (F),2020/2021,2020-11-07,Tottenham Hotspur Women,1-1,Reading WFC,Regular Season,,3775592
398,FA Women's Super League (F),2020/2021,2020-11-08,Birmingham City WFC,1-2,West Ham United LFC,Regular Season,,3775553
399,FA Women's Super League (F),2020/2021,2020-11-08,Brighton & Hove Albion WFC,0-2,Aston Villa W,Regular Season,,3775556
400,FA Women's Super League (F),2020/2021,2020-11-08,Chelsea FCW,4-0,Everton LFC,Regular Season,,3775645
401,FA Women's Super League (F),2020/2021,2020-11-08,Manchester United W,1-0,Arsenal WFC,Regular Season,,3775551
402,FA Women's Super League (F),2020/2021,2020-11-14,Aston Villa W,0-1,Birmingham City WFC,Regular Season,,3775641
403,FA Women's Super League (F),2020/2021,2020-11-14,Bristol City WFC,2-2,Tottenham Hotspur Women,Regular Season,,3775631
404,FA Women's Super League (F),2020/2021,2020-11-14,Everton LFC,1-1,Reading WFC,Regular Season,,3775554
405,FA Women's Super League (F),2020/2021,2020-11-14,Manchester United W,2-2,Manchester City WFC,Regular Season,,3775624
406,FA Women's Super League (F),2020/2021,2020-11-15,Arsenal WFC,1-1,Chelsea FCW,Regular Season,,3775627
407,FA Women's Super League (F),2020/2021,2020-11-15,West Ham United LFC,0-1,Brighton & Hove Albion WFC,Regular Season,,3775623
408,FA Women's Super League (F),2020/2021,2020-12-05,Aston Villa W,0-2,Manchester United W,Regular Season,,3775566
409,FA Women's Super League (F),2020/2021,2020-12-06,Arsenal WFC,3-0,Birmingham City WFC,Regular Season,,3775584
410,FA Women's Super League (F),2020/2021,2020-12-06,Chelsea FCW,3-2,West Ham United LFC,Regular Season,,3775650
411,FA Women's Super League (F),2020/2021,2020-12-06,Everton LFC,0-3,Manchester City WFC,Regular Season,,3775632
412,FA Women's Super League (F),2020/2021,2020-12-06,Reading WFC,1-1,Bristol City WFC,Regular Season,,3775621
413,FA Women's Super League (F),2020/2021,2020-12-06,Tottenham Hotspur Women,3-1,Brighton & Hove Albion WFC,Regular Season,,3775588
414,FA Women's Super League (F),2020/2021,2020-12-09,Bristol City WFC,0-4,Aston Villa W,Regular Season,,3775637
415,FA Women's Super League (F),2020/2021,2020-12-13,Brighton & Hove Albion WFC,0-1,Chelsea FCW,Regular Season,,3775580
416,FA Women's Super League (F),2020/2021,2020-12-13,Bristol City WFC,0-4,West Ham United LFC,Regular Season,,3775616
417,FA Women's Super League (F),2020/2021,2020-12-13,Manchester City WFC,2-1,Arsenal WFC,Regular Season,,3775583
418,FA Women's Super League (F),2020/2021,2020-12-13,Reading WFC,1-2,Manchester United W,Regular Season,,3775558
419,FA Women's Super League (F),2020/2021,2020-12-13,Tottenham Hotspur Women,3-1,Aston Villa W,Regular Season,,3775615
420,FA Women's Super League (F),2020/2021,2020-12-20,Arsenal WFC,4-0,Everton LFC,Regular Season,,3775559
421,FA Women's Super League (F),2020/2021,2020-12-20,Brighton & Hove Albion WFC,1-3,Reading WFC,Regular Season,,3775619
422,FA Women's Super League (F),2020/2021,2020-12-20,Manchester United W,6-1,Bristol City WFC,Regular Season,,3775610
423,FA Women's Super League (F),2020/2021,2021-01-10,Reading WFC,0-5,Chelsea FCW,Regular Season,,3775606
424,FA Women's Super League (F),2020/2021,2021-01-17,Birmingham City WFC,0-0,Brighton & Hove Albion WFC,Regular Season,,3775647
425,FA Women's Super League (F),2020/2021,2021-01-17,Chelsea FCW,2-1,Manchester United W,Regular Season,,3775567
426,FA Women's Super League (F),2020/2021,2021-01-17,Everton LFC,4-0,Bristol City WFC,Regular Season,,3775542
427,FA Women's Super League (F),2020/2021,2021-01-17,Manchester City WFC,7-0,Aston Villa W,Regular Season,,3775626
428,FA Women's Super League (F),2020/2021,2021-01-17,Reading WFC,1-1,Arsenal WFC,Regular Season,,3775589
429,FA Women's Super League (F),2020/2021,2021-01-17,West Ham United LFC,0-1,Tottenham Hotspur Women,Regular Season,,3775608
430,FA Women's Super League (F),2020/2021,2021-01-23,Aston Villa W,2-2,Reading WFC,Regular Season,,3775571
431,FA Women's Super League (F),2020/2021,2021-01-24,Brighton & Hove Albion WFC,1-7,Manchester City WFC,Regular Season,,3775629
432,FA Women's Super League (F),2020/2021,2021-01-24,Manchester United W,2-0,Birmingham City WFC,Regular Season,,3775594
433,FA Women's Super League (F),2020/2021,2021-01-27,Aston Villa W,0-4,Chelsea FCW,Regular Season,,3775646
434,FA Women's Super League (F),2020/2021,2021-01-30,Bristol City WFC,3-0,Brighton & Hove Albion WFC,Regular Season,,3775595
435,FA Women's Super League (F),2020/2021,2021-01-31,Chelsea FCW,4-0,Tottenham Hotspur Women,Regular Season,,3775605
436,FA Women's Super League (F),2020/2021,2021-01-31,Everton LFC,0-2,Manchester United W,Regular Season,,3775587
437,FA Women's Super League (F),2020/2021,2021-01-31,Manchester City WFC,4-0,West Ham United LFC,Regular Season,,3775651
438,FA Women's Super League (F),2020/2021,2021-02-06,Aston Villa W,1-0,Tottenham Hotspur Women,Regular Season,,3775633
439,FA Women's Super League (F),2020/2021,2021-02-07,Arsenal WFC,1-2,Manchester City WFC,Regular Season,,3775600
440,FA Women's Super League (F),2020/2021,2021-02-07,Chelsea FCW,1-2,Brighton & Hove Albion WFC,Regular Season,,3775652
441,FA Women's Super League (F),2020/2021,2021-02-07,Everton LFC,1-1,Birmingham City WFC,Regular Season,,3775590
442,FA Women's Super League (F),2020/2021,2021-02-07,Manchester United W,0-2,Reading WFC,Regular Season,,3775640
443,FA Women's Super League (F),2020/2021,2021-02-07,West Ham United LFC,1-1,Bristol City WFC,Regular Season,,3775655
444,FA Women's Super League (F),2020/2021,2021-02-10,Brighton & Hove Albion WFC,1-0,West Ham United LFC,Regular Season,,3775603
445,FA Women's Super League (F),2020/2021,2021-02-10,Chelsea FCW,3-0,Arsenal WFC,Regular Season,,3775548
446,FA Women's Super League (F),2020/2021,2021-02-12,Manchester City WFC,3-0,Manchester United W,Regular Season,,3775658
447,FA Women's Super League (F),2020/2021,2021-02-14,Bristol City WFC,0-5,Chelsea FCW,Regular Season,,3775614
448,FA Women's Super League (F),2020/2021,2021-02-14,Reading WFC,1-1,Everton LFC,Regular Season,,3775578
449,FA Women's Super League (F),2020/2021,2021-02-28,Aston Villa W,0-4,Arsenal WFC,Regular Season,,3775648
450,FA Women's Super League (F),2020/2021,2021-02-28,Birmingham City WFC,0-4,Manchester City WFC,Regular Season,,3775547
451,FA Women's Super League (F),2020/2021,2021-02-28,Tottenham Hotspur Women,2-3,Everton LFC,Regular Season,,3775552
452,FA Women's Super League (F),2020/2021,2021-03-07,Birmingham City WFC,0-4,Arsenal WFC,Regular Season,,3775630
453,FA Women's Super League (F),2020/2021,2021-03-07,Brighton & Hove Albion WFC,2-0,Tottenham Hotspur Women,Regular Season,,3775638
454,FA Women's Super League (F),2020/2021,2021-03-07,Manchester City WFC,1-0,Everton LFC,Regular Season,,3775639
455,FA Women's Super League (F),2020/2021,2021-03-07,Manchester United W,3-0,Aston Villa W,Regular Season,,3775541
456,FA Women's Super League (F),2020/2021,2021-03-07,West Ham United LFC,0-2,Chelsea FCW,Regular Season,,3775591
457,FA Women's Super League (F),2020/2021,2021-03-08,Bristol City WFC,3-2,Reading WFC,Regular Season,,3775607
458,FA Women's Super League (F),2020/2021,2021-03-11,Birmingham City WFC,0-4,Everton LFC,Regular Season,,3775653
459,FA Women's Super League (F),2020/2021,2021-03-14,Reading WFC,0-0,Tottenham Hotspur Women,Regular Season,,3775598
460,FA Women's Super League (F),2020/2021,2021-03-17,Aston Villa W,0-2,Brighton & Hove Albion WFC,Regular Season,,3775642
461,FA Women's Super League (F),2020/2021,2021-03-17,Bristol City WFC,0-3,Manchester City WFC,Regular Season,,3775596
462,FA Women's Super League (F),2020/2021,2021-03-17,Everton LFC,0-3,Chelsea FCW,Regular Season,,3775550
463,FA Women's Super League (F),2020/2021,2021-03-17,West Ham United LFC,2-2,Birmingham City WFC,Regular Season,,3775643
464,FA Women's Super League (F),2020/2021,2021-03-19,Arsenal WFC,2-0,Manchester United W,Regular Season,,3775597
465,FA Women's Super League (F),2020/2021,2021-03-21,Tottenham Hotspur Women,1-1,Bristol City WFC,Regular Season,,3775546
466,FA Women's Super League (F),2020/2021,2021-03-27,Manchester City WFC,1-0,Reading WFC,Regular Season,,3775564
467,FA Women's Super League (F),2020/2021,2021-03-27,Manchester United W,2-0,West Ham United LFC,Regular Season,,3775628
468,FA Women's Super League (F),2020/2021,2021-03-27,Tottenham Hotspur Women,0-3,Arsenal WFC,Regular Season,,3775613
469,FA Women's Super League (F),2020/2021,2021-03-28,Birmingham City WFC,1-1,Bristol City WFC,Regular Season,,3775654
470,FA Women's Super League (F),2020/2021,2021-03-28,Brighton & Hove Albion WFC,0-5,Everton LFC,Regular Season,,3775570
471,FA Women's Super League (F),2020/2021,2021-03-28,Chelsea FCW,2-0,Aston Villa W,Regular Season,,3775581
472,FA Women's Super League (F),2020/2021,2021-04-03,Reading WFC,0-5,West Ham United LFC,Regular Season,,3775649
473,FA Women's Super League (F),2020/2021,2021-04-04,Brighton & Hove Albion WFC,1-0,Manchester United W,Regular Season,,3775617
474,FA Women's Super League (F),2020/2021,2021-04-04,Bristol City WFC,0-4,Arsenal WFC,Regular Season,,3775569
475,FA Women's Super League (F),2020/2021,2021-04-04,Chelsea FCW,6-0,Birmingham City WFC,Regular Season,,3775565
476,FA Women's Super League (F),2020/2021,2021-04-04,Everton LFC,3-1,Aston Villa W,Regular Season,,3775634
477,FA Women's Super League (F),2020/2021,2021-04-04,Tottenham Hotspur Women,0-3,Manchester City WFC,Regular Season,,3775604
478,FA Women's Super League (F),2020/2021,2021-04-20,West Ham United LFC,0-0,Aston Villa W,Regular Season,,3775599
479,FA Women's Super League (F),2020/2021,2021-04-21,Manchester City WFC,2-2,Chelsea FCW,Regular Season,,3775576
480,FA Women's Super League (F),2020/2021,2021-04-24,Aston Villa W,2-2,Bristol City WFC,Regular Season,,3775540
481,FA Women's Super League (F),2020/2021,2021-04-25,Arsenal WFC,2-0,Brighton & Hove Albion WFC,Regular Season,,3775557
482,FA Women's Super League (F),2020/2021,2021-04-25,Birmingham City WFC,1-1,Reading WFC,Regular Season,,3775612
483,FA Women's Super League (F),2020/2021,2021-04-25,Manchester United W,4-1,Tottenham Hotspur Women,Regular Season,,3775622
484,FA Women's Super League (F),2020/2021,2021-04-25,West Ham United LFC,0-0,Everton LFC,Regular Season,,3775635
485,FA Women's Super League (F),2020/2021,2021-04-28,Arsenal WFC,2-0,West Ham United LFC,Regular Season,,3775609
486,FA Women's Super League (F),2020/2021,2021-04-28,Birmingham City WFC,1-1,Aston Villa W,Regular Season,,3775568
487,FA Women's Super League (F),2020/2021,2021-05-02,Aston Villa W,0-0,West Ham United LFC,Regular Season,,3775544
488,FA Women's Super League (F),2020/2021,2021-05-02,Bristol City WFC,0-1,Manchester United W,Regular Season,,3775601
489,FA Women's Super League (F),2020/2021,2021-05-02,Everton LFC,1-2,Arsenal WFC,Regular Season,,3775577
490,FA Women's Super League (F),2020/2021,2021-05-02,Manchester City WFC,4-0,Birmingham City WFC,Regular Season,,3775574
491,FA Women's Super League (F),2020/2021,2021-05-02,Reading WFC,3-2,Brighton & Hove Albion WFC,Regular Season,,3775579
492,FA Women's Super League (F),2020/2021,2021-05-05,Tottenham Hotspur Women,0-2,Chelsea FCW,Regular Season,,3775555
493,FA Women's Super League (F),2020/2021,2021-05-09,Arsenal WFC,0-0,Aston Villa W,Regular Season,,3775560
494,FA Women's Super League (F),2020/2021,2021-05-09,Birmingham City WFC,0-1,Tottenham Hotspur Women,Regular Season,,3775549
495,FA Women's Super League (F),2020/2021,2021-05-09,Brighton & Hove Albion WFC,3-1,Bristol City WFC,Regular Season,,3775585
496,FA Women's Super League (F),2020/2021,2021-05-09,Chelsea FCW,5-0,Reading WFC,Regular Season,,3775593
497,FA Women's Super League (F),2020/2021,2021-05-09,Manchester United W,2-0,Everton LFC,Regular Season,,3775563
498,FA Women's Super League (F),2020/2021,2021-05-09,West Ham United LFC,0-1,Manchester City WFC,Regular Season,,3775573
499,FA Women's Super League (F),2023/2024,2023-10-01,Arsenal WFC,0-1,Liverpool WFC,Regular Season,,3912595
500,FA Women's Super League (F),2023/2024,2023-10-01,Aston Villa W,1-2,Manchester United W,Regular Season,,3912592
501,FA Women's Super League (F),2023/2024,2023-10-01,Bristol City WFC,2-4,Leicester City WFC,Regular Season,,3912594
502,FA Women's Super League (F),2023/2024,2023-10-01,Chelsea FCW,2-1,Tottenham Hotspur Women,Regular Season,,3912597
503,FA Women's Super League (F),2023/2024,2023-10-01,Everton LFC,1-2,Brighton & Hove Albion WFC,Regular Season,,3912596
504,FA Women's Super League (F),2023/2024,2023-10-01,West Ham United LFC,0-2,Manchester City WFC,Regular Season,,3912593
505,FA Women's Super League (F),2023/2024,2023-10-06,Manchester United W,2-2,Arsenal WFC,Regular Season,,3912598
506,FA Women's Super League (F),2023/2024,2023-10-08,Brighton & Hove Albion WFC,0-2,West Ham United LFC,Regular Season,,3912599
507,FA Women's Super League (F),2023/2024,2023-10-08,Leicester City WFC,1-0,Everton LFC,Regular Season,,3912602
508,FA Women's Super League (F),2023/2024,2023-10-08,Liverpool WFC,2-0,Aston Villa W,Regular Season,,3912603
509,FA Women's Super League (F),2023/2024,2023-10-08,Manchester City WFC,1-1,Chelsea FCW,Regular Season,,3912600
510,FA Women's Super League (F),2023/2024,2023-10-08,Tottenham Hotspur Women,3-1,Bristol City WFC,Regular Season,,3912601
511,FA Women's Super League (F),2023/2024,2023-10-14,Chelsea FCW,2-0,West Ham United LFC,Regular Season,,3913069
512,FA Women's Super League (F),2023/2024,2023-10-15,Arsenal WFC,2-1,Aston Villa W,Regular Season,,3913073
513,FA Women's Super League (F),2023/2024,2023-10-15,Brighton & Hove Albion WFC,1-3,Tottenham Hotspur Women,Regular Season,,3913074
514,FA Women's Super League (F),2023/2024,2023-10-15,Liverpool WFC,0-1,Everton LFC,Regular Season,,3913070
515,FA Women's Super League (F),2023/2024,2023-10-15,Manchester City WFC,5-0,Bristol City WFC,Regular Season,,3913072
516,FA Women's Super League (F),2023/2024,2023-10-15,Manchester United W,1-1,Leicester City WFC,Regular Season,,3913071
517,FA Women's Super League (F),2023/2024,2023-10-21,Aston Villa W,2-4,Tottenham Hotspur Women,Regular Season,,3913075
518,FA Women's Super League (F),2023/2024,2023-10-21,Leicester City WFC,0-1,Manchester City WFC,Regular Season,,3913076
519,FA Women's Super League (F),2023/2024,2023-10-22,Bristol City WFC,1-2,Arsenal WFC,Regular Season,,3913079
520,FA Women's Super League (F),2023/2024,2023-10-22,Chelsea FCW,4-2,Brighton & Hove Albion WFC,Regular Season,,3913077
521,FA Women's Super League (F),2023/2024,2023-10-22,Everton LFC,0-5,Manchester United W,Regular Season,,3913078
522,FA Women's Super League (F),2023/2024,2023-10-22,West Ham United LFC,1-1,Liverpool WFC,Regular Season,,3913080
523,FA Women's Super League (F),2023/2024,2023-11-04,Aston Villa W,0-6,Chelsea FCW,Regular Season,,3913081
524,FA Women's Super League (F),2023/2024,2023-11-05,Arsenal WFC,2-1,Manchester City WFC,Regular Season,,3913083
525,FA Women's Super League (F),2023/2024,2023-11-05,Brighton & Hove Albion WFC,2-2,Manchester United W,Regular Season,,3913082
526,FA Women's Super League (F),2023/2024,2023-11-05,Liverpool WFC,2-1,Leicester City WFC,Regular Season,,3913084
527,FA Women's Super League (F),2023/2024,2023-11-05,Tottenham Hotspur Women,1-1,Everton LFC,Regular Season,,3913085
528,FA Women's Super League (F),2023/2024,2023-11-05,West Ham United LFC,2-3,Bristol City WFC,Regular Season,,3913086
529,FA Women's Super League (F),2023/2024,2023-11-12,Bristol City WFC,0-2,Aston Villa W,Regular Season,,3913087
530,FA Women's Super League (F),2023/2024,2023-11-12,Everton LFC,0-3,Chelsea FCW,Regular Season,,3913089
531,FA Women's Super League (F),2023/2024,2023-11-12,Leicester City WFC,2-6,Arsenal WFC,Regular Season,,3913091
532,FA Women's Super League (F),2023/2024,2023-11-12,Manchester City WFC,0-1,Brighton & Hove Albion WFC,Regular Season,,3913088
533,FA Women's Super League (F),2023/2024,2023-11-12,Manchester United W,5-0,West Ham United LFC,Regular Season,,3913090
534,FA Women's Super League (F),2023/2024,2023-11-12,Tottenham Hotspur Women,1-1,Liverpool WFC,Regular Season,,3913092
535,FA Women's Super League (F),2023/2024,2023-11-18,Chelsea FCW,5-1,Liverpool WFC,Regular Season,,3913093
536,FA Women's Super League (F),2023/2024,2023-11-19,Brighton & Hove Albion WFC,0-3,Arsenal WFC,Regular Season,,3913097
537,FA Women's Super League (F),2023/2024,2023-11-19,Everton LFC,2-2,Bristol City WFC,Regular Season,,3913094
538,FA Women's Super League (F),2023/2024,2023-11-19,Leicester City WFC,1-1,Tottenham Hotspur Women,Regular Season,,3913095
539,FA Women's Super League (F),2023/2024,2023-11-19,Manchester United W,1-3,Manchester City WFC,Regular Season,,3913098
540,FA Women's Super League (F),2023/2024,2023-11-19,West Ham United LFC,2-3,Aston Villa W,Regular Season,,3913096
541,FA Women's Super League (F),2023/2024,2023-11-26,Arsenal WFC,3-0,West Ham United LFC,Regular Season,,3913101
542,FA Women's Super League (F),2023/2024,2023-11-26,Aston Villa W,1-2,Everton LFC,Regular Season,,3913100
543,FA Women's Super League (F),2023/2024,2023-11-26,Bristol City WFC,0-2,Manchester United W,Regular Season,,3913104
544,FA Women's Super League (F),2023/2024,2023-11-26,Chelsea FCW,5-2,Leicester City WFC,Regular Season,,3913103
545,FA Women's Super League (F),2023/2024,2023-11-26,Liverpool WFC,4-0,Brighton & Hove Albion WFC,Regular Season,,3913099
546,FA Women's Super League (F),2023/2024,2023-11-26,Manchester City WFC,7-0,Tottenham Hotspur Women,Regular Season,,3913102
547,FA Women's Super League (F),2023/2024,2023-12-09,Manchester City WFC,2-1,Aston Villa W,Regular Season,,3913107
548,FA Women's Super League (F),2023/2024,2023-12-10,Arsenal WFC,4-1,Chelsea FCW,Regular Season,,3913105
549,FA Women's Super League (F),2023/2024,2023-12-10,Brighton & Hove Albion WFC,2-2,Leicester City WFC,Regular Season,,3913106
550,FA Women's Super League (F),2023/2024,2023-12-10,Liverpool WFC,1-1,Bristol City WFC,Regular Season,,3913108
551,FA Women's Super League (F),2023/2024,2023-12-10,Tottenham Hotspur Women,0-4,Manchester United W,Regular Season,,3913109
552,FA Women's Super League (F),2023/2024,2023-12-10,West Ham United LFC,0-1,Everton LFC,Regular Season,,3913110
553,FA Women's Super League (F),2023/2024,2023-12-16,Tottenham Hotspur Women,1-0,Arsenal WFC,Regular Season,,3913113
554,FA Women's Super League (F),2023/2024,2023-12-17,Aston Villa W,1-0,Brighton & Hove Albion WFC,Regular Season,,3913115
555,FA Women's Super League (F),2023/2024,2023-12-17,Bristol City WFC,0-3,Chelsea FCW,Regular Season,,3913112
556,FA Women's Super League (F),2023/2024,2023-12-17,Everton LFC,1-4,Manchester City WFC,Regular Season,,3913116
557,FA Women's Super League (F),2023/2024,2023-12-17,Leicester City WFC,1-1,West Ham United LFC,Regular Season,,3913114
558,FA Women's Super League (F),2023/2024,2023-12-17,Manchester United W,1-2,Liverpool WFC,Regular Season,,3913111
559,FA Women's Super League (F),2023/2024,2024-01-19,Leicester City WFC,0-1,Aston Villa W,Regular Season,,3913119
560,FA Women's Super League (F),2023/2024,2024-01-20,Arsenal WFC,2-1,Everton LFC,Regular Season,,3913117
561,FA Women's Super League (F),2023/2024,2024-01-21,Brighton & Hove Albion WFC,3-2,Bristol City WFC,Regular Season,,3913122
562,FA Women's Super League (F),2023/2024,2024-01-21,Chelsea FCW,3-1,Manchester United W,Regular Season,,3913121
563,FA Women's Super League (F),2023/2024,2024-01-21,Manchester City WFC,5-1,Liverpool WFC,Regular Season,,3913120
564,FA Women's Super League (F),2023/2024,2024-01-21,West Ham United LFC,3-4,Tottenham Hotspur Women,Regular Season,,3913118
565,FA Women's Super League (F),2023/2024,2024-01-27,Brighton & Hove Albion WFC,0-3,Chelsea FCW,Regular Season,,3913123
566,FA Women's Super League (F),2023/2024,2024-01-28,Bristol City WFC,1-2,West Ham United LFC,Regular Season,,3913124
567,FA Women's Super League (F),2023/2024,2024-01-28,Everton LFC,0-1,Leicester City WFC,Regular Season,,3913128
568,FA Women's Super League (F),2023/2024,2024-01-28,Liverpool WFC,0-2,Arsenal WFC,Regular Season,,3913125
569,FA Women's Super League (F),2023/2024,2024-01-28,Manchester United W,2-1,Aston Villa W,Regular Season,,3913127
570,FA Women's Super League (F),2023/2024,2024-01-28,Tottenham Hotspur Women,0-2,Manchester City WFC,Regular Season,,3913126
571,FA Women's Super League (F),2023/2024,2024-02-03,Aston Villa W,2-2,Bristol City WFC,Regular Season,,3913129
572,FA Women's Super League (F),2023/2024,2024-02-04,Chelsea FCW,3-0,Everton LFC,Regular Season,,3913134
573,FA Women's Super League (F),2023/2024,2024-02-04,Liverpool WFC,1-1,Tottenham Hotspur Women,Regular Season,,3913131
574,FA Women's Super League (F),2023/2024,2024-02-04,Manchester City WFC,2-0,Leicester City WFC,Regular Season,,3913132
575,FA Women's Super League (F),2023/2024,2024-02-04,Manchester United W,2-0,Brighton & Hove Albion WFC,Regular Season,,3913133
576,FA Women's Super League (F),2023/2024,2024-02-04,West Ham United LFC,2-1,Arsenal WFC,Regular Season,,3913130
577,FA Women's Super League (F),2023/2024,2024-02-16,Chelsea FCW,0-1,Manchester City WFC,Regular Season,,3913138
578,FA Women's Super League (F),2023/2024,2024-02-17,Arsenal WFC,3-1,Manchester United W,Regular Season,,3913135
579,FA Women's Super League (F),2023/2024,2024-02-18,Brighton & Hove Albion WFC,0-1,Liverpool WFC,Regular Season,,3913137
580,FA Women's Super League (F),2023/2024,2024-02-18,Everton LFC,2-0,West Ham United LFC,Regular Season,,3913136
581,FA Women's Super League (F),2023/2024,2024-02-18,Leicester City WFC,5-2,Bristol City WFC,Regular Season,,3913140
582,FA Women's Super League (F),2023/2024,2024-02-18,Tottenham Hotspur Women,1-2,Aston Villa W,Regular Season,,3913139
583,FA Women's Super League (F),2023/2024,2024-03-02,Manchester City WFC,2-1,Everton LFC,Regular Season,,3913143
584,FA Women's Super League (F),2023/2024,2024-03-03,Arsenal WFC,1-0,Tottenham Hotspur Women,Regular Season,,3913142
585,FA Women's Super League (F),2023/2024,2024-03-03,Aston Villa W,1-4,Liverpool WFC,Regular Season,,3913141
586,FA Women's Super League (F),2023/2024,2024-03-03,Bristol City WFC,3-7,Brighton & Hove Albion WFC,Regular Season,,3913146
587,FA Women's Super League (F),2023/2024,2024-03-03,Leicester City WFC,0-4,Chelsea FCW,Regular Season,,3913145
588,FA Women's Super League (F),2023/2024,2024-03-03,West Ham United LFC,1-1,Manchester United W,Regular Season,,3913144
589,FA Women's Super League (F),2023/2024,2024-03-15,Chelsea FCW,3-1,Arsenal WFC,Regular Season,,3913152
590,FA Women's Super League (F),2023/2024,2024-03-16,Everton LFC,1-2,Aston Villa W,Regular Season,,3913147
591,FA Women's Super League (F),2023/2024,2024-03-17,Brighton & Hove Albion WFC,1-4,Manchester City WFC,Regular Season,,3913150
592,FA Women's Super League (F),2023/2024,2024-03-17,Liverpool WFC,3-1,West Ham United LFC,Regular Season,,3913148
593,FA Women's Super League (F),2023/2024,2024-03-17,Manchester United W,2-0,Bristol City WFC,Regular Season,,3913151
594,FA Women's Super League (F),2023/2024,2024-03-17,Tottenham Hotspur Women,1-0,Leicester City WFC,Regular Season,,3913149
595,FA Women's Super League (F),2023/2024,2024-03-23,Manchester City WFC,3-1,Manchester United W,Regular Season,,3913155
596,FA Women's Super League (F),2023/2024,2024-03-24,Aston Villa W,1-3,Arsenal WFC,Regular Season,,3913156
597,FA Women's Super League (F),2023/2024,2024-03-24,Bristol City WFC,0-1,Tottenham Hotspur Women,Regular Season,,3913154
598,FA Women's Super League (F),2023/2024,2024-03-24,Everton LFC,0-0,Liverpool WFC,Regular Season,,3913153
599,FA Women's Super League (F),2023/2024,2024-03-24,Leicester City WFC,2-3,Brighton & Hove Albion WFC,Regular Season,,3913157
600,FA Women's Super League (F),2023/2024,2024-03-24,West Ham United LFC,0-2,Chelsea FCW,Regular Season,,3913158
601,FA Women's Super League (F),2023/2024,2024-03-30,Aston Villa W,2-2,Leicester City WFC,Regular Season,,3913159
602,FA Women's Super League (F),2023/2024,2024-03-30,Liverpool WFC,1-4,Manchester City WFC,Regular Season,,3913162
603,FA Women's Super League (F),2023/2024,2024-03-31,Manchester United W,4-1,Everton LFC,Regular Season,,3913161
604,FA Women's Super League (F),2023/2024,2024-03-31,West Ham United LFC,0-0,Brighton & Hove Albion WFC,Regular Season,,3913164
605,FA Women's Super League (F),2023/2024,2024-04-14,Arsenal WFC,5-0,Bristol City WFC,Regular Season,,3913160
606,FA Women's Super League (F),2023/2024,2024-04-17,Chelsea FCW,3-0,Aston Villa W,Regular Season,,3913165
607,FA Women's Super League (F),2023/2024,2024-04-19,Brighton & Hove Albion WFC,1-2,Everton LFC,Regular Season,,3913166
608,FA Women's Super League (F),2023/2024,2024-04-20,Bristol City WFC,0-1,Liverpool WFC,Regular Season,,3913170
609,FA Women's Super League (F),2023/2024,2024-04-21,Arsenal WFC,3-0,Leicester City WFC,Regular Season,,3913169
610,FA Women's Super League (F),2023/2024,2024-04-21,Manchester City WFC,5-0,West Ham United LFC,Regular Season,,3913168
611,FA Women's Super League (F),2023/2024,2024-04-21,Manchester United W,2-2,Tottenham Hotspur Women,Regular Season,,3913167
612,FA Women's Super League (F),2023/2024,2024-04-28,Aston Villa W,1-1,West Ham United LFC,Regular Season,,3913175
613,FA Women's Super League (F),2023/2024,2024-04-28,Bristol City WFC,0-4,Manchester City WFC,Regular Season,,3913174
614,FA Women's Super League (F),2023/2024,2024-04-28,Everton LFC,1-1,Arsenal WFC,Regular Season,,3913176
615,FA Women's Super League (F),2023/2024,2024-04-28,Leicester City WFC,0-1,Manchester United W,Regular Season,,3913171
616,FA Women's Super League (F),2023/2024,2024-04-28,Tottenham Hotspur Women,1-1,Brighton & Hove Albion WFC,Regular Season,,3913172
617,FA Women's Super League (F),2023/2024,2024-05-01,Liverpool WFC,4-3,Chelsea FCW,Regular Season,,3913173
618,FA Women's Super League (F),2023/2024,2024-05-04,Brighton & Hove Albion WFC,0-1,Aston Villa W,Regular Season,,3913182
619,FA Women's Super League (F),2023/2024,2024-05-04,Everton LFC,2-2,Tottenham Hotspur Women,Regular Season,,3913181
620,FA Women's Super League (F),2023/2024,2024-05-05,Chelsea FCW,8-0,Bristol City WFC,Regular Season,,3913180
621,FA Women's Super League (F),2023/2024,2024-05-05,Liverpool WFC,1-0,Manchester United W,Regular Season,,3913179
622,FA Women's Super League (F),2023/2024,2024-05-05,Manchester City WFC,1-2,Arsenal WFC,Regular Season,,3913177
623,FA Women's Super League (F),2023/2024,2024-05-05,West Ham United LFC,1-1,Leicester City WFC,Regular Season,,3913178
624,FA Women's Super League (F),2023/2024,2024-05-15,Tottenham Hotspur Women,0-1,Chelsea FCW,Regular Season,,3913163
625,FA Women's Super League (F),2023/2024,2024-05-18,Arsenal WFC,5-0,Brighton & Hove Albion WFC,Regular Season,,3913185
626,FA Women's Super League (F),2023/2024,2024-05-18,Aston Villa W,1-2,Manchester City WFC,Regular Season,,3913184
627,FA Women's Super League (F),2023/2024,2024-05-18,Bristol City WFC,0-4,Everton LFC,Regular Season,,3913183
628,FA Women's Super League (F),2023/2024,2024-05-18,Leicester City WFC,0-4,Liverpool WFC,Regular Season,,3913186
629,FA Women's Super League (F),2023/2024,2024-05-18,Manchester United W,0-6,Chelsea FCW,Regular Season,,3913187
630,FA Women's Super League (F),2023/2024,2024-05-18,Tottenham Hotspur Women,3-1,West Ham United LFC,Regular Season,,3913188
631,FIFA U20 World Cup,1979,1979-09-07,Argentina U20,3-1,Soviet Union U20,Final,,3888787
632,FIFA World Cup,1958,1958-06-24,Brazil,5-2,France,Semi-finals,,3888704
633,FIFA World Cup,1958,1958-06-29,Brazil,5-2,Sweden,Final,,3888705
634,FIFA World Cup,1962,1962-05-30,Brazil,2-0,Mexico,Group Stage,,3888854
635,FIFA World Cup,1970,1970-06-03,Brazil,4-1,Czechoslovakia,Group Stage,,3888699
636,FIFA World Cup,1970,1970-06-07,Brazil,1-0,England,Group Stage,,3888700
637,FIFA World Cup,1970,1970-06-09,Brazil,3-2,Romania,Group Stage,,3889217
638,FIFA World Cup,1970,1970-06-14,Brazil,4-2,Peru,Quarter-finals,,3889218
639,FIFA World Cup,1970,1970-06-17,Brazil,3-1,Uruguay,Semi-finals,,3888701
640,FIFA World Cup,1970,1970-06-21,Brazil,4-1,Italy,Final,,3888702
641,FIFA World Cup,1974,1974-06-19,Netherlands,0-0,Sweden,1st Group Stage,,3888716
642,FIFA World Cup,1974,1974-06-22,German DR,1-0,Germany,1st Group Stage,,3750180
643,FIFA World Cup,1974,1974-06-26,Netherlands,4-0,Argentina,1st Group Stage,,3888717
644,FIFA World Cup,1974,1974-06-30,German DR,0-2,Netherlands,1st Group Stage,,3888718
645,FIFA World Cup,1974,1974-07-03,Netherlands,2-0,Brazil,1st Group Stage,,3888719
646,FIFA World Cup,1974,1974-07-07,Netherlands,1-2,Germany,Final,,3888720
647,FIFA World Cup,1986,1986-06-22,Argentina,2-1,England,Quarter-finals,,3750191
648,FIFA World Cup,1986,1986-06-25,Argentina,2-0,Belgium,Semi-finals,,3889148
649,FIFA World Cup,1986,1986-06-29,Argentina,3-2,Germany,Semi-finals,,3889149
650,FIFA World Cup,1990,1990-06-24,Brazil,0-1,Argentina,Round of 16,,3793185
651,FIFA World Cup,2018,2018-06-14,Russia,5-0,Saudi Arabia,Group Stage,,7525
652,FIFA World Cup,2018,2018-06-15,Egypt,0-1,Uruguay,Group Stage,,7578
653,FIFA World Cup,2018,2018-06-15,Morocco,0-1,Iran,Group Stage,,7577
654,FIFA World Cup,2018,2018-06-15,Portugal,3-3,Spain,Group Stage,,7576
655,FIFA World Cup,2018,2018-06-16,Argentina,1-1,Iceland,Group Stage,,7531
656,FIFA World Cup,2018,2018-06-16,Croatia,2-0,Nigeria,Group Stage,,7529
657,FIFA World Cup,2018,2018-06-16,France,2-1,Australia,Group Stage,,7530
658,FIFA World Cup,2018,2018-06-16,Peru,0-1,Denmark,Group Stage,,7532
659,FIFA World Cup,2018,2018-06-17,Brazil,1-1,Switzerland,Group Stage,,7533
660,FIFA World Cup,2018,2018-06-17,Costa Rica,0-1,Serbia,Group Stage,,7535
661,FIFA World Cup,2018,2018-06-17,Germany,0-1,Mexico,Group Stage,,7534
662,FIFA World Cup,2018,2018-06-18,Belgium,3-0,Panama,Group Stage,,7536
663,FIFA World Cup,2018,2018-06-18,Sweden,1-0,South Korea,Group Stage,,7538
664,FIFA World Cup,2018,2018-06-18,Tunisia,1-2,England,Group Stage,,7537
665,FIFA World Cup,2018,2018-06-19,Colombia,1-2,Japan,Group Stage,,7541
666,FIFA World Cup,2018,2018-06-19,Poland,1-2,Senegal,Group Stage,,7539
667,FIFA World Cup,2018,2018-06-19,Russia,3-1,Egypt,Group Stage,,7540
668,FIFA World Cup,2018,2018-06-20,Iran,0-1,Spain,Group Stage,,7543
669,FIFA World Cup,2018,2018-06-20,Portugal,1-0,Morocco,Group Stage,,7542
670,FIFA World Cup,2018,2018-06-20,Uruguay,1-0,Saudi Arabia,Group Stage,,7544
671,FIFA World Cup,2018,2018-06-21,Argentina,0-3,Croatia,Group Stage,,7545
672,FIFA World Cup,2018,2018-06-21,Denmark,1-1,Australia,Group Stage,,7547
673,FIFA World Cup,2018,2018-06-21,France,1-0,Peru,Group Stage,,7546
674,FIFA World Cup,2018,2018-06-22,Brazil,2-0,Costa Rica,Group Stage,,7548
675,FIFA World Cup,2018,2018-06-22,Nigeria,2-0,Iceland,Group Stage,,7549
676,FIFA World Cup,2018,2018-06-22,Serbia,1-2,Switzerland,Group Stage,,7550
677,FIFA World Cup,2018,2018-06-23,Belgium,5-2,Tunisia,Group Stage,,7552
678,FIFA World Cup,2018,2018-06-23,Germany,2-1,Sweden,Group Stage,,7551
679,FIFA World Cup,2018,2018-06-23,South Korea,1-2,Mexico,Group Stage,,7553
680,FIFA World Cup,2018,2018-06-24,England,6-1,Panama,Group Stage,,7554
681,FIFA World Cup,2018,2018-06-24,Japan,2-2,Senegal,Group Stage,,7556
682,FIFA World Cup,2018,2018-06-24,Poland,0-3,Colombia,Group Stage,,7555
683,FIFA World Cup,2018,2018-06-25,Iran,1-1,Portugal,Group Stage,,7557
684,FIFA World Cup,2018,2018-06-25,Saudi Arabia,2-1,Egypt,Group Stage,,7559
685,FIFA World Cup,2018,2018-06-25,Spain,2-2,Morocco,Group Stage,,7560
686,FIFA World Cup,2018,2018-06-25,Uruguay,3-0,Russia,Group Stage,,7558
687,FIFA World Cup,2018,2018-06-26,Australia,0-2,Peru,Group Stage,,7562
688,FIFA World Cup,2018,2018-06-26,Denmark,0-0,France,Group Stage,,7563
689,FIFA World Cup,2018,2018-06-26,Iceland,1-2,Croatia,Group Stage,,7561
690,FIFA World Cup,2018,2018-06-26,Nigeria,1-2,Argentina,Group Stage,,7564
691,FIFA World Cup,2018,2018-06-27,Mexico,0-3,Sweden,Group Stage,,7566
692,FIFA World Cup,2018,2018-06-27,Serbia,0-2,Brazil,Group Stage,,7565
693,FIFA World Cup,2018,2018-06-27,South Korea,2-0,Germany,Group Stage,,7567
694,FIFA World Cup,2018,2018-06-27,Switzerland,2-2,Costa Rica,Group Stage,,7568
695,FIFA World Cup,2018,2018-06-28,England,0-1,Belgium,Group Stage,,7570
696,FIFA World Cup,2018,2018-06-28,Japan,0-1,Poland,Group Stage,,7572
697,FIFA World Cup,2018,2018-06-28,Panama,1-2,Tunisia,Group Stage,,7569
698,FIFA World Cup,2018,2018-06-28,Senegal,0-1,Colombia,Group Stage,,7571
699,FIFA World Cup,2018,2018-06-30,France,4-3,Argentina,Round of 16,,7580
700,FIFA World Cup,2018,2018-06-30,Uruguay,2-1,Portugal,Round of 16,,7579
701,FIFA World Cup,2018,2018-07-01,Croatia,1-1,Denmark,Round of 16,,7581
702,FIFA World Cup,2018,2018-07-01,Spain,1-1,Russia,Round of 16,,7582
703,FIFA World Cup,2018,2018-07-02,Belgium,3-2,Japan,Round of 16,,7584
704,FIFA World Cup,2018,2018-07-02,Brazil,2-0,Mexico,Round of 16,,7583
705,FIFA World Cup,2018,2018-07-03,Colombia,1-1,England,Round of 16,,7585
706,FIFA World Cup,2018,2018-07-03,Sweden,1-0,Switzerland,Round of 16,,7586
707,FIFA World Cup,2018,2018-07-06,Brazil,1-2,Belgium,Quarter-finals,,8650
708,FIFA World Cup,2018,2018-07-06,Uruguay,0-2,France,Quarter-finals,,8649
709,FIFA World Cup,2018,2018-07-07,Russia,2-2,Croatia,Quarter-finals,,8652
710,FIFA World Cup,2018,2018-07-07,Sweden,0-2,England,Quarter-finals,,8651
711,FIFA World Cup,2018,2018-07-10,France,1-0,Belgium,Semi-finals,,8655
712,FIFA World Cup,2018,2018-07-11,Croatia,2-1,England,Semi-finals,,8656
713,FIFA World Cup,2018,2018-07-14,Belgium,2-0,England,3rd Place Final,,8657
714,FIFA World Cup,2018,2018-07-15,France,4-2,Croatia,Final,,8658
715,FIFA World Cup,2022,2022-11-20,Qatar,0-2,Ecuador,Group Stage,si,3857286
716,FIFA World Cup,2022,2022-11-21,England,6-2,Iran,Group Stage,si,3857271
717,FIFA World Cup,2022,2022-11-21,Senegal,0-2,Netherlands,Group Stage,si,3857285
718,FIFA World Cup,2022,2022-11-21,United States,1-1,Wales,Group Stage,si,3857282
719,FIFA World Cup,2022,2022-11-22,Argentina,1-2,Saudi Arabia,Group Stage,si,3857300
720,FIFA World Cup,2022,2022-11-22,Denmark,0-0,Tunisia,Group Stage,si,3857254
721,FIFA World Cup,2022,2022-11-22,France,4-1,Australia,Group Stage,si,3857279
722,FIFA World Cup,2022,2022-11-22,Mexico,0-0,Poland,Group Stage,si,3857265
723,FIFA World Cup,2022,2022-11-23,Belgium,1-0,Canada,Group Stage,si,3857268
724,FIFA World Cup,2022,2022-11-23,Germany,1-2,Japan,Group Stage,si,3857284
725,FIFA World Cup,2022,2022-11-23,Morocco,0-0,Croatia,Group Stage,si,3857277
726,FIFA World Cup,2022,2022-11-23,Spain,7-0,Costa Rica,Group Stage,si,3857291
727,FIFA World Cup,2022,2022-11-24,Brazil,2-0,Serbia,Group Stage,si,3857258
728,FIFA World Cup,2022,2022-11-24,Portugal,3-2,Ghana,Group Stage,si,3857298
729,FIFA World Cup,2022,2022-11-24,Switzerland,1-0,Cameroon,Group Stage,si,3857290
730,FIFA World Cup,2022,2022-11-24,Uruguay,0-0,South Korea,Group Stage,si,3857287
731,FIFA World Cup,2022,2022-11-25,England,0-0,United States,Group Stage,si,3857272
732,FIFA World Cup,2022,2022-11-25,Netherlands,1-1,Ecuador,Group Stage,si,3857274
733,FIFA World Cup,2022,2022-11-25,Qatar,1-3,Senegal,Group Stage,si,3857301
734,FIFA World Cup,2022,2022-11-25,Wales,0-2,Iran,Group Stage,si,3857273
735,FIFA World Cup,2022,2022-11-26,Argentina,2-0,Mexico,Group Stage,si,3857289
736,FIFA World Cup,2022,2022-11-26,France,2-1,Denmark,Group Stage,si,3857266
737,FIFA World Cup,2022,2022-11-26,Poland,2-0,Saudi Arabia,Group Stage,si,3857297
738,FIFA World Cup,2022,2022-11-26,Tunisia,0-1,Australia,Group Stage,si,3857288
739,FIFA World Cup,2022,2022-11-27,Belgium,0-2,Morocco,Group Stage,si,3857283
740,FIFA World Cup,2022,2022-11-27,Croatia,4-1,Canada,Group Stage,si,3857281
741,FIFA World Cup,2022,2022-11-27,Japan,0-1,Costa Rica,Group Stage,si,3857295
742,FIFA World Cup,2022,2022-11-27,Spain,1-1,Germany,Group Stage,si,3857263
743,FIFA World Cup,2022,2022-11-28,Brazil,1-0,Switzerland,Group Stage,si,3857269
744,FIFA World Cup,2022,2022-11-28,Cameroon,3-3,Serbia,Group Stage,si,3857259
745,FIFA World Cup,2022,2022-11-28,Portugal,2-0,Uruguay,Group Stage,si,3857270
746,FIFA World Cup,2022,2022-11-28,South Korea,2-3,Ghana,Group Stage,si,3857299
747,FIFA World Cup,2022,2022-11-29,Ecuador,1-2,Senegal,Group Stage,si,3857267
748,FIFA World Cup,2022,2022-11-29,Iran,0-1,United States,Group Stage,si,3857278
749,FIFA World Cup,2022,2022-11-29,Netherlands,2-0,Qatar,Group Stage,si,3857294
750,FIFA World Cup,2022,2022-11-29,Wales,0-3,England,Group Stage,si,3857261
751,FIFA World Cup,2022,2022-11-30,Australia,1-0,Denmark,Group Stage,si,3857257
752,FIFA World Cup,2022,2022-11-30,Poland,0-2,Argentina,Group Stage,si,3857264
753,FIFA World Cup,2022,2022-11-30,Saudi Arabia,1-2,Mexico,Group Stage,si,3857260
754,FIFA World Cup,2022,2022-11-30,Tunisia,1-0,France,Group Stage,si,3857275
755,FIFA World Cup,2022,2022-12-01,Canada,1-2,Morocco,Group Stage,si,3857276
756,FIFA World Cup,2022,2022-12-01,Costa Rica,2-4,Germany,Group Stage,si,3857292
757,FIFA World Cup,2022,2022-12-01,Croatia,0-0,Belgium,Group Stage,si,3857296
758,FIFA World Cup,2022,2022-12-01,Japan,2-1,Spain,Group Stage,si,3857255
759,FIFA World Cup,2022,2022-12-02,Cameroon,1-0,Brazil,Group Stage,si,3857280
760,FIFA World Cup,2022,2022-12-02,Ghana,0-2,Uruguay,Group Stage,si,3857293
761,FIFA World Cup,2022,2022-12-02,Serbia,2-3,Switzerland,Group Stage,si,3857256
762,FIFA World Cup,2022,2022-12-02,South Korea,2-1,Portugal,Group Stage,si,3857262
763,FIFA World Cup,2022,2022-12-03,Argentina,2-1,Australia,Round of 16,si,3869151
764,FIFA World Cup,2022,2022-12-03,Netherlands,3-1,United States,Round of 16,si,3869117
765,FIFA World Cup,2022,2022-12-04,England,3-0,Senegal,Round of 16,si,3869118
766,FIFA World Cup,2022,2022-12-04,France,3-1,Poland,Round of 16,si,3869152
767,FIFA World Cup,2022,2022-12-05,Brazil,4-1,South Korea,Round of 16,si,3869253
768,FIFA World Cup,2022,2022-12-05,Japan,1-1,Croatia,Round of 16,si,3869219
769,FIFA World Cup,2022,2022-12-06,Morocco,0-0,Spain,Round of 16,si,3869220
770,FIFA World Cup,2022,2022-12-06,Portugal,6-1,Switzerland,Round of 16,si,3869254
771,FIFA World Cup,2022,2022-12-09,Croatia,1-1,Brazil,Quarter-finals,si,3869420
772,FIFA World Cup,2022,2022-12-09,Netherlands,2-2,Argentina,Quarter-finals,si,3869321
773,FIFA World Cup,2022,2022-12-10,England,1-2,France,Quarter-finals,si,3869354
774,FIFA World Cup,2022,2022-12-10,Morocco,1-0,Portugal,Quarter-finals,si,3869486
775,FIFA World Cup,2022,2022-12-13,Argentina,3-0,Croatia,Semi-finals,si,3869519
776,FIFA World Cup,2022,2022-12-14,France,2-0,Morocco,Semi-finals,si,3869552
777,FIFA World Cup,2022,2022-12-17,Croatia,2-1,Morocco,3rd Place Final,si,3869684
778,FIFA World Cup,2022,2022-12-18,Argentina,3-3,France,Final,si,3869685
779,Frauen Bundesliga (F),2023/2024,2023-09-15,SC Freiburg,2-2,Bayern München W,Regular Season,,3910730
780,Frauen Bundesliga (F),2023/2024,2023-09-16,Hoffenheim W,9-0,Duisburg WFC,Regular Season,,3910731
781,Frauen Bundesliga (F),2023/2024,2023-09-16,Nürnberg W,1-5,SV Werder Bremen,Regular Season,,3910732
782,Frauen Bundesliga (F),2023/2024,2023-09-17,Köln,2-1,RB Leipzig W,Regular Season,,3910733
783,Frauen Bundesliga (F),2023/2024,2023-09-17,SGS Essen 19/68,2-0,Eintracht Frankfurt W,Regular Season,,3910735
784,Frauen Bundesliga (F),2023/2024,2023-09-17,VfL Wolfsburg WFC,3-0,TSV Bayer 04 Leverkusen,Regular Season,,3910734
785,Frauen Bundesliga (F),2023/2024,2023-09-29,RB Leipzig W,3-2,SGS Essen 19/68,Regular Season,,3911755
786,Frauen Bundesliga (F),2023/2024,2023-09-30,SV Werder Bremen,1-3,Hoffenheim W,Regular Season,,3911757
787,Frauen Bundesliga (F),2023/2024,2023-09-30,TSV Bayer 04 Leverkusen,6-0,Nürnberg W,Regular Season,,3911756
788,Frauen Bundesliga (F),2023/2024,2023-10-01,Duisburg WFC,2-2,SC Freiburg,Regular Season,,3911758
789,Frauen Bundesliga (F),2023/2024,2023-10-01,Eintracht Frankfurt W,2-4,VfL Wolfsburg WFC,Regular Season,,3911759
790,Frauen Bundesliga (F),2023/2024,2023-10-02,Bayern München W,2-0,Köln,Regular Season,,3911760
791,Frauen Bundesliga (F),2023/2024,2023-10-06,VfL Wolfsburg WFC,1-0,Nürnberg W,Regular Season,,3911761
792,Frauen Bundesliga (F),2023/2024,2023-10-07,Eintracht Frankfurt W,3-1,RB Leipzig W,Regular Season,,3911762
793,Frauen Bundesliga (F),2023/2024,2023-10-07,Köln,4-1,Duisburg WFC,Regular Season,,3911763
794,Frauen Bundesliga (F),2023/2024,2023-10-08,SC Freiburg,2-1,SV Werder Bremen,Regular Season,,3911765
795,Frauen Bundesliga (F),2023/2024,2023-10-08,SGS Essen 19/68,0-2,Bayern München W,Regular Season,,3911764
796,Frauen Bundesliga (F),2023/2024,2023-10-09,Hoffenheim W,2-2,TSV Bayer 04 Leverkusen,Regular Season,,3911766
797,Frauen Bundesliga (F),2023/2024,2023-10-13,Nürnberg W,0-3,Hoffenheim W,Regular Season,,3911767
798,Frauen Bundesliga (F),2023/2024,2023-10-14,Bayern München W,0-0,Eintracht Frankfurt W,Regular Season,,3911768
799,Frauen Bundesliga (F),2023/2024,2023-10-14,SV Werder Bremen,3-0,Köln,Regular Season,,3911769
800,Frauen Bundesliga (F),2023/2024,2023-10-15,RB Leipzig W,0-2,VfL Wolfsburg WFC,Regular Season,,3911770
801,Frauen Bundesliga (F),2023/2024,2023-10-15,TSV Bayer 04 Leverkusen,3-0,SC Freiburg,Regular Season,,3911771
802,Frauen Bundesliga (F),2023/2024,2023-10-16,Duisburg WFC,0-1,SGS Essen 19/68,Regular Season,,3911772
803,Frauen Bundesliga (F),2023/2024,2023-10-20,Köln,0-1,TSV Bayer 04 Leverkusen,Regular Season,,3911773
804,Frauen Bundesliga (F),2023/2024,2023-10-21,SC Freiburg,0-2,Nürnberg W,Regular Season,,3911775
805,Frauen Bundesliga (F),2023/2024,2023-10-21,SGS Essen 19/68,1-1,SV Werder Bremen,Regular Season,,3911774
806,Frauen Bundesliga (F),2023/2024,2023-10-22,Eintracht Frankfurt W,5-1,Duisburg WFC,Regular Season,,3911777
807,Frauen Bundesliga (F),2023/2024,2023-10-22,RB Leipzig W,0-3,Bayern München W,Regular Season,,3911778
808,Frauen Bundesliga (F),2023/2024,2023-10-22,VfL Wolfsburg WFC,2-2,Hoffenheim W,Regular Season,,3911776
809,Frauen Bundesliga (F),2023/2024,2023-11-03,Duisburg WFC,1-1,RB Leipzig W,Regular Season,,3911781
810,Frauen Bundesliga (F),2023/2024,2023-11-04,Hoffenheim W,2-3,SC Freiburg,Regular Season,,3911779
811,Frauen Bundesliga (F),2023/2024,2023-11-04,TSV Bayer 04 Leverkusen,0-0,SGS Essen 19/68,Regular Season,,3911782
812,Frauen Bundesliga (F),2023/2024,2023-11-05,Bayern München W,2-1,VfL Wolfsburg WFC,Regular Season,,3911783
813,Frauen Bundesliga (F),2023/2024,2023-11-05,Nürnberg W,1-3,Köln,Regular Season,,3911784
814,Frauen Bundesliga (F),2023/2024,2023-11-06,SV Werder Bremen,0-1,Eintracht Frankfurt W,Regular Season,,3911780
815,Frauen Bundesliga (F),2023/2024,2023-11-10,Eintracht Frankfurt W,2-2,TSV Bayer 04 Leverkusen,Regular Season,,3911786
816,Frauen Bundesliga (F),2023/2024,2023-11-11,RB Leipzig W,0-5,SV Werder Bremen,Regular Season,,3911790
817,Frauen Bundesliga (F),2023/2024,2023-11-11,SGS Essen 19/68,5-0,Nürnberg W,Regular Season,,3911787
818,Frauen Bundesliga (F),2023/2024,2023-11-12,Bayern München W,2-0,Duisburg WFC,Regular Season,,3911788
819,Frauen Bundesliga (F),2023/2024,2023-11-12,VfL Wolfsburg WFC,4-0,SC Freiburg,Regular Season,,3911785
820,Frauen Bundesliga (F),2023/2024,2023-11-13,Köln,1-2,Hoffenheim W,Regular Season,,3911789
821,Frauen Bundesliga (F),2023/2024,2023-11-17,Hoffenheim W,0-3,SGS Essen 19/68,Regular Season,,3911793
822,Frauen Bundesliga (F),2023/2024,2023-11-18,Nürnberg W,0-2,Eintracht Frankfurt W,Regular Season,,3911796
823,Frauen Bundesliga (F),2023/2024,2023-11-18,VfL Wolfsburg WFC,2-0,Duisburg WFC,Regular Season,,3911791
824,Frauen Bundesliga (F),2023/2024,2023-11-19,SV Werder Bremen,0-2,Bayern München W,Regular Season,,3911795
825,Frauen Bundesliga (F),2023/2024,2023-11-19,TSV Bayer 04 Leverkusen,1-1,RB Leipzig W,Regular Season,,3911794
826,Frauen Bundesliga (F),2023/2024,2023-11-20,SC Freiburg,3-3,Köln,Regular Season,,3911792
827,Frauen Bundesliga (F),2023/2024,2023-12-08,RB Leipzig W,0-0,Nürnberg W,Regular Season,,3911801
828,Frauen Bundesliga (F),2023/2024,2023-12-09,Köln,1-4,VfL Wolfsburg WFC,Regular Season,,3911798
829,Frauen Bundesliga (F),2023/2024,2023-12-09,SGS Essen 19/68,0-1,SC Freiburg,Regular Season,,3911797
830,Frauen Bundesliga (F),2023/2024,2023-12-10,Duisburg WFC,0-2,SV Werder Bremen,Regular Season,,3911799
831,Frauen Bundesliga (F),2023/2024,2023-12-10,Eintracht Frankfurt W,3-1,Hoffenheim W,Regular Season,,3911802
832,Frauen Bundesliga (F),2023/2024,2023-12-11,Bayern München W,3-0,TSV Bayer 04 Leverkusen,Regular Season,,3911800
833,Frauen Bundesliga (F),2023/2024,2023-12-15,TSV Bayer 04 Leverkusen,4-1,Duisburg WFC,Regular Season,,3913800
834,Frauen Bundesliga (F),2023/2024,2023-12-16,Köln,0-1,SGS Essen 19/68,Regular Season,,3912185
835,Frauen Bundesliga (F),2023/2024,2023-12-16,SC Freiburg,0-4,Eintracht Frankfurt W,Regular Season,,3912184
836,Frauen Bundesliga (F),2023/2024,2023-12-17,Hoffenheim W,2-1,RB Leipzig W,Regular Season,,3912183
837,Frauen Bundesliga (F),2023/2024,2023-12-17,Nürnberg W,1-1,Bayern München W,Regular Season,,3912187
838,Frauen Bundesliga (F),2023/2024,2023-12-18,VfL Wolfsburg WFC,1-0,SV Werder Bremen,Regular Season,,3912186
839,Frauen Bundesliga (F),2023/2024,2024-01-26,SV Werder Bremen,2-1,TSV Bayer 04 Leverkusen,Regular Season,,3912189
840,Frauen Bundesliga (F),2023/2024,2024-01-27,Bayern München W,1-0,Hoffenheim W,Regular Season,,3912190
841,Frauen Bundesliga (F),2023/2024,2024-01-27,RB Leipzig W,0-2,SC Freiburg,Regular Season,,3912191
842,Frauen Bundesliga (F),2023/2024,2024-01-28,Duisburg WFC,1-2,Nürnberg W,Regular Season,,3912188
843,Frauen Bundesliga (F),2023/2024,2024-01-28,Eintracht Frankfurt W,1-0,Köln,Regular Season,,3912193
844,Frauen Bundesliga (F),2023/2024,2024-01-29,SGS Essen 19/68,1-3,VfL Wolfsburg WFC,Regular Season,,3912192
845,Frauen Bundesliga (F),2023/2024,2024-02-02,Duisburg WFC,0-2,Hoffenheim W,Regular Season,,3912198
846,Frauen Bundesliga (F),2023/2024,2024-02-03,RB Leipzig W,2-1,Köln,Regular Season,,3912195
847,Frauen Bundesliga (F),2023/2024,2024-02-03,SV Werder Bremen,4-0,Nürnberg W,Regular Season,,3912199
848,Frauen Bundesliga (F),2023/2024,2024-02-04,Eintracht Frankfurt W,1-0,SGS Essen 19/68,Regular Season,,3912194
849,Frauen Bundesliga (F),2023/2024,2024-02-04,TSV Bayer 04 Leverkusen,1-1,VfL Wolfsburg WFC,Regular Season,,3912197
850,Frauen Bundesliga (F),2023/2024,2024-02-05,Bayern München W,4-0,SC Freiburg,Regular Season,,3912196
851,Frauen Bundesliga (F),2023/2024,2024-02-09,SGS Essen 19/68,4-4,RB Leipzig W,Regular Season,,3912204
852,Frauen Bundesliga (F),2023/2024,2024-02-10,Hoffenheim W,1-1,SV Werder Bremen,Regular Season,,3912201
853,Frauen Bundesliga (F),2023/2024,2024-02-10,Köln,0-5,Bayern München W,Regular Season,,3912203
854,Frauen Bundesliga (F),2023/2024,2024-02-11,SC Freiburg,1-1,Duisburg WFC,Regular Season,,3912202
855,Frauen Bundesliga (F),2023/2024,2024-02-11,VfL Wolfsburg WFC,3-0,Eintracht Frankfurt W,Regular Season,,3912200
856,Frauen Bundesliga (F),2023/2024,2024-02-12,Nürnberg W,1-2,TSV Bayer 04 Leverkusen,Regular Season,,3912205
857,Frauen Bundesliga (F),2023/2024,2024-02-16,RB Leipzig W,2-1,Eintracht Frankfurt W,Regular Season,,3912210
858,Frauen Bundesliga (F),2023/2024,2024-02-17,Nürnberg W,1-9,VfL Wolfsburg WFC,Regular Season,,3912207
859,Frauen Bundesliga (F),2023/2024,2024-02-17,SV Werder Bremen,0-3,SC Freiburg,Regular Season,,3912206
860,Frauen Bundesliga (F),2023/2024,2024-02-18,Bayern München W,2-0,SGS Essen 19/68,Regular Season,,3912211
861,Frauen Bundesliga (F),2023/2024,2024-02-18,Duisburg WFC,0-0,Köln,Regular Season,,3912208
862,Frauen Bundesliga (F),2023/2024,2024-02-18,TSV Bayer 04 Leverkusen,1-2,Hoffenheim W,Regular Season,,3912209
863,Frauen Bundesliga (F),2023/2024,2024-03-08,SGS Essen 19/68,4-1,Duisburg WFC,Regular Season,,3912214
864,Frauen Bundesliga (F),2023/2024,2024-03-09,Eintracht Frankfurt W,1-2,Bayern München W,Regular Season,,3912215
865,Frauen Bundesliga (F),2023/2024,2024-03-09,Hoffenheim W,2-0,Nürnberg W,Regular Season,,3912217
866,Frauen Bundesliga (F),2023/2024,2024-03-10,Köln,2-1,SV Werder Bremen,Regular Season,,3912213
867,Frauen Bundesliga (F),2023/2024,2024-03-10,SC Freiburg,0-0,TSV Bayer 04 Leverkusen,Regular Season,,3912212
868,Frauen Bundesliga (F),2023/2024,2024-03-11,VfL Wolfsburg WFC,4-0,RB Leipzig W,Regular Season,,3912216
869,Frauen Bundesliga (F),2023/2024,2024-03-15,Hoffenheim W,2-1,VfL Wolfsburg WFC,Regular Season,,3912219
870,Frauen Bundesliga (F),2023/2024,2024-03-16,Bayern München W,5-0,RB Leipzig W,Regular Season,,3912218
871,Frauen Bundesliga (F),2023/2024,2024-03-16,SV Werder Bremen,0-0,SGS Essen 19/68,Regular Season,,3912221
872,Frauen Bundesliga (F),2023/2024,2024-03-17,Duisburg WFC,1-2,Eintracht Frankfurt W,Regular Season,,3912223
873,Frauen Bundesliga (F),2023/2024,2024-03-17,Nürnberg W,0-0,SC Freiburg,Regular Season,,3912222
874,Frauen Bundesliga (F),2023/2024,2024-03-18,TSV Bayer 04 Leverkusen,2-0,Köln,Regular Season,,3912220
875,Frauen Bundesliga (F),2023/2024,2024-03-22,SC Freiburg,2-4,Hoffenheim W,Regular Season,,3912227
876,Frauen Bundesliga (F),2023/2024,2024-03-23,Köln,3-4,Nürnberg W,Regular Season,,3912226
877,Frauen Bundesliga (F),2023/2024,2024-03-23,VfL Wolfsburg WFC,0-4,Bayern München W,Regular Season,,3912224
878,Frauen Bundesliga (F),2023/2024,2024-03-24,RB Leipzig W,3-0,Duisburg WFC,Regular Season,,3912228
879,Frauen Bundesliga (F),2023/2024,2024-03-24,SGS Essen 19/68,0-0,TSV Bayer 04 Leverkusen,Regular Season,,3912225
880,Frauen Bundesliga (F),2023/2024,2024-03-25,Eintracht Frankfurt W,2-0,SV Werder Bremen,Regular Season,,3912229
881,Frauen Bundesliga (F),2023/2024,2024-04-12,SV Werder Bremen,1-1,RB Leipzig W,Regular Season,,3912234
882,Frauen Bundesliga (F),2023/2024,2024-04-13,SC Freiburg,1-4,VfL Wolfsburg WFC,Regular Season,,3912231
883,Frauen Bundesliga (F),2023/2024,2024-04-13,TSV Bayer 04 Leverkusen,2-0,Eintracht Frankfurt W,Regular Season,,3912235
884,Frauen Bundesliga (F),2023/2024,2024-04-14,Duisburg WFC,1-5,Bayern München W,Regular Season,,3912233
885,Frauen Bundesliga (F),2023/2024,2024-04-14,Nürnberg W,0-4,SGS Essen 19/68,Regular Season,,3912230
886,Frauen Bundesliga (F),2023/2024,2024-04-15,Hoffenheim W,1-1,Köln,Regular Season,,3912232
887,Frauen Bundesliga (F),2023/2024,2024-04-19,RB Leipzig W,1-0,TSV Bayer 04 Leverkusen,Regular Season,,3912240
888,Frauen Bundesliga (F),2023/2024,2024-04-20,Eintracht Frankfurt W,4-1,Nürnberg W,Regular Season,,3912241
889,Frauen Bundesliga (F),2023/2024,2024-04-20,SGS Essen 19/68,2-1,Hoffenheim W,Regular Season,,3912236
890,Frauen Bundesliga (F),2023/2024,2024-04-21,Duisburg WFC,1-4,VfL Wolfsburg WFC,Regular Season,,3912237
891,Frauen Bundesliga (F),2023/2024,2024-04-21,Köln,2-0,SC Freiburg,Regular Season,,3912238
892,Frauen Bundesliga (F),2023/2024,2024-04-22,Bayern München W,3-0,SV Werder Bremen,Regular Season,,3912239
893,Frauen Bundesliga (F),2023/2024,2024-05-03,VfL Wolfsburg WFC,5-1,Köln,Regular Season,,3912245
894,Frauen Bundesliga (F),2023/2024,2024-05-04,Hoffenheim W,1-3,Eintracht Frankfurt W,Regular Season,,3912243
895,Frauen Bundesliga (F),2023/2024,2024-05-04,TSV Bayer 04 Leverkusen,1-2,Bayern München W,Regular Season,,3912247
896,Frauen Bundesliga (F),2023/2024,2024-05-05,SC Freiburg,0-1,SGS Essen 19/68,Regular Season,,3912244
897,Frauen Bundesliga (F),2023/2024,2024-05-05,SV Werder Bremen,4-2,Duisburg WFC,Regular Season,,3912246
898,Frauen Bundesliga (F),2023/2024,2024-05-06,Nürnberg W,0-1,RB Leipzig W,Regular Season,,3912242
899,Frauen Bundesliga (F),2023/2024,2024-05-10,RB Leipzig W,3-0,Hoffenheim W,Regular Season,,3912248
900,Frauen Bundesliga (F),2023/2024,2024-05-11,Duisburg WFC,1-3,TSV Bayer 04 Leverkusen,Regular Season,,3912251
901,Frauen Bundesliga (F),2023/2024,2024-05-11,SGS Essen 19/68,2-1,Köln,Regular Season,,3912249
902,Frauen Bundesliga (F),2023/2024,2024-05-12,Bayern München W,4-0,Nürnberg W,Regular Season,,3912252
903,Frauen Bundesliga (F),2023/2024,2024-05-12,SV Werder Bremen,0-3,VfL Wolfsburg WFC,Regular Season,,3912250
904,Frauen Bundesliga (F),2023/2024,2024-05-13,Eintracht Frankfurt W,4-2,SC Freiburg,Regular Season,,3912253
905,Frauen Bundesliga (F),2023/2024,2024-05-20,Hoffenheim W,1-4,Bayern München W,Regular Season,,3912256
906,Frauen Bundesliga (F),2023/2024,2024-05-20,Köln,0-1,Eintracht Frankfurt W,Regular Season,,3912257
907,Frauen Bundesliga (F),2023/2024,2024-05-20,Nürnberg W,2-1,Duisburg WFC,Regular Season,,3912255
908,Frauen Bundesliga (F),2023/2024,2024-05-20,SC Freiburg,2-1,RB Leipzig W,Regular Season,,3912258
909,Frauen Bundesliga (F),2023/2024,2024-05-20,TSV Bayer 04 Leverkusen,2-3,SV Werder Bremen,Regular Season,,3912254
910,Frauen Bundesliga (F),2023/2024,2024-05-20,VfL Wolfsburg WFC,6-0,SGS Essen 19/68,Regular Season,,3912259
911,Indian Super league,2021/2022,2021-11-19,Mohun Bagan Super Giant,4-2,Kerala Blasters,Regular Season,,3813314
912,Indian Super league,2021/2022,2021-11-20,Bengaluru,4-2,NorthEast United,Regular Season,,3813297
913,Indian Super league,2021/2022,2021-11-21,East Bengal,1-1,Jamshedpur,Regular Season,,3813298
914,Indian Super league,2021/2022,2021-11-22,Mumbai City,3-0,Goa,Regular Season,,3813270
915,Indian Super league,2021/2022,2021-11-23,SC Delhi,0-1,Chennaiyin,Regular Season,,3813309
916,Indian Super league,2021/2022,2021-11-24,Odisha,3-1,Bengaluru,Regular Season,,3813289
917,Indian Super league,2021/2022,2021-11-25,NorthEast United,0-0,Kerala Blasters,Regular Season,,3813296
918,Indian Super league,2021/2022,2021-11-26,Goa,1-3,Jamshedpur,Regular Season,,3813315
919,Indian Super league,2021/2022,2021-11-27,East Bengal,0-3,Mohun Bagan Super Giant,Regular Season,,3813291
920,Indian Super league,2021/2022,2021-11-27,Mumbai City,1-3,SC Delhi,Regular Season,,3813277
921,Indian Super league,2021/2022,2021-11-28,Bengaluru,1-1,Kerala Blasters,Regular Season,,3813292
922,Indian Super league,2021/2022,2021-11-29,NorthEast United,1-2,Chennaiyin,Regular Season,,3813294
923,Indian Super league,2021/2022,2021-11-30,Odisha,6-4,East Bengal,Regular Season,,3813317
924,Indian Super league,2021/2022,2021-12-01,Mohun Bagan Super Giant,1-5,Mumbai City,Regular Season,,3813312
925,Indian Super league,2021/2022,2021-12-02,Jamshedpur,1-1,SC Delhi,Regular Season,,3813288
926,Indian Super league,2021/2022,2021-12-03,Chennaiyin,0-0,East Bengal,Regular Season,,3813280
927,Indian Super league,2021/2022,2021-12-04,Bengaluru,1-3,Mumbai City,Regular Season,,3813274
928,Indian Super league,2021/2022,2021-12-04,NorthEast United,2-1,Goa,Regular Season,,3813316
929,Indian Super league,2021/2022,2021-12-05,Kerala Blasters,2-1,Odisha,Regular Season,,3813300
930,Indian Super league,2021/2022,2021-12-06,Jamshedpur,2-1,Mohun Bagan Super Giant,Regular Season,,3813268
931,Indian Super league,2021/2022,2021-12-07,East Bengal,3-4,Goa,Regular Season,,3813267
932,Indian Super league,2021/2022,2021-12-08,SC Delhi,1-0,Bengaluru,Regular Season,,3813299
933,Indian Super league,2021/2022,2021-12-09,Mumbai City,4-2,Jamshedpur,Regular Season,,3813284
934,Indian Super league,2021/2022,2021-12-10,Odisha,1-0,NorthEast United,Regular Season,,3813301
935,Indian Super league,2021/2022,2021-12-11,Goa,2-1,Bengaluru,Regular Season,,3813285
936,Indian Super league,2021/2022,2021-12-11,Mohun Bagan Super Giant,1-1,Chennaiyin,Regular Season,,3813281
937,Indian Super league,2021/2022,2021-12-12,East Bengal,1-1,Kerala Blasters,Regular Season,,3813310
938,Indian Super league,2021/2022,2021-12-13,SC Delhi,5-1,NorthEast United,Regular Season,,3813290
939,Indian Super league,2021/2022,2021-12-14,Odisha,0-4,Jamshedpur,Regular Season,,3813269
940,Indian Super league,2021/2022,2021-12-15,Mumbai City,1-0,Chennaiyin,Regular Season,,3813286
941,Indian Super league,2021/2022,2021-12-16,Bengaluru,3-3,Mohun Bagan Super Giant,Regular Season,,3813287
942,Indian Super league,2021/2022,2021-12-17,NorthEast United,2-0,East Bengal,Regular Season,,3813276
943,Indian Super league,2021/2022,2021-12-18,Chennaiyin,2-1,Odisha,Regular Season,,3813279
944,Indian Super league,2021/2022,2021-12-18,Goa,1-1,SC Delhi,Regular Season,,3813272
945,Indian Super league,2021/2022,2021-12-19,Mumbai City,0-3,Kerala Blasters,Regular Season,,3813282
946,Indian Super league,2021/2022,2021-12-20,Jamshedpur,0-0,Bengaluru,Regular Season,,3813307
947,Indian Super league,2021/2022,2021-12-21,NorthEast United,2-3,Mohun Bagan Super Giant,Regular Season,,3813306
948,Indian Super league,2021/2022,2021-12-22,Chennaiyin,0-3,Kerala Blasters,Regular Season,,3813278
949,Indian Super league,2021/2022,2021-12-23,SC Delhi,1-1,East Bengal,Regular Season,,3813304
950,Indian Super league,2021/2022,2021-12-24,Odisha,1-1,Goa,Regular Season,,3813308
951,Indian Super league,2021/2022,2021-12-26,Kerala Blasters,1-1,Jamshedpur,Regular Season,,3813275
952,Indian Super league,2021/2022,2021-12-27,NorthEast United,3-3,Mumbai City,Regular Season,,3813318
953,Indian Super league,2021/2022,2021-12-28,SC Delhi,6-1,Odisha,Regular Season,,3813295
954,Indian Super league,2021/2022,2021-12-29,Mohun Bagan Super Giant,2-1,Goa,Regular Season,,3813303
955,Indian Super league,2021/2022,2021-12-30,Chennaiyin,2-4,Bengaluru,Regular Season,,3813283
956,Indian Super league,2021/2022,2022-01-02,Jamshedpur,0-1,Chennaiyin,Regular Season,,3813311
957,Indian Super league,2021/2022,2022-01-02,Kerala Blasters,2-2,Goa,Regular Season,,3813271
958,Indian Super league,2021/2022,2022-01-03,Odisha,4-2,Mumbai City,Regular Season,,3813273
959,Indian Super league,2021/2022,2022-01-04,Bengaluru,1-1,East Bengal,Regular Season,,3813293
960,Indian Super league,2021/2022,2022-01-05,Mohun Bagan Super Giant,2-2,SC Delhi,Regular Season,,3813264
961,Indian Super league,2021/2022,2022-01-06,Jamshedpur,3-2,NorthEast United,Regular Season,,3813302
962,Indian Super league,2021/2022,2022-01-07,East Bengal,0-0,Mumbai City,Regular Season,,3813265
963,Indian Super league,2021/2022,2022-01-08,Goa,1-0,Chennaiyin,Regular Season,,3813266
964,Indian Super league,2021/2022,2022-01-09,Kerala Blasters,1-0,SC Delhi,Regular Season,,3813305
965,Indian Super league,2021/2022,2022-01-10,Mumbai City,0-3,Bengaluru,Regular Season,,3817849
966,Indian Super league,2021/2022,2022-01-11,Jamshedpur,1-0,East Bengal,Regular Season,,3817850
967,Indian Super league,2021/2022,2022-01-12,Odisha,0-2,Kerala Blasters,Regular Season,,3817851
968,Indian Super league,2021/2022,2022-01-13,Chennaiyin,1-1,SC Delhi,Regular Season,,3817879
969,Indian Super league,2021/2022,2022-01-14,Goa,1-1,NorthEast United,Regular Season,,3817890
970,Indian Super league,2021/2022,2022-01-18,NorthEast United,0-2,Odisha,Regular Season,,3817865
971,Indian Super league,2021/2022,2022-01-19,Goa,1-2,East Bengal,Regular Season,,3817853
972,Indian Super league,2021/2022,2022-01-22,Chennaiyin,2-1,NorthEast United,Regular Season,,3817876
973,Indian Super league,2021/2022,2022-01-23,Bengaluru,1-1,Goa,Regular Season,,3817874
974,Indian Super league,2021/2022,2022-01-23,Mohun Bagan Super Giant,0-0,Odisha,Regular Season,,3813313
975,Indian Super league,2021/2022,2022-01-24,East Bengal,0-4,SC Delhi,Regular Season,,3817878
976,Indian Super league,2021/2022,2022-01-25,Mumbai City,1-1,NorthEast United,Regular Season,,3817867
977,Indian Super league,2021/2022,2022-01-26,Bengaluru,3-0,Chennaiyin,Regular Season,,3817868
978,Indian Super league,2021/2022,2022-01-27,Odisha,2-3,SC Delhi,Regular Season,,3817860
979,Indian Super league,2021/2022,2022-01-28,Jamshedpur,1-0,Goa,Regular Season,,3817875
980,Indian Super league,2021/2022,2022-01-29,Mohun Bagan Super Giant,3-1,East Bengal,Regular Season,,3817888
981,Indian Super league,2021/2022,2022-01-30,Kerala Blasters,0-1,Bengaluru,Regular Season,,3817861
982,Indian Super league,2021/2022,2022-01-31,NorthEast United,0-5,SC Delhi,Regular Season,,3817871
983,Indian Super league,2021/2022,2022-02-01,Goa,1-1,Odisha,Regular Season,,3817894
984,Indian Super league,2021/2022,2022-02-02,East Bengal,2-2,Chennaiyin,Regular Season,,3817882
985,Indian Super league,2021/2022,2022-02-03,Mumbai City,1-1,Mohun Bagan Super Giant,Regular Season,,3817864
986,Indian Super league,2021/2022,2022-02-04,Kerala Blasters,2-1,NorthEast United,Regular Season,,3817886
987,Indian Super league,2021/2022,2022-02-05,Bengaluru,3-1,Jamshedpur,Regular Season,,3817883
988,Indian Super league,2021/2022,2022-02-06,Chennaiyin,0-1,Mumbai City,Regular Season,,3817852
989,Indian Super league,2021/2022,2022-02-07,East Bengal,1-2,Odisha,Regular Season,,3817896
990,Indian Super league,2021/2022,2022-02-08,SC Delhi,1-2,Mohun Bagan Super Giant,Regular Season,,3817884
991,Indian Super league,2021/2022,2022-02-09,Chennaiyin,0-5,Goa,Regular Season,,3817895
992,Indian Super league,2021/2022,2022-02-10,Jamshedpur,3-0,Kerala Blasters,Regular Season,,3817881
993,Indian Super league,2021/2022,2022-02-11,Bengaluru,1-2,SC Delhi,Regular Season,,3817869
994,Indian Super league,2021/2022,2022-02-12,Mohun Bagan Super Giant,3-1,NorthEast United,Regular Season,,3817873
995,Indian Super league,2021/2022,2022-02-13,Mumbai City,4-1,Odisha,Regular Season,,3817862
996,Indian Super league,2021/2022,2022-02-14,Kerala Blasters,1-0,East Bengal,Regular Season,,3817902
997,Indian Super league,2021/2022,2022-02-15,Goa,0-2,Mohun Bagan Super Giant,Regular Season,,3817848
998,Indian Super league,2021/2022,2022-02-16,Odisha,2-2,Chennaiyin,Regular Season,,3817880
999,Indian Super league,2021/2022,2022-02-17,Jamshedpur,3-2,Mumbai City,Regular Season,,3817901
1000,Indian Super league,2021/2022,2022-02-18,NorthEast United,2-1,Bengaluru,Regular Season,,3817877
1001,Indian Super league,2021/2022,2022-02-19,Kerala Blasters,2-2,Mohun Bagan Super Giant,Regular Season,,3817855
1002,Indian Super league,2021/2022,2022-02-19,SC Delhi,3-2,Goa,Regular Season,,3817863
1003,Indian Super league,2021/2022,2022-02-20,Chennaiyin,1-4,Jamshedpur,Regular Season,,3817900
1004,Indian Super league,2021/2022,2022-02-21,Bengaluru,2-1,Odisha,Regular Season,,3817872
1005,Indian Super league,2021/2022,2022-02-22,Mumbai City,1-0,East Bengal,Regular Season,,3817885
1006,Indian Super league,2021/2022,2022-02-23,SC Delhi,2-1,Kerala Blasters,Regular Season,,3817897
1007,Indian Super league,2021/2022,2022-02-24,Odisha,1-1,Mohun Bagan Super Giant,Regular Season,,3817892
1008,Indian Super league,2021/2022,2022-02-25,NorthEast United,2-3,Jamshedpur,Regular Season,,3817859
1009,Indian Super league,2021/2022,2022-02-26,Goa,0-2,Mumbai City,Regular Season,,3817898
1010,Indian Super league,2021/2022,2022-02-26,Kerala Blasters,3-0,Chennaiyin,Regular Season,,3817858
1011,Indian Super league,2021/2022,2022-02-27,Mohun Bagan Super Giant,2-0,Bengaluru,Regular Season,,3817854
1012,Indian Super league,2021/2022,2022-02-28,East Bengal,1-1,NorthEast United,Regular Season,,3817893
1013,Indian Super league,2021/2022,2022-03-01,SC Delhi,0-3,Jamshedpur,Regular Season,,3817857
1014,Indian Super league,2021/2022,2022-03-02,Kerala Blasters,3-1,Mumbai City,Regular Season,,3817866
1015,Indian Super league,2021/2022,2022-03-03,Chennaiyin,0-1,Mohun Bagan Super Giant,Regular Season,,3817889
1016,Indian Super league,2021/2022,2022-03-04,Jamshedpur,5-1,Odisha,Regular Season,,3817899
1017,Indian Super league,2021/2022,2022-03-05,East Bengal,0-1,Bengaluru,Regular Season,,3817891
1018,Indian Super league,2021/2022,2022-03-05,SC Delhi,2-1,Mumbai City,Regular Season,,3817887
1019,Indian Super league,2021/2022,2022-03-06,Goa,4-4,Kerala Blasters,Regular Season,,3817870
1020,Indian Super league,2021/2022,2022-03-07,Mohun Bagan Super Giant,0-1,Jamshedpur,Regular Season,,3817856
1021,Indian Super league,2021/2022,2022-03-11,Jamshedpur,0-1,Kerala Blasters,Play-offs - Semi-Finals,,3827337
1022,Indian Super league,2021/2022,2022-03-12,SC Delhi,3-1,Mohun Bagan Super Giant,Play-offs - Semi-Finals,,3827338
1023,Indian Super league,2021/2022,2022-03-15,Kerala Blasters,1-1,Jamshedpur,Play-offs - Semi-Finals,,3827335
1024,Indian Super league,2021/2022,2022-03-16,Mohun Bagan Super Giant,1-0,SC Delhi,Play-offs - Semi-Finals,,3827336
1025,Indian Super league,2021/2022,2022-03-20,SC Delhi,1-1,Kerala Blasters,Championship - Final,,3827767
1026,La Liga,1973/1974,1974-02-17,Real Madrid,0-5,Barcelona,Regular Season,,3888713
1027,La Liga,2004/2005,2004-10-16,Espanyol,0-1,Barcelona,Regular Season,,68353
1028,La Liga,2004/2005,2004-10-24,Barcelona,3-0,Osasuna,Regular Season,,68313
1029,La Liga,2004/2005,2004-12-04,Barcelona,4-0,Málaga,Regular Season,,68314
1030,La Liga,2004/2005,2004-12-11,Albacete,1-2,Barcelona,Regular Season,,69153
1031,La Liga,2004/2005,2004-12-21,Barcelona,2-1,Levante UD,Regular Season,,68315
1032,La Liga,2004/2005,2005-04-17,Barcelona,2-0,Getafe,Regular Season,,68352
1033,La Liga,2004/2005,2005-05-01,Barcelona,2-0,Albacete,Regular Season,,68316
1034,La Liga,2005/2006,2005-10-01,Barcelona,2-2,Real Zaragoza,Regular Season,,68317
1035,La Liga,2005/2006,2005-10-22,Barcelona,3-0,Osasuna,Regular Season,,68318
1036,La Liga,2005/2006,2005-10-26,Barcelona,2-0,Málaga,Regular Season,,69164
1037,La Liga,2005/2006,2005-11-06,Getafe,1-3,Barcelona,Regular Season,,68339
1038,La Liga,2005/2006,2005-11-19,Real Madrid,0-3,Barcelona,Regular Season,,68319
1039,La Liga,2005/2006,2005-11-27,Barcelona,4-1,Racing Santander,Regular Season,,68354
1040,La Liga,2005/2006,2005-12-04,Villarreal,0-2,Barcelona,Regular Season,,68320
1041,La Liga,2005/2006,2005-12-11,Barcelona,2-1,Sevilla,Regular Season,,68321
1042,La Liga,2005/2006,2005-12-17,Cádiz,1-3,Barcelona,Regular Season,,68322
1043,La Liga,2005/2006,2005-12-20,Barcelona,2-0,Celta Vigo,Regular Season,,68323
1044,La Liga,2005/2006,2006-01-07,Espanyol,1-2,Barcelona,Regular Season,,68348
1045,La Liga,2005/2006,2006-01-15,Barcelona,2-1,Athletic Club,Regular Season,,68342
1046,La Liga,2005/2006,2006-01-22,Barcelona,2-0,Deportivo Alavés,Regular Season,,68324
1047,La Liga,2005/2006,2006-01-29,Mallorca,0-3,Barcelona,Regular Season,,68325
1048,La Liga,2005/2006,2006-02-05,Barcelona,1-3,Atlético Madrid,Regular Season,,68350
1049,La Liga,2005/2006,2006-02-18,Barcelona,5-1,Real Betis,Regular Season,,69172
1050,La Liga,2005/2006,2006-02-25,Real Zaragoza,0-2,Barcelona,Regular Season,,68351
1051,La Liga,2006/2007,2006-08-28,Celta Vigo,2-3,Barcelona,Regular Season,,68326
1052,La Liga,2006/2007,2006-09-09,Barcelona,3-0,Osasuna,Regular Season,,68327
1053,La Liga,2006/2007,2006-09-17,Racing Santander,0-3,Barcelona,Regular Season,,68340
1054,La Liga,2006/2007,2006-09-24,Barcelona,1-1,Valencia,Regular Season,,68328
1055,La Liga,2006/2007,2006-09-30,Athletic Club,1-3,Barcelona,Regular Season,,68347
1056,La Liga,2006/2007,2006-10-15,Barcelona,3-1,Sevilla,Regular Season,,68329
1057,La Liga,2006/2007,2006-10-22,Real Madrid,2-0,Barcelona,Regular Season,,68330
1058,La Liga,2006/2007,2006-11-04,RC Deportivo La Coruña,1-1,Barcelona,Regular Season,,69174
1059,La Liga,2006/2007,2006-11-12,Barcelona,3-1,Real Zaragoza,Regular Season,,68331
1060,La Liga,2006/2007,2007-02-11,Barcelona,2-0,Racing Santander,Regular Season,,69154
1061,La Liga,2006/2007,2007-02-18,Valencia,2-1,Barcelona,Regular Season,,68332
1062,La Liga,2006/2007,2007-02-25,Barcelona,3-0,Athletic Club,Regular Season,,68333
1063,La Liga,2006/2007,2007-03-03,Sevilla,2-1,Barcelona,Regular Season,,68334
1064,La Liga,2006/2007,2007-03-10,Barcelona,3-3,Real Madrid,Regular Season,,68335
1065,La Liga,2006/2007,2007-03-17,Recreativo Huelva,0-4,Barcelona,Regular Season,,68341
1066,La Liga,2006/2007,2007-03-31,Barcelona,2-1,RC Deportivo La Coruña,Regular Season,,69175
1067,La Liga,2006/2007,2007-04-07,Real Zaragoza,1-0,Barcelona,Regular Season,,69179
1068,La Liga,2006/2007,2007-04-15,Barcelona,1-0,Mallorca,Regular Season,,69159
1069,La Liga,2006/2007,2007-04-22,Villarreal,2-0,Barcelona,Regular Season,,69155
1070,La Liga,2006/2007,2007-04-29,Barcelona,1-0,Levante UD,Regular Season,,69156
1071,La Liga,2006/2007,2007-05-05,Real Sociedad,0-2,Barcelona,Regular Season,,69160
1072,La Liga,2006/2007,2007-05-13,Barcelona,1-1,Real Betis,Regular Season,,69162
1073,La Liga,2006/2007,2007-05-20,Atlético Madrid,0-6,Barcelona,Regular Season,,69176
1074,La Liga,2006/2007,2007-05-26,Barcelona,1-0,Getafe,Regular Season,,69157
1075,La Liga,2006/2007,2007-06-09,Barcelona,2-2,Espanyol,Regular Season,,69165
1076,La Liga,2006/2007,2007-06-17,Gimnàstic Tarragona,1-5,Barcelona,Regular Season,,68336
1077,La Liga,2007/2008,2007-08-26,Racing Santander,0-0,Barcelona,Regular Season,,69180
1078,La Liga,2007/2008,2007-09-02,Barcelona,3-1,Athletic Club,Regular Season,,69169
1079,La Liga,2007/2008,2007-09-22,Barcelona,2-1,Sevilla,Regular Season,,69148
1080,La Liga,2007/2008,2007-09-29,Levante UD,1-4,Barcelona,Regular Season,,69151
1081,La Liga,2007/2008,2007-10-07,Barcelona,3-0,Atlético Madrid,Regular Season,,69144
1082,La Liga,2007/2008,2007-10-20,Villarreal,3-1,Barcelona,Regular Season,,68364
1083,La Liga,2007/2008,2007-10-28,Barcelona,2-0,Almería,Regular Season,,69158
1084,La Liga,2007/2008,2007-11-01,Real Valladolid,1-1,Barcelona,Regular Season,,68363
1085,La Liga,2007/2008,2007-11-04,Barcelona,3-0,Real Betis,Regular Season,,69166
1086,La Liga,2007/2008,2007-11-10,Getafe,2-0,Barcelona,Regular Season,,69178
1087,La Liga,2007/2008,2007-11-24,Barcelona,3-0,Recreativo Huelva,Regular Season,,69184
1088,La Liga,2007/2008,2007-12-01,Espanyol,1-1,Barcelona,Regular Season,,68356
1089,La Liga,2007/2008,2007-12-09,Barcelona,2-1,RC Deportivo La Coruña,Regular Season,,69170
1090,La Liga,2007/2008,2007-12-15,Valencia,0-3,Barcelona,Regular Season,,69145
1091,La Liga,2007/2008,2008-01-20,Barcelona,1-0,Racing Santander,Regular Season,,69173
1092,La Liga,2007/2008,2008-01-27,Athletic Club,1-1,Barcelona,Regular Season,,69181
1093,La Liga,2007/2008,2008-02-03,Barcelona,1-0,Osasuna,Regular Season,,69187
1094,La Liga,2007/2008,2008-02-09,Sevilla,1-1,Barcelona,Regular Season,,69146
1095,La Liga,2007/2008,2008-02-16,Real Zaragoza,1-2,Barcelona,Regular Season,,69182
1096,La Liga,2007/2008,2008-02-24,Barcelona,5-1,Levante UD,Regular Season,,68360
1097,La Liga,2007/2008,2008-03-01,Atlético Madrid,4-2,Barcelona,Regular Season,,68365
1098,La Liga,2007/2008,2008-04-12,Recreativo Huelva,2-2,Barcelona,Regular Season,,68358
1099,La Liga,2007/2008,2008-04-19,Barcelona,0-0,Espanyol,Regular Season,,68359
1100,La Liga,2007/2008,2008-05-04,Barcelona,6-0,Valencia,Regular Season,,69141
1101,La Liga,2007/2008,2008-05-07,Real Madrid,4-1,Barcelona,Regular Season,,68361
1102,La Liga,2007/2008,2008-05-11,Barcelona,2-3,Mallorca,Regular Season,,68366
1103,La Liga,2007/2008,2008-05-17,Real Murcia CF,3-5,Barcelona,Regular Season,,69186
1104,La Liga,2008/2009,2008-08-31,CD Numancia de Soria,1-0,Barcelona,Regular Season,,69147
1105,La Liga,2008/2009,2008-09-13,Barcelona,1-1,Racing Santander,Regular Season,,69215
1106,La Liga,2008/2009,2008-09-21,Sporting Gijón,1-6,Barcelona,Regular Season,,69138
1107,La Liga,2008/2009,2008-09-24,Barcelona,3-2,Real Betis,Regular Season,,69207
1108,La Liga,2008/2009,2008-09-27,Espanyol,1-2,Barcelona,Regular Season,,69211
1109,La Liga,2008/2009,2008-10-04,Barcelona,6-1,Atlético Madrid,Regular Season,,69212
1110,La Liga,2008/2009,2008-10-25,Barcelona,5-0,Almería,Regular Season,,69232
1111,La Liga,2008/2009,2008-11-01,Málaga,1-4,Barcelona,Regular Season,,69235
1112,La Liga,2008/2009,2008-11-08,Barcelona,6-0,Real Valladolid,Regular Season,,69279
1113,La Liga,2008/2009,2008-11-16,Recreativo Huelva,0-2,Barcelona,Regular Season,,69285
1114,La Liga,2008/2009,2008-11-29,Sevilla,0-3,Barcelona,Regular Season,,69171
1115,La Liga,2008/2009,2008-12-06,Barcelona,4-0,Valencia,Regular Season,,69149
1116,La Liga,2008/2009,2008-12-13,Barcelona,2-0,Real Madrid,Regular Season,,69225
1117,La Liga,2008/2009,2008-12-21,Villarreal,1-2,Barcelona,Regular Season,,69228
1118,La Liga,2008/2009,2009-01-11,Osasuna,2-3,Barcelona,Regular Season,,69230
1119,La Liga,2008/2009,2009-01-17,Barcelona,5-0,RC Deportivo La Coruña,Regular Season,,69183
1120,La Liga,2008/2009,2009-01-24,Barcelona,4-1,CD Numancia de Soria,Regular Season,,69189
1121,La Liga,2008/2009,2009-02-01,Racing Santander,1-2,Barcelona,Regular Season,,69209
1122,La Liga,2008/2009,2009-02-08,Barcelona,3-1,Sporting Gijón,Regular Season,,69231
1123,La Liga,2008/2009,2009-02-14,Real Betis,2-2,Barcelona,Regular Season,,69195
1124,La Liga,2008/2009,2009-02-21,Barcelona,1-2,Espanyol,Regular Season,,69139
1125,La Liga,2008/2009,2009-03-01,Atlético Madrid,4-3,Barcelona,Regular Season,,69185
1126,La Liga,2008/2009,2009-03-07,Barcelona,2-0,Athletic Club,Regular Season,,69216
1127,La Liga,2008/2009,2009-03-15,Almería,0-2,Barcelona,Regular Season,,69177
1128,La Liga,2008/2009,2009-03-22,Barcelona,6-0,Málaga,Regular Season,,69142
1129,La Liga,2008/2009,2009-04-04,Real Valladolid,0-1,Barcelona,Regular Season,,69273
1130,La Liga,2008/2009,2009-04-11,Barcelona,2-0,Recreativo Huelva,Regular Season,,69222
1131,La Liga,2008/2009,2009-04-18,Getafe,0-1,Barcelona,Regular Season,,69223
1132,La Liga,2008/2009,2009-04-25,Valencia,2-2,Barcelona,Regular Season,,69251
1133,La Liga,2008/2009,2009-05-02,Real Madrid,2-6,Barcelona,Regular Season,,69249
1134,La Liga,2008/2009,2009-05-10,Barcelona,3-3,Villarreal,Regular Season,,69217
1135,La Liga,2009/2010,2009-09-12,Getafe,0-2,Barcelona,Regular Season,,69229
1136,La Liga,2009/2010,2009-09-19,Barcelona,5-2,Atlético Madrid,Regular Season,,69292
1137,La Liga,2009/2010,2009-09-22,Racing Santander,1-4,Barcelona,Regular Season,,69254
1138,La Liga,2009/2010,2009-09-26,Málaga,0-2,Barcelona,Regular Season,,69255
1139,La Liga,2009/2010,2009-10-03,Barcelona,1-0,Almería,Regular Season,,69256
1140,La Liga,2009/2010,2009-10-17,Valencia,0-0,Barcelona,Regular Season,,69252
1141,La Liga,2009/2010,2009-10-25,Barcelona,6-1,Real Zaragoza,Regular Season,,69253
1142,La Liga,2009/2010,2009-10-31,Osasuna,1-1,Barcelona,Regular Season,,69277
1143,La Liga,2009/2010,2009-11-07,Barcelona,4-2,Mallorca,Regular Season,,69250
1144,La Liga,2009/2010,2009-11-21,Athletic Club,1-1,Barcelona,Regular Season,,69288
1145,La Liga,2009/2010,2009-11-29,Barcelona,1-0,Real Madrid,Regular Season,,69262
1146,La Liga,2009/2010,2009-12-02,Xerez,0-2,Barcelona,Regular Season,,69267
1147,La Liga,2009/2010,2009-12-05,RC Deportivo La Coruña,1-3,Barcelona,Regular Season,,69218
1148,La Liga,2009/2010,2010-01-10,Tenerife,0-5,Barcelona,Regular Season,,69219
1149,La Liga,2009/2010,2010-01-16,Barcelona,4-0,Sevilla,Regular Season,,69243
1150,La Liga,2009/2010,2010-01-23,Real Valladolid,0-3,Barcelona,Regular Season,,69210
1151,La Liga,2009/2010,2010-01-30,Sporting Gijón,0-1,Barcelona,Regular Season,,69220
1152,La Liga,2009/2010,2010-02-06,Barcelona,2-1,Getafe,Regular Season,,69240
1153,La Liga,2009/2010,2010-02-14,Atlético Madrid,2-1,Barcelona,Regular Season,,69237
1154,La Liga,2009/2010,2010-02-20,Barcelona,4-0,Racing Santander,Regular Season,,69233
1155,La Liga,2009/2010,2010-02-27,Barcelona,2-1,Málaga,Regular Season,,69238
1156,La Liga,2009/2010,2010-03-06,Almería,2-2,Barcelona,Regular Season,,69226
1157,La Liga,2009/2010,2010-03-14,Barcelona,3-0,Valencia,Regular Season,,69224
1158,La Liga,2009/2010,2010-03-21,Real Zaragoza,2-4,Barcelona,Regular Season,,69227
1159,La Liga,2009/2010,2010-03-24,Barcelona,2-0,Osasuna,Regular Season,,69257
1160,La Liga,2009/2010,2010-03-27,Mallorca,0-1,Barcelona,Regular Season,,69298
1161,La Liga,2009/2010,2010-04-03,Barcelona,4-1,Athletic Club,Regular Season,,69247
1162,La Liga,2009/2010,2010-04-10,Real Madrid,0-2,Barcelona,Regular Season,,69259
1163,La Liga,2009/2010,2010-04-14,Barcelona,3-0,RC Deportivo La Coruña,Regular Season,,69221
1164,La Liga,2009/2010,2010-04-17,Espanyol,0-0,Barcelona,Regular Season,,69213
1165,La Liga,2009/2010,2010-04-24,Barcelona,3-1,Xerez,Regular Season,,69214
1166,La Liga,2009/2010,2010-05-01,Villarreal,1-4,Barcelona,Regular Season,,69244
1167,La Liga,2009/2010,2010-05-04,Barcelona,4-1,Tenerife,Regular Season,,69241
1168,La Liga,2009/2010,2010-05-08,Sevilla,2-3,Barcelona,Regular Season,,69239
1169,La Liga,2009/2010,2010-05-16,Barcelona,4-0,Real Valladolid,Regular Season,,69242
1170,La Liga,2010/2011,2010-08-29,Racing Santander,0-3,Barcelona,Regular Season,,69286
1171,La Liga,2010/2011,2010-09-11,Barcelona,0-2,Hércules,Regular Season,,69287
1172,La Liga,2010/2011,2010-09-19,Atlético Madrid,1-2,Barcelona,Regular Season,,69269
1173,La Liga,2010/2011,2010-10-03,Barcelona,1-1,Mallorca,Regular Season,,69236
1174,La Liga,2010/2011,2010-10-16,Barcelona,2-1,Valencia,Regular Season,,69260
1175,La Liga,2010/2011,2010-10-23,Real Zaragoza,0-2,Barcelona,Regular Season,,69263
1176,La Liga,2010/2011,2010-10-30,Barcelona,5-0,Sevilla,Regular Season,,69289
1177,La Liga,2010/2011,2010-11-07,Getafe,1-3,Barcelona,Regular Season,,69270
1178,La Liga,2010/2011,2010-11-13,Barcelona,3-1,Villarreal,Regular Season,,69308
1179,La Liga,2010/2011,2010-11-20,Almería,0-8,Barcelona,Regular Season,,69306
1180,La Liga,2010/2011,2010-11-29,Barcelona,5-0,Real Madrid,Regular Season,,69299
1181,La Liga,2010/2011,2010-12-04,Osasuna,0-3,Barcelona,Regular Season,,69307
1182,La Liga,2010/2011,2010-12-12,Barcelona,5-0,Real Sociedad,Regular Season,,69302
1183,La Liga,2010/2011,2010-12-18,Espanyol,1-5,Barcelona,Regular Season,,69275
1184,La Liga,2010/2011,2011-01-08,RC Deportivo La Coruña,0-4,Barcelona,Regular Season,,69280
1185,La Liga,2010/2011,2011-01-16,Barcelona,4-1,Málaga,Regular Season,,69278
1186,La Liga,2010/2011,2011-01-22,Barcelona,3-0,Racing Santander,Regular Season,,69295
1187,La Liga,2010/2011,2011-01-29,Hércules,0-3,Barcelona,Regular Season,,69296
1188,La Liga,2010/2011,2011-02-05,Barcelona,3-0,Atlético Madrid,Regular Season,,69276
1189,La Liga,2010/2011,2011-02-12,Sporting Gijón,1-1,Barcelona,Regular Season,,69248
1190,La Liga,2010/2011,2011-02-20,Barcelona,2-1,Athletic Club,Regular Season,,69282
1191,La Liga,2010/2011,2011-02-26,Mallorca,0-3,Barcelona,Regular Season,,69283
1192,La Liga,2010/2011,2011-03-02,Valencia,0-1,Barcelona,Regular Season,,69274
1193,La Liga,2010/2011,2011-03-05,Barcelona,1-0,Real Zaragoza,Regular Season,,69300
1194,La Liga,2010/2011,2011-03-13,Sevilla,1-1,Barcelona,Regular Season,,69291
1195,La Liga,2010/2011,2011-03-19,Barcelona,2-1,Getafe,Regular Season,,69303
1196,La Liga,2010/2011,2011-04-02,Villarreal,0-1,Barcelona,Regular Season,,69304
1197,La Liga,2010/2011,2011-04-09,Barcelona,3-1,Almería,Regular Season,,69305
1198,La Liga,2010/2011,2011-04-16,Real Madrid,1-1,Barcelona,Regular Season,,69245
1199,La Liga,2010/2011,2011-04-23,Barcelona,2-0,Osasuna,Regular Season,,69271
1200,La Liga,2010/2011,2011-04-30,Real Sociedad,2-1,Barcelona,Regular Season,,69246
1201,La Liga,2010/2011,2011-05-08,Barcelona,2-0,Espanyol,Regular Season,,69234
1202,La Liga,2010/2011,2011-05-11,Levante UD,1-1,Barcelona,Regular Season,,69272
1203,La Liga,2011/2012,2011-08-29,Barcelona,5-0,Villarreal,Regular Season,,69268
1204,La Liga,2011/2012,2011-09-10,Real Sociedad,2-2,Barcelona,Regular Season,,69264
1205,La Liga,2011/2012,2011-09-17,Barcelona,8-0,Osasuna,Regular Season,,70220
1206,La Liga,2011/2012,2011-09-21,Valencia,2-2,Barcelona,Regular Season,,70223
1207,La Liga,2011/2012,2011-09-24,Barcelona,5-0,Atlético Madrid,Regular Season,,69297
1208,La Liga,2011/2012,2011-10-02,Sporting Gijón,0-1,Barcelona,Regular Season,,69265
1209,La Liga,2011/2012,2011-10-15,Barcelona,3-0,Racing Santander,Regular Season,,69293
1210,La Liga,2011/2012,2011-10-22,Barcelona,0-0,Sevilla,Regular Season,,69329
1211,La Liga,2011/2012,2011-10-25,Granada,0-1,Barcelona,Regular Season,,69318
1212,La Liga,2011/2012,2011-10-29,Barcelona,5-0,Mallorca,Regular Season,,69314
1213,La Liga,2011/2012,2011-11-06,Athletic Club,2-2,Barcelona,Regular Season,,69330
1214,La Liga,2011/2012,2011-11-19,Barcelona,4-0,Real Zaragoza,Regular Season,,69331
1215,La Liga,2011/2012,2011-11-26,Getafe,1-0,Barcelona,Regular Season,,69315
1216,La Liga,2011/2012,2011-11-29,Barcelona,4-0,Rayo Vallecano,Regular Season,,69332
1217,La Liga,2011/2012,2011-12-03,Barcelona,5-0,Levante UD,Regular Season,,69333
1218,La Liga,2011/2012,2011-12-10,Real Madrid,1-3,Barcelona,Regular Season,,69334
1219,La Liga,2011/2012,2012-01-08,Espanyol,1-1,Barcelona,Regular Season,,69312
1220,La Liga,2011/2012,2012-01-15,Barcelona,4-2,Real Betis,Regular Season,,69327
1221,La Liga,2011/2012,2012-01-22,Málaga,1-4,Barcelona,Regular Season,,69335
1222,La Liga,2011/2012,2012-01-28,Villarreal,0-0,Barcelona,Regular Season,,69338
1223,La Liga,2011/2012,2012-02-04,Barcelona,2-1,Real Sociedad,Regular Season,,69316
1224,La Liga,2011/2012,2012-02-11,Osasuna,3-2,Barcelona,Regular Season,,69336
1225,La Liga,2011/2012,2012-02-19,Barcelona,5-1,Valencia,Regular Season,,69328
1226,La Liga,2011/2012,2012-02-26,Atlético Madrid,1-2,Barcelona,Regular Season,,69337
1227,La Liga,2011/2012,2012-03-11,Racing Santander,0-2,Barcelona,Regular Season,,69322
1228,La Liga,2011/2012,2012-03-17,Sevilla,0-2,Barcelona,Regular Season,,69326
1229,La Liga,2011/2012,2012-03-20,Barcelona,5-3,Granada,Regular Season,,70225
1230,La Liga,2011/2012,2012-03-24,Mallorca,0-2,Barcelona,Regular Season,,69325
1231,La Liga,2011/2012,2012-03-31,Barcelona,2-0,Athletic Club,Regular Season,,69323
1232,La Liga,2011/2012,2012-04-07,Real Zaragoza,1-4,Barcelona,Regular Season,,70219
1233,La Liga,2011/2012,2012-04-10,Barcelona,4-0,Getafe,Regular Season,,69343
1234,La Liga,2011/2012,2012-04-14,Levante UD,1-2,Barcelona,Regular Season,,70221
1235,La Liga,2011/2012,2012-04-21,Barcelona,1-2,Real Madrid,Regular Season,,69324
1236,La Liga,2011/2012,2012-04-29,Rayo Vallecano,0-7,Barcelona,Regular Season,,70224
1237,La Liga,2011/2012,2012-05-02,Barcelona,4-1,Málaga,Regular Season,,69340
1238,La Liga,2011/2012,2012-05-05,Barcelona,4-0,Espanyol,Regular Season,,69320
1239,La Liga,2011/2012,2012-05-12,Real Betis,2-2,Barcelona,Regular Season,,69319
1240,La Liga,2012/2013,2012-08-19,Barcelona,5-1,Real Sociedad,Regular Season,,70259
1241,La Liga,2012/2013,2012-08-26,Osasuna,1-2,Barcelona,Regular Season,,70262
1242,La Liga,2012/2013,2012-09-02,Barcelona,1-0,Valencia,Regular Season,,70286
1243,La Liga,2012/2013,2012-09-15,Getafe,1-4,Barcelona,Regular Season,,70292
1244,La Liga,2012/2013,2012-09-22,Barcelona,2-0,Granada,Regular Season,,70270
1245,La Liga,2012/2013,2012-09-29,Sevilla,2-3,Barcelona,Regular Season,,70275
1246,La Liga,2012/2013,2012-10-07,Barcelona,2-2,Real Madrid,Regular Season,,70300
1247,La Liga,2012/2013,2012-10-20,RC Deportivo La Coruña,4-5,Barcelona,Regular Season,,70304
1248,La Liga,2012/2013,2012-10-27,Rayo Vallecano,0-5,Barcelona,Regular Season,,70276
1249,La Liga,2012/2013,2012-11-03,Barcelona,3-1,Celta Vigo,Regular Season,,70308
1250,La Liga,2012/2013,2012-11-11,Mallorca,2-4,Barcelona,Regular Season,,266724
1251,La Liga,2012/2013,2012-11-17,Barcelona,3-1,Real Zaragoza,Regular Season,,70309
1252,La Liga,2012/2013,2012-11-25,Levante UD,0-4,Barcelona,Regular Season,,70280
1253,La Liga,2012/2013,2012-12-01,Barcelona,5-1,Athletic Club,Regular Season,,70263
1254,La Liga,2012/2013,2012-12-09,Real Betis,1-2,Barcelona,Regular Season,,70295
1255,La Liga,2012/2013,2012-12-16,Barcelona,4-1,Atlético Madrid,Regular Season,,70296
1256,La Liga,2012/2013,2012-12-22,Real Valladolid,1-3,Barcelona,Regular Season,,266015
1257,La Liga,2012/2013,2013-01-06,Barcelona,4-0,Espanyol,Regular Season,,266433
1258,La Liga,2012/2013,2013-01-13,Málaga,1-3,Barcelona,Regular Season,,266827
1259,La Liga,2012/2013,2013-01-19,Real Sociedad,3-2,Barcelona,Regular Season,,70287
1260,La Liga,2012/2013,2013-01-27,Barcelona,5-1,Osasuna,Regular Season,,70260
1261,La Liga,2012/2013,2013-02-03,Valencia,1-1,Barcelona,Regular Season,,70282
1262,La Liga,2012/2013,2013-02-10,Barcelona,6-1,Getafe,Regular Season,,70297
1263,La Liga,2012/2013,2013-02-16,Granada,1-2,Barcelona,Regular Season,,70294
1264,La Liga,2012/2013,2013-02-23,Barcelona,2-1,Sevilla,Regular Season,,70271
1265,La Liga,2012/2013,2013-03-02,Real Madrid,2-1,Barcelona,Regular Season,,70272
1266,La Liga,2012/2013,2013-03-09,Barcelona,2-0,RC Deportivo La Coruña,Regular Season,,70305
1267,La Liga,2012/2013,2013-03-17,Barcelona,3-1,Rayo Vallecano,Regular Season,,70307
1268,La Liga,2012/2013,2013-03-30,Celta Vigo,2-2,Barcelona,Regular Season,,70256
1269,La Liga,2012/2013,2013-04-27,Athletic Club,2-2,Barcelona,Regular Season,,267502
1270,La Liga,2012/2013,2013-05-05,Barcelona,4-2,Real Betis,Regular Season,,70281
1271,La Liga,2012/2013,2013-05-12,Atlético Madrid,1-2,Barcelona,Regular Season,,70284
1272,La Liga,2013/2014,2013-08-18,Barcelona,7-0,Levante UD,Regular Season,,70277
1273,La Liga,2013/2014,2013-09-01,Valencia,2-3,Barcelona,Regular Season,,70298
1274,La Liga,2013/2014,2013-09-14,Barcelona,3-2,Sevilla,Regular Season,,70301
1275,La Liga,2013/2014,2013-09-21,Rayo Vallecano,0-4,Barcelona,Regular Season,,70302
1276,La Liga,2013/2014,2013-09-24,Barcelona,4-1,Real Sociedad,Regular Season,,267520
1277,La Liga,2013/2014,2013-09-28,Almería,0-2,Barcelona,Regular Season,,266420
1278,La Liga,2013/2014,2013-10-19,Osasuna,0-0,Barcelona,Regular Season,,266462
1279,La Liga,2013/2014,2013-10-26,Barcelona,2-1,Real Madrid,Regular Season,,70293
1280,La Liga,2013/2014,2013-10-29,Celta Vigo,0-3,Barcelona,Regular Season,,267192
1281,La Liga,2013/2014,2013-11-01,Barcelona,1-0,Espanyol,Regular Season,,70283
1282,La Liga,2013/2014,2013-11-10,Real Betis,1-4,Barcelona,Regular Season,,266883
1283,La Liga,2013/2014,2014-01-11,Atlético Madrid,0-0,Barcelona,Regular Season,,265830
1284,La Liga,2013/2014,2014-01-19,Levante UD,1-1,Barcelona,Regular Season,,70288
1285,La Liga,2013/2014,2014-01-26,Barcelona,3-0,Málaga,Regular Season,,70291
1286,La Liga,2013/2014,2014-02-01,Barcelona,2-3,Valencia,Regular Season,,266613
1287,La Liga,2013/2014,2014-02-09,Sevilla,1-4,Barcelona,Regular Season,,267675
1288,La Liga,2013/2014,2014-02-15,Barcelona,6-0,Rayo Vallecano,Regular Season,,265918
1289,La Liga,2013/2014,2014-02-22,Real Sociedad,3-1,Barcelona,Regular Season,,265837
1290,La Liga,2013/2014,2014-03-02,Barcelona,4-1,Almería,Regular Season,,266066
1291,La Liga,2013/2014,2014-03-08,Real Valladolid,1-0,Barcelona,Regular Season,,266603
1292,La Liga,2013/2014,2014-03-16,Barcelona,7-0,Osasuna,Regular Season,,266074
1293,La Liga,2013/2014,2014-03-23,Real Madrid,3-4,Barcelona,Regular Season,,265857
1294,La Liga,2013/2014,2014-03-26,Barcelona,3-0,Celta Vigo,Regular Season,,266274
1295,La Liga,2013/2014,2014-03-29,Espanyol,0-1,Barcelona,Regular Season,,70306
1296,La Liga,2013/2014,2014-04-05,Barcelona,3-1,Real Betis,Regular Season,,267368
1297,La Liga,2013/2014,2014-04-12,Granada,1-0,Barcelona,Regular Season,,267138
1298,La Liga,2013/2014,2014-04-20,Barcelona,2-1,Athletic Club,Regular Season,,267567
1299,La Liga,2013/2014,2014-04-27,Villarreal,2-3,Barcelona,Regular Season,,70289
1300,La Liga,2013/2014,2014-05-03,Barcelona,2-2,Getafe,Regular Season,,266491
1301,La Liga,2013/2014,2014-05-11,Elche,0-0,Barcelona,Regular Season,,266201
1302,La Liga,2013/2014,2014-05-17,Barcelona,1-1,Atlético Madrid,Regular Season,,266256
1303,La Liga,2014/2015,2014-08-24,Barcelona,3-0,Elche,Regular Season,,266921
1304,La Liga,2014/2015,2014-08-31,Villarreal,0-1,Barcelona,Regular Season,,266406
1305,La Liga,2014/2015,2014-09-13,Barcelona,2-0,Athletic Club,Regular Season,,70273
1306,La Liga,2014/2015,2014-09-21,Levante UD,0-5,Barcelona,Regular Season,,266770
1307,La Liga,2014/2015,2014-09-24,Málaga,0-0,Barcelona,Regular Season,,266838
1308,La Liga,2014/2015,2014-09-27,Barcelona,6-0,Granada,Regular Season,,266117
1309,La Liga,2014/2015,2014-10-04,Rayo Vallecano,0-2,Barcelona,Regular Season,,267561
1310,La Liga,2014/2015,2014-10-18,Barcelona,3-0,Eibar,Regular Season,,265896
1311,La Liga,2014/2015,2014-10-25,Real Madrid,3-1,Barcelona,Regular Season,,267085
1312,La Liga,2014/2015,2014-11-01,Barcelona,0-1,Celta Vigo,Regular Season,,267301
1313,La Liga,2014/2015,2014-11-08,Almería,1-2,Barcelona,Regular Season,,267499
1314,La Liga,2014/2015,2014-11-22,Barcelona,5-1,Sevilla,Regular Season,,265835
1315,La Liga,2014/2015,2014-11-30,Valencia,0-1,Barcelona,Regular Season,,266560
1316,La Liga,2014/2015,2014-12-07,Barcelona,5-1,Espanyol,Regular Season,,266320
1317,La Liga,2014/2015,2014-12-13,Getafe,0-0,Barcelona,Regular Season,,70264
1318,La Liga,2014/2015,2014-12-20,Barcelona,5-0,Córdoba CF,Regular Season,,266846
1319,La Liga,2014/2015,2015-01-04,Real Sociedad,1-0,Barcelona,Regular Season,,266240
1320,La Liga,2014/2015,2015-01-11,Barcelona,3-1,Atlético Madrid,Regular Season,,70303
1321,La Liga,2014/2015,2015-01-18,RC Deportivo La Coruña,0-4,Barcelona,Regular Season,,266230
1322,La Liga,2014/2015,2015-01-24,Elche,0-6,Barcelona,Regular Season,,266794
1323,La Liga,2014/2015,2015-02-01,Barcelona,3-2,Villarreal,Regular Season,,267597
1324,La Liga,2014/2015,2015-02-08,Athletic Club,2-5,Barcelona,Regular Season,,266871
1325,La Liga,2014/2015,2015-02-15,Barcelona,5-0,Levante UD,Regular Season,,266741
1326,La Liga,2014/2015,2015-02-21,Barcelona,0-1,Málaga,Regular Season,,266148
1327,La Liga,2014/2015,2015-02-28,Granada,1-3,Barcelona,Regular Season,,267343
1328,La Liga,2014/2015,2015-03-08,Barcelona,6-1,Rayo Vallecano,Regular Season,,266916
1329,La Liga,2014/2015,2015-03-14,Eibar,0-2,Barcelona,Regular Season,,266967
1330,La Liga,2014/2015,2015-03-22,Barcelona,2-1,Real Madrid,Regular Season,,267183
1331,La Liga,2014/2015,2015-04-05,Celta Vigo,0-1,Barcelona,Regular Season,,266929
1332,La Liga,2014/2015,2015-04-08,Barcelona,4-0,Almería,Regular Season,,267400
1333,La Liga,2014/2015,2015-04-11,Sevilla,2-2,Barcelona,Regular Season,,266142
1334,La Liga,2014/2015,2015-04-18,Barcelona,2-0,Valencia,Regular Season,,266525
1335,La Liga,2014/2015,2015-04-25,Espanyol,0-2,Barcelona,Regular Season,,266531
1336,La Liga,2014/2015,2015-04-28,Barcelona,6-0,Getafe,Regular Season,,265963
1337,La Liga,2014/2015,2015-05-02,Córdoba CF,0-8,Barcelona,Regular Season,,265866
1338,La Liga,2014/2015,2015-05-09,Barcelona,2-0,Real Sociedad,Regular Season,,266045
1339,La Liga,2014/2015,2015-05-17,Atlético Madrid,0-1,Barcelona,Regular Season,,266631
1340,La Liga,2014/2015,2015-05-23,Barcelona,2-2,RC Deportivo La Coruña,Regular Season,,267197
1341,La Liga,2015/2016,2015-08-21,Málaga,0-0,Sevilla,Regular Season,,3825562
1342,La Liga,2015/2016,2015-08-22,Atlético Madrid,1-0,Las Palmas,Regular Season,,3825563
1343,La Liga,2015/2016,2015-08-22,Espanyol,1-0,Getafe,Regular Season,,3825565
1344,La Liga,2015/2016,2015-08-22,RC Deportivo La Coruña,0-0,Real Sociedad,Regular Season,,3825564
1345,La Liga,2015/2016,2015-08-22,Rayo Vallecano,0-0,Valencia,Regular Season,,3825566
1346,La Liga,2015/2016,2015-08-23,Athletic Club,0-1,Barcelona,Regular Season,,266236
1347,La Liga,2015/2016,2015-08-23,Levante UD,1-2,Celta Vigo,Regular Season,,3825569
1348,La Liga,2015/2016,2015-08-23,Real Betis,1-1,Villarreal,Regular Season,,3825568
1349,La Liga,2015/2016,2015-08-23,Sporting Gijón,0-0,Real Madrid,Regular Season,,3825567
1350,La Liga,2015/2016,2015-08-24,Granada,1-3,Eibar,Regular Season,,3825570
1351,La Liga,2015/2016,2015-08-28,Villarreal,3-1,Espanyol,Regular Season,,3825571
1352,La Liga,2015/2016,2015-08-29,Barcelona,1-0,Málaga,Regular Season,,267422
1353,La Liga,2015/2016,2015-08-29,Celta Vigo,3-0,Rayo Vallecano,Regular Season,,3825574
1354,La Liga,2015/2016,2015-08-29,Real Madrid,5-0,Real Betis,Regular Season,,3825572
1355,La Liga,2015/2016,2015-08-29,Real Sociedad,0-0,Sporting Gijón,Regular Season,,3825573
1356,La Liga,2015/2016,2015-08-30,Eibar,2-0,Athletic Club,Regular Season,,3825578
1357,La Liga,2015/2016,2015-08-30,Getafe,1-2,Granada,Regular Season,,3825577
1358,La Liga,2015/2016,2015-08-30,Las Palmas,0-0,Levante UD,Regular Season,,3825575
1359,La Liga,2015/2016,2015-08-30,Sevilla,0-3,Atlético Madrid,Regular Season,,3825579
1360,La Liga,2015/2016,2015-08-30,Valencia,1-1,RC Deportivo La Coruña,Regular Season,,3825576
1361,La Liga,2015/2016,2015-09-11,Levante UD,1-1,Sevilla,Regular Season,,3825580
1362,La Liga,2015/2016,2015-09-12,Atlético Madrid,1-2,Barcelona,Regular Season,,266166
1363,La Liga,2015/2016,2015-09-12,Espanyol,0-6,Real Madrid,Regular Season,,3825581
1364,La Liga,2015/2016,2015-09-12,Real Betis,1-0,Real Sociedad,Regular Season,,3825582
1365,La Liga,2015/2016,2015-09-12,Sporting Gijón,0-1,Valencia,Regular Season,,3825583
1366,La Liga,2015/2016,2015-09-13,Athletic Club,3-1,Getafe,Regular Season,,3825587
1367,La Liga,2015/2016,2015-09-13,Celta Vigo,3-3,Las Palmas,Regular Season,,3825585
1368,La Liga,2015/2016,2015-09-13,Granada,1-3,Villarreal,Regular Season,,3825584
1369,La Liga,2015/2016,2015-09-13,Málaga,0-0,Eibar,Regular Season,,3825586
1370,La Liga,2015/2016,2015-09-14,Rayo Vallecano,1-3,RC Deportivo La Coruña,Regular Season,,3825588
1371,La Liga,2015/2016,2015-09-18,Getafe,1-0,Málaga,Regular Season,,3825589
1372,La Liga,2015/2016,2015-09-19,Eibar,0-2,Atlético Madrid,Regular Season,,3825593
1373,La Liga,2015/2016,2015-09-19,Real Madrid,1-0,Granada,Regular Season,,3825590
1374,La Liga,2015/2016,2015-09-19,Real Sociedad,2-3,Espanyol,Regular Season,,3825592
1375,La Liga,2015/2016,2015-09-19,Valencia,0-0,Real Betis,Regular Season,,3825591
1376,La Liga,2015/2016,2015-09-20,Barcelona,4-1,Levante UD,Regular Season,,266490
1377,La Liga,2015/2016,2015-09-20,Las Palmas,0-1,Rayo Vallecano,Regular Season,,3825597
1378,La Liga,2015/2016,2015-09-20,RC Deportivo La Coruña,2-3,Sporting Gijón,Regular Season,,3825596
1379,La Liga,2015/2016,2015-09-20,Sevilla,1-2,Celta Vigo,Regular Season,,3825594
1380,La Liga,2015/2016,2015-09-20,Villarreal,3-1,Athletic Club,Regular Season,,3825595
1381,La Liga,2015/2016,2015-09-22,Atlético Madrid,2-0,Getafe,Regular Season,,3825598
1382,La Liga,2015/2016,2015-09-22,Espanyol,1-0,Valencia,Regular Season,,3825599
1383,La Liga,2015/2016,2015-09-22,Granada,0-3,Real Sociedad,Regular Season,,3825892
1384,La Liga,2015/2016,2015-09-23,Athletic Club,1-2,Real Madrid,Regular Season,,3825602
1385,La Liga,2015/2016,2015-09-23,Celta Vigo,4-1,Barcelona,Regular Season,,266467
1386,La Liga,2015/2016,2015-09-23,Las Palmas,2-0,Sevilla,Regular Season,,3825895
1387,La Liga,2015/2016,2015-09-23,Levante UD,2-2,Eibar,Regular Season,,3825848
1388,La Liga,2015/2016,2015-09-23,Málaga,0-1,Villarreal,Regular Season,,3825600
1389,La Liga,2015/2016,2015-09-23,Rayo Vallecano,2-1,Sporting Gijón,Regular Season,,3825601
1390,La Liga,2015/2016,2015-09-24,Real Betis,1-2,RC Deportivo La Coruña,Regular Season,,3825603
1391,La Liga,2015/2016,2015-09-25,Valencia,1-0,Granada,Regular Season,,3825604
1392,La Liga,2015/2016,2015-09-26,Barcelona,2-1,Las Palmas,Regular Season,,267611
1393,La Liga,2015/2016,2015-09-26,Eibar,1-1,Celta Vigo,Regular Season,,3825608
1394,La Liga,2015/2016,2015-09-26,Real Madrid,0-0,Málaga,Regular Season,,3825606
1395,La Liga,2015/2016,2015-09-26,Sevilla,3-2,Rayo Vallecano,Regular Season,,3825605
1396,La Liga,2015/2016,2015-09-26,Villarreal,1-0,Atlético Madrid,Regular Season,,3825607
1397,La Liga,2015/2016,2015-09-27,Getafe,3-0,Levante UD,Regular Season,,3825612
1398,La Liga,2015/2016,2015-09-27,RC Deportivo La Coruña,3-0,Espanyol,Regular Season,,3825611
1399,La Liga,2015/2016,2015-09-27,Real Sociedad,0-0,Athletic Club,Regular Season,,3825609
1400,La Liga,2015/2016,2015-09-27,Sporting Gijón,1-2,Real Betis,Regular Season,,3825610
1401,La Liga,2015/2016,2015-10-02,Celta Vigo,0-0,Getafe,Regular Season,,3825613
1402,La Liga,2015/2016,2015-10-03,Espanyol,1-2,Sporting Gijón,Regular Season,,3825615
1403,La Liga,2015/2016,2015-10-03,Granada,1-1,RC Deportivo La Coruña,Regular Season,,3825614
1404,La Liga,2015/2016,2015-10-03,Las Palmas,0-2,Eibar,Regular Season,,3825618
1405,La Liga,2015/2016,2015-10-03,Málaga,3-1,Real Sociedad,Regular Season,,3825616
1406,La Liga,2015/2016,2015-10-03,Sevilla,2-1,Barcelona,Regular Season,,3825617
1407,La Liga,2015/2016,2015-10-04,Athletic Club,3-1,Valencia,Regular Season,,3825622
1408,La Liga,2015/2016,2015-10-04,Atlético Madrid,1-1,Real Madrid,Regular Season,,3825621
1409,La Liga,2015/2016,2015-10-04,Levante UD,1-0,Villarreal,Regular Season,,3825619
1410,La Liga,2015/2016,2015-10-04,Rayo Vallecano,0-2,Real Betis,Regular Season,,3825620
1411,La Liga,2015/2016,2015-10-17,Barcelona,5-2,Rayo Vallecano,Regular Season,,3825627
1412,La Liga,2015/2016,2015-10-17,Eibar,1-1,Sevilla,Regular Season,,3825624
1413,La Liga,2015/2016,2015-10-17,Real Betis,1-3,Espanyol,Regular Season,,3825626
1414,La Liga,2015/2016,2015-10-17,Real Madrid,3-0,Levante UD,Regular Season,,3825625
1415,La Liga,2015/2016,2015-10-17,Valencia,3-0,Málaga,Regular Season,,3825623
1416,La Liga,2015/2016,2015-10-18,Getafe,4-0,Las Palmas,Regular Season,,3825628
1417,La Liga,2015/2016,2015-10-18,RC Deportivo La Coruña,2-2,Athletic Club,Regular Season,,3825630
1418,La Liga,2015/2016,2015-10-18,Real Sociedad,0-2,Atlético Madrid,Regular Season,,3825631
1419,La Liga,2015/2016,2015-10-18,Villarreal,1-2,Celta Vigo,Regular Season,,3825629
1420,La Liga,2015/2016,2015-10-19,Sporting Gijón,3-3,Granada,Regular Season,,3825632
1421,La Liga,2015/2016,2015-10-23,Rayo Vallecano,3-0,Espanyol,Regular Season,,3825633
1422,La Liga,2015/2016,2015-10-24,Celta Vigo,1-3,Real Madrid,Regular Season,,3825635
1423,La Liga,2015/2016,2015-10-24,Granada,1-1,Real Betis,Regular Season,,3825634
1424,La Liga,2015/2016,2015-10-24,Málaga,2-0,RC Deportivo La Coruña,Regular Season,,3825636
1425,La Liga,2015/2016,2015-10-24,Sevilla,5-0,Getafe,Regular Season,,3825874
1426,La Liga,2015/2016,2015-10-25,Atlético Madrid,2-1,Valencia,Regular Season,,3825638
1427,La Liga,2015/2016,2015-10-25,Barcelona,3-1,Eibar,Regular Season,,3825637
1428,La Liga,2015/2016,2015-10-25,Las Palmas,0-0,Villarreal,Regular Season,,3825639
1429,La Liga,2015/2016,2015-10-25,Levante UD,0-4,Real Sociedad,Regular Season,,3825640
1430,La Liga,2015/2016,2015-10-26,Athletic Club,3-0,Sporting Gijón,Regular Season,,3825641
1431,La Liga,2015/2016,2015-10-30,RC Deportivo La Coruña,1-1,Atlético Madrid,Regular Season,,3825642
1432,La Liga,2015/2016,2015-10-31,Getafe,0-2,Barcelona,Regular Season,,3825645
1433,La Liga,2015/2016,2015-10-31,Real Madrid,3-1,Las Palmas,Regular Season,,3825643
1434,La Liga,2015/2016,2015-10-31,Real Sociedad,2-3,Celta Vigo,Regular Season,,3825644
1435,La Liga,2015/2016,2015-10-31,Valencia,3-0,Levante UD,Regular Season,,3825647
1436,La Liga,2015/2016,2015-10-31,Villarreal,2-1,Sevilla,Regular Season,,3825646
1437,La Liga,2015/2016,2015-11-01,Eibar,1-0,Rayo Vallecano,Regular Season,,3825648
1438,La Liga,2015/2016,2015-11-01,Espanyol,1-1,Granada,Regular Season,,3825651
1439,La Liga,2015/2016,2015-11-01,Real Betis,1-3,Athletic Club,Regular Season,,3825650
1440,La Liga,2015/2016,2015-11-01,Sporting Gijón,1-0,Málaga,Regular Season,,3825649
1441,La Liga,2015/2016,2015-11-06,Las Palmas,2-0,Real Sociedad,Regular Season,,3825652
1442,La Liga,2015/2016,2015-11-07,Celta Vigo,1-5,Valencia,Regular Season,,3825654
1443,La Liga,2015/2016,2015-11-07,Eibar,3-1,Getafe,Regular Season,,3825653
1444,La Liga,2015/2016,2015-11-07,Levante UD,1-1,RC Deportivo La Coruña,Regular Season,,3825656
1445,La Liga,2015/2016,2015-11-07,Málaga,0-1,Real Betis,Regular Season,,3825657
1446,La Liga,2015/2016,2015-11-07,Rayo Vallecano,2-1,Granada,Regular Season,,3825655
1447,La Liga,2015/2016,2015-11-08,Athletic Club,2-1,Espanyol,Regular Season,,3825659
1448,La Liga,2015/2016,2015-11-08,Atlético Madrid,1-0,Sporting Gijón,Regular Season,,3825658
1449,La Liga,2015/2016,2015-11-08,Barcelona,3-0,Villarreal,Regular Season,,3825660
1450,La Liga,2015/2016,2015-11-08,Sevilla,3-2,Real Madrid,Regular Season,,3825661
1451,La Liga,2015/2016,2015-11-21,Espanyol,2-0,Málaga,Regular Season,,3825663
1452,La Liga,2015/2016,2015-11-21,RC Deportivo La Coruña,2-0,Celta Vigo,Regular Season,,3825662
1453,La Liga,2015/2016,2015-11-21,Real Madrid,0-4,Barcelona,Regular Season,,266424
1454,La Liga,2015/2016,2015-11-21,Real Sociedad,2-0,Sevilla,Regular Season,,3825664
1455,La Liga,2015/2016,2015-11-21,Valencia,1-1,Las Palmas,Regular Season,,3825888
1456,La Liga,2015/2016,2015-11-22,Granada,2-0,Athletic Club,Regular Season,,3825665
1457,La Liga,2015/2016,2015-11-22,Real Betis,0-1,Atlético Madrid,Regular Season,,3825666
1458,La Liga,2015/2016,2015-11-22,Sporting Gijón,0-3,Levante UD,Regular Season,,3825668
1459,La Liga,2015/2016,2015-11-22,Villarreal,1-1,Eibar,Regular Season,,3825667
1460,La Liga,2015/2016,2015-11-23,Getafe,1-1,Rayo Vallecano,Regular Season,,3825669
1461,La Liga,2015/2016,2015-11-27,Levante UD,0-1,Real Betis,Regular Season,,3825670
1462,La Liga,2015/2016,2015-11-28,Atlético Madrid,1-0,Espanyol,Regular Season,,3825674
1463,La Liga,2015/2016,2015-11-28,Barcelona,4-0,Real Sociedad,Regular Season,,266885
1464,La Liga,2015/2016,2015-11-28,Celta Vigo,2-1,Sporting Gijón,Regular Season,,3825671
1465,La Liga,2015/2016,2015-11-28,Las Palmas,0-2,RC Deportivo La Coruña,Regular Season,,3825673
1466,La Liga,2015/2016,2015-11-28,Málaga,2-2,Granada,Regular Season,,3825672
1467,La Liga,2015/2016,2015-11-29,Eibar,0-2,Real Madrid,Regular Season,,3825678
1468,La Liga,2015/2016,2015-11-29,Getafe,2-0,Villarreal,Regular Season,,3825676
1469,La Liga,2015/2016,2015-11-29,Rayo Vallecano,0-3,Athletic Club,Regular Season,,3825675
1470,La Liga,2015/2016,2015-11-29,Sevilla,1-0,Valencia,Regular Season,,3825677
1471,La Liga,2015/2016,2015-12-05,Granada,0-2,Atlético Madrid,Regular Season,,3825682
1472,La Liga,2015/2016,2015-12-05,RC Deportivo La Coruña,1-1,Sevilla,Regular Season,,3825680
1473,La Liga,2015/2016,2015-12-05,Real Betis,1-1,Celta Vigo,Regular Season,,3825679
1474,La Liga,2015/2016,2015-12-05,Real Madrid,4-1,Getafe,Regular Season,,3825681
1475,La Liga,2015/2016,2015-12-05,Valencia,1-1,Barcelona,Regular Season,,267274
1476,La Liga,2015/2016,2015-12-06,Athletic Club,0-0,Málaga,Regular Season,,3825686
1477,La Liga,2015/2016,2015-12-06,Real Sociedad,2-1,Eibar,Regular Season,,3825683
1478,La Liga,2015/2016,2015-12-06,Sporting Gijón,3-1,Las Palmas,Regular Season,,3825685
1479,La Liga,2015/2016,2015-12-06,Villarreal,2-1,Rayo Vallecano,Regular Season,,3825684
1480,La Liga,2015/2016,2015-12-07,Espanyol,1-1,Levante UD,Regular Season,,3825687
1481,La Liga,2015/2016,2015-12-11,Getafe,1-1,Real Sociedad,Regular Season,,3825688
1482,La Liga,2015/2016,2015-12-12,Barcelona,2-2,RC Deportivo La Coruña,Regular Season,,266961
1483,La Liga,2015/2016,2015-12-12,Celta Vigo,1-0,Espanyol,Regular Season,,3825689
1484,La Liga,2015/2016,2015-12-12,Las Palmas,1-0,Real Betis,Regular Season,,3825690
1485,La Liga,2015/2016,2015-12-12,Levante UD,1-2,Granada,Regular Season,,3825691
1486,La Liga,2015/2016,2015-12-12,Sevilla,2-0,Sporting Gijón,Regular Season,,3825692
1487,La Liga,2015/2016,2015-12-13,Atlético Madrid,2-1,Athletic Club,Regular Season,,3825693
1488,La Liga,2015/2016,2015-12-13,Eibar,1-1,Valencia,Regular Season,,3825694
1489,La Liga,2015/2016,2015-12-13,Rayo Vallecano,1-2,Málaga,Regular Season,,3825696
1490,La Liga,2015/2016,2015-12-13,Villarreal,1-0,Real Madrid,Regular Season,,3825695
1491,La Liga,2015/2016,2015-12-19,Espanyol,1-0,Las Palmas,Regular Season,,3825891
1492,La Liga,2015/2016,2015-12-19,RC Deportivo La Coruña,2-0,Eibar,Regular Season,,3825698
1493,La Liga,2015/2016,2015-12-19,Real Betis,0-0,Sevilla,Regular Season,,3825699
1494,La Liga,2015/2016,2015-12-19,Valencia,2-2,Getafe,Regular Season,,3825697
1495,La Liga,2015/2016,2015-12-20,Athletic Club,2-0,Levante UD,Regular Season,,3825703
1496,La Liga,2015/2016,2015-12-20,Granada,0-2,Celta Vigo,Regular Season,,3825704
1497,La Liga,2015/2016,2015-12-20,Málaga,1-0,Atlético Madrid,Regular Season,,3825701
1498,La Liga,2015/2016,2015-12-20,Real Madrid,10-2,Rayo Vallecano,Regular Season,,3825700
1499,La Liga,2015/2016,2015-12-20,Real Sociedad,0-2,Villarreal,Regular Season,,3825702
1500,La Liga,2015/2016,2015-12-30,Barcelona,4-0,Real Betis,Regular Season,,267327
1501,La Liga,2015/2016,2015-12-30,Celta Vigo,0-1,Athletic Club,Regular Season,,3825706
1502,La Liga,2015/2016,2015-12-30,Eibar,2-0,Sporting Gijón,Regular Season,,3825705
1503,La Liga,2015/2016,2015-12-30,Getafe,0-0,RC Deportivo La Coruña,Regular Season,,3825712
1504,La Liga,2015/2016,2015-12-30,Las Palmas,4-1,Granada,Regular Season,,3825707
1505,La Liga,2015/2016,2015-12-30,Levante UD,0-1,Málaga,Regular Season,,3825708
1506,La Liga,2015/2016,2015-12-30,Rayo Vallecano,0-2,Atlético Madrid,Regular Season,,3825711
1507,La Liga,2015/2016,2015-12-30,Real Madrid,3-1,Real Sociedad,Regular Season,,3825710
1508,La Liga,2015/2016,2015-12-30,Sevilla,2-0,Espanyol,Regular Season,,3825709
1509,La Liga,2015/2016,2015-12-31,Villarreal,1-0,Valencia,Regular Season,,3825713
1510,La Liga,2015/2016,2016-01-02,Atlético Madrid,1-0,Levante UD,Regular Season,,3825714
1511,La Liga,2015/2016,2016-01-02,Espanyol,0-0,Barcelona,Regular Season,,266670
1512,La Liga,2015/2016,2016-01-02,Málaga,2-0,Celta Vigo,Regular Season,,3825715
1513,La Liga,2015/2016,2016-01-03,Athletic Club,2-2,Las Palmas,Regular Season,,3825719
1514,La Liga,2015/2016,2016-01-03,Granada,2-1,Sevilla,Regular Season,,3825717
1515,La Liga,2015/2016,2016-01-03,RC Deportivo La Coruña,1-2,Villarreal,Regular Season,,3825721
1516,La Liga,2015/2016,2016-01-03,Rayo Vallecano,2-2,Real Sociedad,Regular Season,,3825716
1517,La Liga,2015/2016,2016-01-03,Real Betis,0-4,Eibar,Regular Season,,3825720
1518,La Liga,2015/2016,2016-01-03,Valencia,2-2,Real Madrid,Regular Season,,3825718
1519,La Liga,2015/2016,2016-01-04,Sporting Gijón,1-2,Getafe,Regular Season,,3825722
1520,La Liga,2015/2016,2016-01-09,Barcelona,4-0,Granada,Regular Season,,266620
1521,La Liga,2015/2016,2016-01-09,Getafe,1-0,Real Betis,Regular Season,,3825725
1522,La Liga,2015/2016,2016-01-09,Levante UD,2-1,Rayo Vallecano,Regular Season,,3825723
1523,La Liga,2015/2016,2016-01-09,Real Madrid,5-0,RC Deportivo La Coruña,Regular Season,,3825724
1524,La Liga,2015/2016,2016-01-09,Sevilla,2-0,Athletic Club,Regular Season,,3825726
1525,La Liga,2015/2016,2016-01-10,Celta Vigo,0-2,Atlético Madrid,Regular Season,,3825728
1526,La Liga,2015/2016,2016-01-10,Eibar,2-1,Espanyol,Regular Season,,3825727
1527,La Liga,2015/2016,2016-01-10,Las Palmas,1-1,Málaga,Regular Season,,3825731
1528,La Liga,2015/2016,2016-01-10,Real Sociedad,2-0,Valencia,Regular Season,,3825730
1529,La Liga,2015/2016,2016-01-10,Villarreal,2-0,Sporting Gijón,Regular Season,,3825729
1530,La Liga,2015/2016,2016-01-16,Celta Vigo,4-3,Levante UD,Regular Season,,3825732
1531,La Liga,2015/2016,2016-01-16,Real Sociedad,1-1,RC Deportivo La Coruña,Regular Season,,3825734
1532,La Liga,2015/2016,2016-01-16,Sevilla,2-1,Málaga,Regular Season,,3825733
1533,La Liga,2015/2016,2016-01-16,Villarreal,0-0,Real Betis,Regular Season,,3825735
1534,La Liga,2015/2016,2016-01-17,Barcelona,6-0,Athletic Club,Regular Season,,266149
1535,La Liga,2015/2016,2016-01-17,Getafe,3-1,Espanyol,Regular Season,,3825737
1536,La Liga,2015/2016,2016-01-17,Las Palmas,0-3,Atlético Madrid,Regular Season,,3825738
1537,La Liga,2015/2016,2016-01-17,Real Madrid,5-1,Sporting Gijón,Regular Season,,3825739
1538,La Liga,2015/2016,2016-01-17,Valencia,2-2,Rayo Vallecano,Regular Season,,3825736
1539,La Liga,2015/2016,2016-01-18,Eibar,5-1,Granada,Regular Season,,3825740
1540,La Liga,2015/2016,2016-01-22,Sporting Gijón,5-1,Real Sociedad,Regular Season,,3825741
1541,La Liga,2015/2016,2016-01-23,Espanyol,2-2,Villarreal,Regular Season,,3825744
1542,La Liga,2015/2016,2016-01-23,Granada,3-2,Getafe,Regular Season,,3825742
1543,La Liga,2015/2016,2016-01-23,Málaga,1-2,Barcelona,Regular Season,,265894
1544,La Liga,2015/2016,2016-01-23,Rayo Vallecano,3-0,Celta Vigo,Regular Season,,3825743
1545,La Liga,2015/2016,2016-01-24,Athletic Club,5-2,Eibar,Regular Season,,3825747
1546,La Liga,2015/2016,2016-01-24,Atlético Madrid,0-0,Sevilla,Regular Season,,3825748
1547,La Liga,2015/2016,2016-01-24,RC Deportivo La Coruña,1-1,Valencia,Regular Season,,3825745
1548,La Liga,2015/2016,2016-01-24,Real Betis,1-1,Real Madrid,Regular Season,,3825746
1549,La Liga,2015/2016,2016-01-25,Levante UD,3-2,Las Palmas,Regular Season,,3825749
1550,La Liga,2015/2016,2016-01-30,Barcelona,2-1,Atlético Madrid,Regular Season,,267576
1551,La Liga,2015/2016,2016-01-30,Eibar,1-2,Málaga,Regular Season,,3825752
1552,La Liga,2015/2016,2016-01-30,Getafe,0-1,Athletic Club,Regular Season,,3825751
1553,La Liga,2015/2016,2016-01-30,Real Sociedad,2-1,Real Betis,Regular Season,,3825750
1554,La Liga,2015/2016,2016-01-30,Villarreal,1-0,Granada,Regular Season,,3825753
1555,La Liga,2015/2016,2016-01-31,Las Palmas,2-1,Celta Vigo,Regular Season,,3825754
1556,La Liga,2015/2016,2016-01-31,Real Madrid,6-0,Espanyol,Regular Season,,3825757
1557,La Liga,2015/2016,2016-01-31,Sevilla,3-1,Levante UD,Regular Season,,3825756
1558,La Liga,2015/2016,2016-01-31,Valencia,0-1,Sporting Gijón,Regular Season,,3825755
1559,La Liga,2015/2016,2016-02-01,RC Deportivo La Coruña,2-2,Rayo Vallecano,Regular Season,,3825758
1560,La Liga,2015/2016,2016-02-05,Málaga,3-0,Getafe,Regular Season,,3825759
1561,La Liga,2015/2016,2016-02-06,Athletic Club,0-0,Villarreal,Regular Season,,3825761
1562,La Liga,2015/2016,2016-02-06,Atlético Madrid,3-1,Eibar,Regular Season,,3825760
1563,La Liga,2015/2016,2016-02-06,Rayo Vallecano,2-0,Las Palmas,Regular Season,,3825763
1564,La Liga,2015/2016,2016-02-06,Sporting Gijón,1-1,RC Deportivo La Coruña,Regular Season,,3825762
1565,La Liga,2015/2016,2016-02-07,Celta Vigo,1-1,Sevilla,Regular Season,,3825765
1566,La Liga,2015/2016,2016-02-07,Granada,1-2,Real Madrid,Regular Season,,3825764
1567,La Liga,2015/2016,2016-02-07,Levante UD,0-2,Barcelona,Regular Season,,266160
1568,La Liga,2015/2016,2016-02-07,Real Betis,1-0,Valencia,Regular Season,,3825766
1569,La Liga,2015/2016,2016-02-08,Espanyol,0-5,Real Sociedad,Regular Season,,3825767
1570,La Liga,2015/2016,2016-02-12,Sporting Gijón,2-2,Rayo Vallecano,Regular Season,,3825768
1571,La Liga,2015/2016,2016-02-13,RC Deportivo La Coruña,2-2,Real Betis,Regular Season,,3825771
1572,La Liga,2015/2016,2016-02-13,Real Madrid,4-2,Athletic Club,Regular Season,,3825770
1573,La Liga,2015/2016,2016-02-13,Valencia,2-1,Espanyol,Regular Season,,3825772
1574,La Liga,2015/2016,2016-02-13,Villarreal,1-0,Málaga,Regular Season,,3825769
1575,La Liga,2015/2016,2016-02-14,Barcelona,6-1,Celta Vigo,Regular Season,,266254
1576,La Liga,2015/2016,2016-02-14,Eibar,2-0,Levante UD,Regular Season,,3825773
1577,La Liga,2015/2016,2016-02-14,Getafe,0-1,Atlético Madrid,Regular Season,,3825774
1578,La Liga,2015/2016,2016-02-14,Real Sociedad,3-0,Granada,Regular Season,,3825775
1579,La Liga,2015/2016,2016-02-14,Sevilla,2-0,Las Palmas,Regular Season,,3825776
1580,La Liga,2015/2016,2016-02-17,Sporting Gijón,1-3,Barcelona,Regular Season,,266815
1581,La Liga,2015/2016,2016-02-19,Levante UD,3-0,Getafe,Regular Season,,3825777
1582,La Liga,2015/2016,2016-02-20,Celta Vigo,3-2,Eibar,Regular Season,,3825779
1583,La Liga,2015/2016,2016-02-20,Espanyol,1-0,RC Deportivo La Coruña,Regular Season,,3825780
1584,La Liga,2015/2016,2016-02-20,Las Palmas,1-2,Barcelona,Regular Season,,267273
1585,La Liga,2015/2016,2016-02-20,Real Betis,1-1,Sporting Gijón,Regular Season,,3825778
1586,La Liga,2015/2016,2016-02-21,Athletic Club,0-1,Real Sociedad,Regular Season,,3825783
1587,La Liga,2015/2016,2016-02-21,Atlético Madrid,0-0,Villarreal,Regular Season,,3825784
1588,La Liga,2015/2016,2016-02-21,Granada,1-2,Valencia,Regular Season,,3825782
1589,La Liga,2015/2016,2016-02-21,Málaga,1-1,Real Madrid,Regular Season,,3825785
1590,La Liga,2015/2016,2016-02-21,Rayo Vallecano,2-2,Sevilla,Regular Season,,3825781
1591,La Liga,2015/2016,2016-02-26,Eibar,0-1,Las Palmas,Regular Season,,3825786
1592,La Liga,2015/2016,2016-02-27,Getafe,0-1,Celta Vigo,Regular Season,,3825788
1593,La Liga,2015/2016,2016-02-27,Real Betis,2-2,Rayo Vallecano,Regular Season,,3825791
1594,La Liga,2015/2016,2016-02-27,Real Madrid,0-1,Atlético Madrid,Regular Season,,3825787
1595,La Liga,2015/2016,2016-02-27,Real Sociedad,1-1,Málaga,Regular Season,,3825789
1596,La Liga,2015/2016,2016-02-27,Sporting Gijón,2-4,Espanyol,Regular Season,,3825790
1597,La Liga,2015/2016,2016-02-28,Barcelona,2-1,Sevilla,Regular Season,,265839
1598,La Liga,2015/2016,2016-02-28,RC Deportivo La Coruña,0-1,Granada,Regular Season,,3825792
1599,La Liga,2015/2016,2016-02-28,Valencia,0-3,Athletic Club,Regular Season,,3825793
1600,La Liga,2015/2016,2016-02-28,Villarreal,3-0,Levante UD,Regular Season,,3825794
1601,La Liga,2015/2016,2016-03-01,Atlético Madrid,3-0,Real Sociedad,Regular Season,,3825795
1602,La Liga,2015/2016,2016-03-01,Las Palmas,4-0,Getafe,Regular Season,,3825796
1603,La Liga,2015/2016,2016-03-02,Athletic Club,4-1,RC Deportivo La Coruña,Regular Season,,3825797
1604,La Liga,2015/2016,2016-03-02,Celta Vigo,0-0,Villarreal,Regular Season,,3825800
1605,La Liga,2015/2016,2016-03-02,Levante UD,1-3,Real Madrid,Regular Season,,3825798
1606,La Liga,2015/2016,2016-03-02,Málaga,1-2,Valencia,Regular Season,,3825799
1607,La Liga,2015/2016,2016-03-02,Sevilla,1-0,Eibar,Regular Season,,3825801
1608,La Liga,2015/2016,2016-03-03,Espanyol,0-3,Real Betis,Regular Season,,3825802
1609,La Liga,2015/2016,2016-03-03,Granada,2-0,Sporting Gijón,Regular Season,,3825803
1610,La Liga,2015/2016,2016-03-03,Rayo Vallecano,1-5,Barcelona,Regular Season,,266653
1611,La Liga,2015/2016,2016-03-05,Getafe,1-1,Sevilla,Regular Season,,3825867
1612,La Liga,2015/2016,2016-03-05,RC Deportivo La Coruña,3-3,Málaga,Regular Season,,3825804
1613,La Liga,2015/2016,2016-03-05,Real Madrid,7-1,Celta Vigo,Regular Season,,3825806
1614,La Liga,2015/2016,2016-03-05,Villarreal,0-1,Las Palmas,Regular Season,,3825805
1615,La Liga,2015/2016,2016-03-06,Eibar,0-4,Barcelona,Regular Season,,266056
1616,La Liga,2015/2016,2016-03-06,Real Betis,2-0,Granada,Regular Season,,3825809
1617,La Liga,2015/2016,2016-03-06,Real Sociedad,1-1,Levante UD,Regular Season,,3825810
1618,La Liga,2015/2016,2016-03-06,Sporting Gijón,0-2,Athletic Club,Regular Season,,3825808
1619,La Liga,2015/2016,2016-03-06,Valencia,1-3,Atlético Madrid,Regular Season,,3825807
1620,La Liga,2015/2016,2016-03-07,Espanyol,2-1,Rayo Vallecano,Regular Season,,3825811
1621,La Liga,2015/2016,2016-03-11,Málaga,1-0,Sporting Gijón,Regular Season,,3825812
1622,La Liga,2015/2016,2016-03-12,Atlético Madrid,3-0,RC Deportivo La Coruña,Regular Season,,3825813
1623,La Liga,2015/2016,2016-03-12,Barcelona,6-0,Getafe,Regular Season,,266498
1624,La Liga,2015/2016,2016-03-12,Celta Vigo,1-0,Real Sociedad,Regular Season,,3825814
1625,La Liga,2015/2016,2016-03-12,Rayo Vallecano,1-1,Eibar,Regular Season,,3825858
1626,La Liga,2015/2016,2016-03-13,Athletic Club,3-1,Real Betis,Regular Season,,3825844
1627,La Liga,2015/2016,2016-03-13,Las Palmas,1-2,Real Madrid,Regular Season,,3825879
1628,La Liga,2015/2016,2016-03-13,Levante UD,1-0,Valencia,Regular Season,,3825815
1629,La Liga,2015/2016,2016-03-13,Sevilla,4-2,Villarreal,Regular Season,,3825816
1630,La Liga,2015/2016,2016-03-14,Granada,1-1,Espanyol,Regular Season,,3825881
1631,La Liga,2015/2016,2016-03-18,Getafe,1-1,Eibar,Regular Season,,3825817
1632,La Liga,2015/2016,2016-03-19,Granada,2-2,Rayo Vallecano,Regular Season,,3825887
1633,La Liga,2015/2016,2016-03-19,RC Deportivo La Coruña,2-1,Levante UD,Regular Season,,3825880
1634,La Liga,2015/2016,2016-03-19,Real Betis,0-1,Málaga,Regular Season,,3825903
1635,La Liga,2015/2016,2016-03-19,Real Sociedad,0-1,Las Palmas,Regular Season,,3825818
1636,La Liga,2015/2016,2016-03-19,Sporting Gijón,2-1,Atlético Madrid,Regular Season,,3825907
1637,La Liga,2015/2016,2016-03-20,Espanyol,2-1,Athletic Club,Regular Season,,3825821
1638,La Liga,2015/2016,2016-03-20,Real Madrid,4-0,Sevilla,Regular Season,,3825820
1639,La Liga,2015/2016,2016-03-20,Valencia,0-2,Celta Vigo,Regular Season,,3825819
1640,La Liga,2015/2016,2016-03-20,Villarreal,2-2,Barcelona,Regular Season,,266106
1641,La Liga,2015/2016,2016-04-01,Rayo Vallecano,2-0,Getafe,Regular Season,,3825885
1642,La Liga,2015/2016,2016-04-02,Atlético Madrid,5-1,Real Betis,Regular Season,,3825872
1643,La Liga,2015/2016,2016-04-02,Barcelona,1-2,Real Madrid,Regular Season,,267533
1644,La Liga,2015/2016,2016-04-02,Celta Vigo,1-1,RC Deportivo La Coruña,Regular Season,,3825898
1645,La Liga,2015/2016,2016-04-02,Las Palmas,2-1,Valencia,Regular Season,,3825822
1646,La Liga,2015/2016,2016-04-03,Athletic Club,1-1,Granada,Regular Season,,3825877
1647,La Liga,2015/2016,2016-04-03,Eibar,1-2,Villarreal,Regular Season,,3825824
1648,La Liga,2015/2016,2016-04-03,Málaga,1-1,Espanyol,Regular Season,,3825905
1649,La Liga,2015/2016,2016-04-03,Sevilla,1-2,Real Sociedad,Regular Season,,3825823
1650,La Liga,2015/2016,2016-04-04,Levante UD,0-0,Sporting Gijón,Regular Season,,3825825
1651,La Liga,2015/2016,2016-04-08,Granada,0-0,Málaga,Regular Season,,3825826
1652,La Liga,2015/2016,2016-04-09,Espanyol,1-3,Atlético Madrid,Regular Season,,3825828
1653,La Liga,2015/2016,2016-04-09,Real Betis,1-0,Levante UD,Regular Season,,3825827
1654,La Liga,2015/2016,2016-04-09,Real Madrid,4-0,Eibar,Regular Season,,3825856
1655,La Liga,2015/2016,2016-04-09,Real Sociedad,1-0,Barcelona,Regular Season,,266664
1656,La Liga,2015/2016,2016-04-10,Athletic Club,1-0,Rayo Vallecano,Regular Season,,3825829
1657,La Liga,2015/2016,2016-04-10,Sporting Gijón,0-1,Celta Vigo,Regular Season,,3825832
1658,La Liga,2015/2016,2016-04-10,Valencia,2-1,Sevilla,Regular Season,,3825831
1659,La Liga,2015/2016,2016-04-10,Villarreal,2-0,Getafe,Regular Season,,3825830
1660,La Liga,2015/2016,2016-04-11,RC Deportivo La Coruña,1-3,Las Palmas,Regular Season,,3825863
1661,La Liga,2015/2016,2016-04-15,Levante UD,2-1,Espanyol,Regular Season,,3825857
1662,La Liga,2015/2016,2016-04-16,Celta Vigo,1-1,Real Betis,Regular Season,,3825889
1663,La Liga,2015/2016,2016-04-16,Eibar,2-1,Real Sociedad,Regular Season,,3825897
1664,La Liga,2015/2016,2016-04-16,Getafe,1-5,Real Madrid,Regular Season,,3825833
1665,La Liga,2015/2016,2016-04-16,Las Palmas,1-1,Sporting Gijón,Regular Season,,3825852
1666,La Liga,2015/2016,2016-04-17,Atlético Madrid,3-0,Granada,Regular Season,,3825834
1667,La Liga,2015/2016,2016-04-17,Barcelona,1-2,Valencia,Regular Season,,266557
1668,La Liga,2015/2016,2016-04-17,Málaga,0-1,Athletic Club,Regular Season,,3825835
1669,La Liga,2015/2016,2016-04-17,Rayo Vallecano,2-1,Villarreal,Regular Season,,3825836
1670,La Liga,2015/2016,2016-04-17,Sevilla,1-1,RC Deportivo La Coruña,Regular Season,,3825906
1671,La Liga,2015/2016,2016-04-19,Espanyol,1-1,Celta Vigo,Regular Season,,3825862
1672,La Liga,2015/2016,2016-04-19,Real Betis,1-0,Las Palmas,Regular Season,,3825837
1673,La Liga,2015/2016,2016-04-20,Athletic Club,0-1,Atlético Madrid,Regular Season,,3825838
1674,La Liga,2015/2016,2016-04-20,Málaga,1-1,Rayo Vallecano,Regular Season,,3825843
1675,La Liga,2015/2016,2016-04-20,RC Deportivo La Coruña,0-8,Barcelona,Regular Season,,266310
1676,La Liga,2015/2016,2016-04-20,Real Madrid,3-0,Villarreal,Regular Season,,3825893
1677,La Liga,2015/2016,2016-04-20,Sporting Gijón,2-1,Sevilla,Regular Season,,3825839
1678,La Liga,2015/2016,2016-04-20,Valencia,4-0,Eibar,Regular Season,,3825840
1679,La Liga,2015/2016,2016-04-21,Granada,5-1,Levante UD,Regular Season,,3825896
1680,La Liga,2015/2016,2016-04-21,Real Sociedad,1-2,Getafe,Regular Season,,3825841
1681,La Liga,2015/2016,2016-04-22,Las Palmas,4-0,Espanyol,Regular Season,,3825871
1682,La Liga,2015/2016,2016-04-23,Atlético Madrid,1-0,Málaga,Regular Season,,3825890
1683,La Liga,2015/2016,2016-04-23,Barcelona,6-0,Sporting Gijón,Regular Season,,265944
1684,La Liga,2015/2016,2016-04-23,Eibar,1-1,RC Deportivo La Coruña,Regular Season,,3825847
1685,La Liga,2015/2016,2016-04-23,Rayo Vallecano,2-3,Real Madrid,Regular Season,,3825886
1686,La Liga,2015/2016,2016-04-24,Getafe,2-2,Valencia,Regular Season,,3825899
1687,La Liga,2015/2016,2016-04-24,Levante UD,2-2,Athletic Club,Regular Season,,3825842
1688,La Liga,2015/2016,2016-04-24,Sevilla,2-0,Real Betis,Regular Season,,3825884
1689,La Liga,2015/2016,2016-04-24,Villarreal,0-0,Real Sociedad,Regular Season,,3825875
1690,La Liga,2015/2016,2016-04-25,Celta Vigo,2-1,Granada,Regular Season,,3825868
1691,La Liga,2015/2016,2016-04-29,Sporting Gijón,2-0,Eibar,Regular Season,,3825854
1692,La Liga,2015/2016,2016-04-30,Atlético Madrid,1-0,Rayo Vallecano,Regular Season,,3825878
1693,La Liga,2015/2016,2016-04-30,Granada,3-2,Las Palmas,Regular Season,,3825859
1694,La Liga,2015/2016,2016-04-30,Real Betis,0-2,Barcelona,Regular Season,,266986
1695,La Liga,2015/2016,2016-04-30,Real Sociedad,0-1,Real Madrid,Regular Season,,3825864
1696,La Liga,2015/2016,2016-05-01,Athletic Club,2-1,Celta Vigo,Regular Season,,3825870
1697,La Liga,2015/2016,2016-05-01,Espanyol,1-0,Sevilla,Regular Season,,3825845
1698,La Liga,2015/2016,2016-05-01,RC Deportivo La Coruña,0-2,Getafe,Regular Season,,3825894
1699,La Liga,2015/2016,2016-05-01,Valencia,0-2,Villarreal,Regular Season,,3825873
1700,La Liga,2015/2016,2016-05-02,Málaga,3-1,Levante UD,Regular Season,,3825855
1701,La Liga,2015/2016,2016-05-08,Barcelona,5-0,Espanyol,Regular Season,,265958
1702,La Liga,2015/2016,2016-05-08,Celta Vigo,1-0,Málaga,Regular Season,,3825850
1703,La Liga,2015/2016,2016-05-08,Eibar,1-1,Real Betis,Regular Season,,3825904
1704,La Liga,2015/2016,2016-05-08,Getafe,1-1,Sporting Gijón,Regular Season,,3825865
1705,La Liga,2015/2016,2016-05-08,Las Palmas,0-0,Athletic Club,Regular Season,,3825866
1706,La Liga,2015/2016,2016-05-08,Levante UD,2-1,Atlético Madrid,Regular Season,,3825860
1707,La Liga,2015/2016,2016-05-08,Real Madrid,3-2,Valencia,Regular Season,,3825901
1708,La Liga,2015/2016,2016-05-08,Real Sociedad,2-1,Rayo Vallecano,Regular Season,,3825861
1709,La Liga,2015/2016,2016-05-08,Sevilla,1-4,Granada,Regular Season,,3825853
1710,La Liga,2015/2016,2016-05-08,Villarreal,0-2,RC Deportivo La Coruña,Regular Season,,3825851
1711,La Liga,2015/2016,2016-05-13,Valencia,0-1,Real Sociedad,Regular Season,,3825849
1712,La Liga,2015/2016,2016-05-14,Athletic Club,3-1,Sevilla,Regular Season,,3825869
1713,La Liga,2015/2016,2016-05-14,Atlético Madrid,2-0,Celta Vigo,Regular Season,,3825882
1714,La Liga,2015/2016,2016-05-14,Granada,0-3,Barcelona,Regular Season,,267506
1715,La Liga,2015/2016,2016-05-14,RC Deportivo La Coruña,0-2,Real Madrid,Regular Season,,3825846
1716,La Liga,2015/2016,2016-05-15,Espanyol,4-2,Eibar,Regular Season,,3825908
1717,La Liga,2015/2016,2016-05-15,Málaga,4-1,Las Palmas,Regular Season,,3825883
1718,La Liga,2015/2016,2016-05-15,Rayo Vallecano,3-1,Levante UD,Regular Season,,3825902
1719,La Liga,2015/2016,2016-05-15,Real Betis,2-1,Getafe,Regular Season,,3825876
1720,La Liga,2015/2016,2016-05-15,Sporting Gijón,2-0,Villarreal,Regular Season,,3825900
1721,La Liga,2016/2017,2016-08-20,Barcelona,6-2,Real Betis,Regular Season,,267670
1722,La Liga,2016/2017,2016-08-28,Athletic Club,0-1,Barcelona,Regular Season,,266892
1723,La Liga,2016/2017,2016-09-10,Barcelona,1-2,Deportivo Alavés,Regular Season,,266669
1724,La Liga,2016/2017,2016-09-17,Leganés,1-5,Barcelona,Regular Season,,267212
1725,La Liga,2016/2017,2016-09-21,Barcelona,1-1,Atlético Madrid,Regular Season,,267220
1726,La Liga,2016/2017,2016-10-15,Barcelona,4-0,RC Deportivo La Coruña,Regular Season,,267492
1727,La Liga,2016/2017,2016-10-22,Valencia,2-3,Barcelona,Regular Season,,266033
1728,La Liga,2016/2017,2016-10-29,Barcelona,1-0,Granada,Regular Season,,267058
1729,La Liga,2016/2017,2016-11-06,Sevilla,1-2,Barcelona,Regular Season,,266989
1730,La Liga,2016/2017,2016-11-27,Real Sociedad,1-1,Barcelona,Regular Season,,266191
1731,La Liga,2016/2017,2016-12-03,Barcelona,1-1,Real Madrid,Regular Season,,267076
1732,La Liga,2016/2017,2016-12-10,Osasuna,0-3,Barcelona,Regular Season,,266357
1733,La Liga,2016/2017,2016-12-18,Barcelona,4-1,Espanyol,Regular Season,,266528
1734,La Liga,2016/2017,2017-01-08,Villarreal,1-1,Barcelona,Regular Season,,266477
1735,La Liga,2016/2017,2017-01-14,Barcelona,5-0,Las Palmas,Regular Season,,267395
1736,La Liga,2016/2017,2017-01-22,Eibar,0-4,Barcelona,Regular Season,,266731
1737,La Liga,2016/2017,2017-01-29,Real Betis,1-1,Barcelona,Regular Season,,266516
1738,La Liga,2016/2017,2017-02-04,Barcelona,3-0,Athletic Club,Regular Season,,266874
1739,La Liga,2016/2017,2017-02-11,Deportivo Alavés,0-6,Barcelona,Regular Season,,266273
1740,La Liga,2016/2017,2017-02-19,Barcelona,2-1,Leganés,Regular Season,,267596
1741,La Liga,2016/2017,2017-02-26,Atlético Madrid,1-2,Barcelona,Regular Season,,267464
1742,La Liga,2016/2017,2017-03-01,Barcelona,6-1,Sporting Gijón,Regular Season,,265952
1743,La Liga,2016/2017,2017-03-04,Barcelona,5-0,Celta Vigo,Regular Season,,266299
1744,La Liga,2016/2017,2017-03-12,RC Deportivo La Coruña,2-1,Barcelona,Regular Season,,267660
1745,La Liga,2016/2017,2017-03-19,Barcelona,4-2,Valencia,Regular Season,,266440
1746,La Liga,2016/2017,2017-04-05,Barcelona,3-0,Sevilla,Regular Season,,266280
1747,La Liga,2016/2017,2017-04-08,Málaga,2-0,Barcelona,Regular Season,,267590
1748,La Liga,2016/2017,2017-04-15,Barcelona,3-2,Real Sociedad,Regular Season,,267373
1749,La Liga,2016/2017,2017-04-23,Real Madrid,2-3,Barcelona,Regular Season,,267569
1750,La Liga,2016/2017,2017-04-26,Barcelona,7-1,Osasuna,Regular Season,,267101
1751,La Liga,2016/2017,2017-04-29,Espanyol,0-3,Barcelona,Regular Season,,267077
1752,La Liga,2016/2017,2017-05-06,Barcelona,4-1,Villarreal,Regular Season,,266952
1753,La Liga,2016/2017,2017-05-14,Las Palmas,1-4,Barcelona,Regular Season,,267039
1754,La Liga,2016/2017,2017-05-21,Barcelona,4-2,Eibar,Regular Season,,267432
1755,La Liga,2017/2018,2017-08-20,Barcelona,2-0,Real Betis,Regular Season,,9575
1756,La Liga,2017/2018,2017-08-26,Deportivo Alavés,0-2,Barcelona,Regular Season,,9581
1757,La Liga,2017/2018,2017-09-09,Barcelona,5-0,Espanyol,Regular Season,,9592
1758,La Liga,2017/2018,2017-09-16,Getafe,1-2,Barcelona,Regular Season,,9602
1759,La Liga,2017/2018,2017-09-19,Barcelona,6-1,Eibar,Regular Season,,9609
1760,La Liga,2017/2018,2017-09-23,Girona,0-3,Barcelona,Regular Season,,9620
1761,La Liga,2017/2018,2017-10-01,Barcelona,3-0,Las Palmas,Regular Season,,9636
1762,La Liga,2017/2018,2017-10-14,Atlético Madrid,1-1,Barcelona,Regular Season,,9642
1763,La Liga,2017/2018,2017-10-21,Barcelona,2-0,Málaga,Regular Season,,9650
1764,La Liga,2017/2018,2017-10-28,Athletic Club,0-2,Barcelona,Regular Season,,9661
1765,La Liga,2017/2018,2017-11-04,Barcelona,2-1,Sevilla,Regular Season,,9673
1766,La Liga,2017/2018,2017-11-18,Leganés,0-3,Barcelona,Regular Season,,9682
1767,La Liga,2017/2018,2017-11-26,Valencia,1-1,Barcelona,Regular Season,,9695
1768,La Liga,2017/2018,2017-12-02,Barcelona,2-2,Celta Vigo,Regular Season,,9700
1769,La Liga,2017/2018,2017-12-10,Villarreal,0-2,Barcelona,Regular Season,,9717
1770,La Liga,2017/2018,2017-12-17,Barcelona,4-0,RC Deportivo La Coruña,Regular Season,,9726
1771,La Liga,2017/2018,2017-12-23,Real Madrid,0-3,Barcelona,Regular Season,,9736
1772,La Liga,2017/2018,2018-01-07,Barcelona,3-0,Levante UD,Regular Season,,9742
1773,La Liga,2017/2018,2018-01-14,Real Sociedad,2-4,Barcelona,Regular Season,,9754
1774,La Liga,2017/2018,2018-01-21,Real Betis,0-5,Barcelona,Regular Season,,9765
1775,La Liga,2017/2018,2018-01-28,Barcelona,2-1,Deportivo Alavés,Regular Season,,9774
1776,La Liga,2017/2018,2018-02-04,Espanyol,1-1,Barcelona,Regular Season,,9783
1777,La Liga,2017/2018,2018-02-11,Barcelona,0-0,Getafe,Regular Season,,9794
1778,La Liga,2017/2018,2018-02-17,Eibar,0-2,Barcelona,Regular Season,,9799
1779,La Liga,2017/2018,2018-02-24,Barcelona,6-1,Girona,Regular Season,,9811
1780,La Liga,2017/2018,2018-03-01,Las Palmas,1-1,Barcelona,Regular Season,,9827
1781,La Liga,2017/2018,2018-03-04,Barcelona,1-0,Atlético Madrid,Regular Season,,9837
1782,La Liga,2017/2018,2018-03-18,Barcelona,2-0,Athletic Club,Regular Season,,9855
1783,La Liga,2017/2018,2018-03-31,Sevilla,2-2,Barcelona,Regular Season,,9860
1784,La Liga,2017/2018,2018-04-07,Barcelona,3-1,Leganés,Regular Season,,9870
1785,La Liga,2017/2018,2018-04-14,Barcelona,2-1,Valencia,Regular Season,,9880
1786,La Liga,2017/2018,2018-04-17,Celta Vigo,2-2,Barcelona,Regular Season,,9889
1787,La Liga,2017/2018,2018-04-29,RC Deportivo La Coruña,2-4,Barcelona,Regular Season,,9912
1788,La Liga,2017/2018,2018-05-06,Barcelona,2-2,Real Madrid,Regular Season,,9924
1789,La Liga,2017/2018,2018-05-09,Barcelona,5-1,Villarreal,Regular Season,,9928
1790,La Liga,2017/2018,2018-05-20,Barcelona,1-0,Real Sociedad,Regular Season,,9948
1791,La Liga,2018/2019,2018-08-18,Barcelona,3-0,Deportivo Alavés,Regular Season,,15946
1792,La Liga,2018/2019,2018-08-25,Real Valladolid,0-1,Barcelona,Regular Season,,15956
1793,La Liga,2018/2019,2018-09-02,Barcelona,8-2,Huesca,Regular Season,,15973
1794,La Liga,2018/2019,2018-09-15,Real Sociedad,1-2,Barcelona,Regular Season,,15978
1795,La Liga,2018/2019,2018-09-23,Barcelona,2-2,Girona,Regular Season,,15986
1796,La Liga,2018/2019,2018-09-26,Leganés,2-1,Barcelona,Regular Season,,15998
1797,La Liga,2018/2019,2018-09-29,Barcelona,1-1,Athletic Club,Regular Season,,16010
1798,La Liga,2018/2019,2018-10-07,Valencia,1-1,Barcelona,Regular Season,,16023
1799,La Liga,2018/2019,2018-10-20,Barcelona,4-2,Sevilla,Regular Season,,16029
1800,La Liga,2018/2019,2018-11-11,Barcelona,3-4,Real Betis,Regular Season,,16056
1801,La Liga,2018/2019,2018-11-24,Atlético Madrid,1-1,Barcelona,Regular Season,,16073
1802,La Liga,2018/2019,2018-12-02,Barcelona,2-0,Villarreal,Regular Season,,16079
1803,La Liga,2018/2019,2018-12-08,Espanyol,0-4,Barcelona,Regular Season,,16086
1804,La Liga,2018/2019,2018-12-16,Levante UD,0-5,Barcelona,Regular Season,,16095
1805,La Liga,2018/2019,2018-12-22,Barcelona,2-0,Celta Vigo,Regular Season,,16109
1806,La Liga,2018/2019,2019-01-06,Getafe,1-2,Barcelona,Regular Season,,16120
1807,La Liga,2018/2019,2019-01-13,Barcelona,3-0,Eibar,Regular Season,,16131
1808,La Liga,2018/2019,2019-01-20,Barcelona,3-1,Leganés,Regular Season,,16136
1809,La Liga,2018/2019,2019-01-27,Girona,0-2,Barcelona,Regular Season,,16149
1810,La Liga,2018/2019,2019-02-02,Barcelona,2-2,Valencia,Regular Season,,16157
1811,La Liga,2018/2019,2019-02-10,Athletic Club,0-0,Barcelona,Regular Season,,16173
1812,La Liga,2018/2019,2019-02-16,Barcelona,1-0,Real Valladolid,Regular Season,,16182
1813,La Liga,2018/2019,2019-02-23,Sevilla,2-4,Barcelona,Regular Season,,16190
1814,La Liga,2018/2019,2019-03-02,Real Madrid,0-1,Barcelona,Regular Season,,16196
1815,La Liga,2018/2019,2019-03-09,Barcelona,3-1,Rayo Vallecano,Regular Season,,16205
1816,La Liga,2018/2019,2019-03-17,Real Betis,1-4,Barcelona,Regular Season,,16215
1817,La Liga,2018/2019,2019-03-30,Barcelona,2-0,Espanyol,Regular Season,,16231
1818,La Liga,2018/2019,2019-04-02,Villarreal,4-4,Barcelona,Regular Season,,16240
1819,La Liga,2018/2019,2019-04-06,Barcelona,2-0,Atlético Madrid,Regular Season,,16248
1820,La Liga,2018/2019,2019-04-20,Barcelona,2-1,Real Sociedad,Regular Season,,16265
1821,La Liga,2018/2019,2019-04-23,Deportivo Alavés,0-2,Barcelona,Regular Season,,16275
1822,La Liga,2018/2019,2019-04-27,Barcelona,1-0,Levante UD,Regular Season,,16289
1823,La Liga,2018/2019,2019-05-12,Barcelona,2-0,Getafe,Regular Season,,16306
1824,La Liga,2018/2019,2019-05-19,Eibar,2-2,Barcelona,Regular Season,,16317
1825,La Liga,2019/2020,2019-09-21,Granada,2-0,Barcelona,Regular Season,,303666
1826,La Liga,2019/2020,2019-09-24,Barcelona,2-1,Villarreal,Regular Season,,303430
1827,La Liga,2019/2020,2019-10-06,Barcelona,4-0,Sevilla,Regular Season,,303473
1828,La Liga,2019/2020,2019-10-19,Eibar,0-3,Barcelona,Regular Season,,303700
1829,La Liga,2019/2020,2019-10-29,Barcelona,5-1,Real Valladolid,Regular Season,,303600
1830,La Liga,2019/2020,2019-11-02,Levante UD,3-1,Barcelona,Regular Season,,303504
1831,La Liga,2019/2020,2019-11-09,Barcelona,4-1,Celta Vigo,Regular Season,,303487
1832,La Liga,2019/2020,2019-11-23,Leganés,1-2,Barcelona,Regular Season,,303715
1833,La Liga,2019/2020,2019-12-01,Atlético Madrid,0-1,Barcelona,Regular Season,,303524
1834,La Liga,2019/2020,2019-12-07,Barcelona,5-2,Mallorca,Regular Season,,303451
1835,La Liga,2019/2020,2019-12-14,Real Sociedad,2-2,Barcelona,Regular Season,,303664
1836,La Liga,2019/2020,2019-12-18,Barcelona,0-0,Real Madrid,Regular Season,,303596
1837,La Liga,2019/2020,2019-12-21,Barcelona,4-1,Deportivo Alavés,Regular Season,,303517
1838,La Liga,2019/2020,2020-01-04,Espanyol,2-2,Barcelona,Regular Season,,303652
1839,La Liga,2019/2020,2020-01-19,Barcelona,1-0,Granada,Regular Season,,303610
1840,La Liga,2019/2020,2020-01-25,Valencia,2-0,Barcelona,Regular Season,,303400
1841,La Liga,2019/2020,2020-02-02,Barcelona,2-1,Levante UD,Regular Season,,303682
1842,La Liga,2019/2020,2020-02-09,Real Betis,2-3,Barcelona,Regular Season,,303707
1843,La Liga,2019/2020,2020-02-15,Barcelona,2-1,Getafe,Regular Season,,303377
1844,La Liga,2019/2020,2020-02-22,Barcelona,5-0,Eibar,Regular Season,,303731
1845,La Liga,2019/2020,2020-03-01,Real Madrid,2-0,Barcelona,Regular Season,,303470
1846,La Liga,2019/2020,2020-03-07,Barcelona,1-0,Real Sociedad,Regular Season,,303479
1847,La Liga,2019/2020,2020-06-13,Mallorca,0-4,Barcelona,Regular Season,,303548
1848,La Liga,2019/2020,2020-06-16,Barcelona,2-0,Leganés,Regular Season,,303532
1849,La Liga,2019/2020,2020-06-19,Sevilla,0-0,Barcelona,Regular Season,,303674
1850,La Liga,2019/2020,2020-06-23,Barcelona,1-0,Athletic Club,Regular Season,,303493
1851,La Liga,2019/2020,2020-06-27,Celta Vigo,2-2,Barcelona,Regular Season,,303516
1852,La Liga,2019/2020,2020-06-30,Barcelona,2-2,Atlético Madrid,Regular Season,,303696
1853,La Liga,2019/2020,2020-07-05,Villarreal,1-4,Barcelona,Regular Season,,303725
1854,La Liga,2019/2020,2020-07-08,Barcelona,1-0,Espanyol,Regular Season,,303615
1855,La Liga,2019/2020,2020-07-11,Real Valladolid,0-1,Barcelona,Regular Season,,303680
1856,La Liga,2019/2020,2020-07-16,Barcelona,1-2,Osasuna,Regular Season,,303634
1857,La Liga,2019/2020,2020-07-19,Deportivo Alavés,0-5,Barcelona,Regular Season,,303421
1858,La Liga,2020/2021,2020-09-27,Barcelona,4-0,Villarreal,Regular Season,si,3773593
1859,La Liga,2020/2021,2020-10-01,Celta Vigo,0-3,Barcelona,Regular Season,si,3773466
1860,La Liga,2020/2021,2020-10-04,Barcelona,1-1,Sevilla,Regular Season,si,3773672
1861,La Liga,2020/2021,2020-10-17,Getafe,1-0,Barcelona,Regular Season,si,3773587
1862,La Liga,2020/2021,2020-10-24,Barcelona,1-3,Real Madrid,Regular Season,si,3773585
1863,La Liga,2020/2021,2020-10-31,Deportivo Alavés,1-1,Barcelona,Regular Season,si,3773386
1864,La Liga,2020/2021,2020-11-07,Barcelona,5-2,Real Betis,Regular Season,si,3773477
1865,La Liga,2020/2021,2020-11-21,Atlético Madrid,1-0,Barcelona,Regular Season,si,3773656
1866,La Liga,2020/2021,2020-11-29,Barcelona,4-0,Osasuna,Regular Season,si,3773547
1867,La Liga,2020/2021,2020-12-05,Cádiz,2-1,Barcelona,Regular Season,si,3773428
1868,La Liga,2020/2021,2020-12-13,Barcelona,1-0,Levante UD,Regular Season,si,3773660
1869,La Liga,2020/2021,2020-12-16,Barcelona,2-1,Real Sociedad,Regular Season,si,3773523
1870,La Liga,2020/2021,2020-12-19,Barcelona,2-2,Valencia,Regular Season,si,3773377
1871,La Liga,2020/2021,2020-12-22,Real Valladolid,0-3,Barcelona,Regular Season,si,3773571
1872,La Liga,2020/2021,2021-01-03,Huesca,0-1,Barcelona,Regular Season,si,3773552
1873,La Liga,2020/2021,2021-01-06,Athletic Club,2-3,Barcelona,Regular Season,si,3764661
1874,La Liga,2020/2021,2021-01-09,Granada,0-4,Barcelona,Regular Season,si,3773565
1875,La Liga,2020/2021,2021-01-31,Barcelona,2-1,Athletic Club,Regular Season,si,3773403
1876,La Liga,2020/2021,2021-02-07,Real Betis,2-3,Barcelona,Regular Season,si,3773631
1877,La Liga,2020/2021,2021-02-13,Barcelona,5-1,Deportivo Alavés,Regular Season,si,3773526
1878,La Liga,2020/2021,2021-02-21,Barcelona,1-1,Cádiz,Regular Season,si,3773415
1879,La Liga,2020/2021,2021-02-24,Barcelona,3-0,Elche,Regular Season,si,3764440
1880,La Liga,2020/2021,2021-02-27,Sevilla,0-2,Barcelona,Regular Season,si,3773625
1881,La Liga,2020/2021,2021-03-06,Osasuna,0-2,Barcelona,Regular Season,si,3773665
1882,La Liga,2020/2021,2021-03-15,Barcelona,4-1,Huesca,Regular Season,si,3773369
1883,La Liga,2020/2021,2021-03-21,Real Sociedad,1-6,Barcelona,Regular Season,si,3773597
1884,La Liga,2020/2021,2021-04-05,Barcelona,1-0,Real Valladolid,Regular Season,si,3773474
1885,La Liga,2020/2021,2021-04-10,Real Madrid,2-1,Barcelona,Regular Season,si,3773497
1886,La Liga,2020/2021,2021-04-22,Barcelona,5-2,Getafe,Regular Season,si,3773661
1887,La Liga,2020/2021,2021-04-25,Villarreal,1-2,Barcelona,Regular Season,si,3773689
1888,La Liga,2020/2021,2021-04-29,Barcelona,1-2,Granada,Regular Season,si,3773586
1889,La Liga,2020/2021,2021-05-02,Valencia,2-3,Barcelona,Regular Season,si,3773695
1890,La Liga,2020/2021,2021-05-08,Barcelona,0-0,Atlético Madrid,Regular Season,si,3773372
1891,La Liga,2020/2021,2021-05-11,Levante UD,3-3,Barcelona,Regular Season,si,3773387
1892,La Liga,2020/2021,2021-05-16,Barcelona,1-2,Celta Vigo,Regular Season,si,3773457
1893,Liga F (F),2023/2024,2023-09-15,Valencia CF,0-2,Real Madrid CF W,Regular Season,,3910744
1894,Liga F (F),2023/2024,2023-09-16,Atletico Madrid W,3-0,Athletic Club Bilbao,Regular Season,,3910746
1895,Liga F (F),2023/2024,2023-09-16,Madrid CFF,0-2,Barcelona WFC,Regular Season,,3910748
1896,Liga F (F),2023/2024,2023-09-16,Real Betis Balompié,1-0,Villarreal,Regular Season,,3910745
1897,Liga F (F),2023/2024,2023-09-16,SD Eibar,1-2,FC Levante Badalona,Regular Season,,3910747
1898,Liga F (F),2023/2024,2023-09-17,Costa Adeje Tenerife,2-0,CD Sporting de Huelva,Regular Season,,3910749
1899,Liga F (F),2023/2024,2023-09-17,Granada W,2-1,Real Sociedad de Fútbol,Regular Season,,3910750
1900,Liga F (F),2023/2024,2023-09-17,Levante UD Femenino,2-0,Sevilla FC,Regular Season,,3910751
1901,Liga F (F),2023/2024,2023-09-30,Granada W,1-2,SD Eibar,Regular Season,,3910932
1902,Liga F (F),2023/2024,2023-09-30,Levante UD Femenino,1-1,Atletico Madrid W,Regular Season,,3910934
1903,Liga F (F),2023/2024,2023-09-30,Sevilla FC,1-5,Madrid CFF,Regular Season,,3910933
1904,Liga F (F),2023/2024,2023-09-30,Villarreal,1-2,Valencia CF,Regular Season,,3910931
1905,Liga F (F),2023/2024,2023-10-01,CD Sporting de Huelva,1-2,Barcelona WFC,Regular Season,,3910936
1906,Liga F (F),2023/2024,2023-10-01,Costa Adeje Tenerife,1-2,Real Madrid CF W,Regular Season,,3910937
1907,Liga F (F),2023/2024,2023-10-01,FC Levante Badalona,2-1,Athletic Club Bilbao,Regular Season,,3910938
1908,Liga F (F),2023/2024,2023-10-01,Real Sociedad de Fútbol,2-1,Real Betis Balompié,Regular Season,,3910935
1909,Liga F (F),2023/2024,2023-10-03,Villarreal,1-3,Atletico Madrid W,Regular Season,,3910743
1910,Liga F (F),2023/2024,2023-10-04,Athletic Club Bilbao,1-0,Granada W,Regular Season,,3910739
1911,Liga F (F),2023/2024,2023-10-04,Real Madrid CF W,5-1,Real Betis Balompié,Regular Season,,3910737
1912,Liga F (F),2023/2024,2023-10-04,Real Sociedad de Fútbol,1-1,Levante UD Femenino,Regular Season,,3910741
1913,Liga F (F),2023/2024,2023-10-04,SD Eibar,1-6,Madrid CFF,Regular Season,,3910738
1914,Liga F (F),2023/2024,2023-10-04,Sevilla FC,5-1,Costa Adeje Tenerife,Regular Season,,3910736
1915,Liga F (F),2023/2024,2023-10-05,Barcelona WFC,6-0,Valencia CF,Regular Season,,3910740
1916,Liga F (F),2023/2024,2023-10-05,FC Levante Badalona,1-1,CD Sporting de Huelva,Regular Season,,3910742
1917,Liga F (F),2023/2024,2023-10-07,Atletico Madrid W,2-1,Sevilla FC,Regular Season,,3910942
1918,Liga F (F),2023/2024,2023-10-07,Real Madrid CF W,1-0,Villarreal,Regular Season,,3910945
1919,Liga F (F),2023/2024,2023-10-08,Barcelona WFC,3-0,Real Sociedad de Fútbol,Regular Season,,3910943
1920,Liga F (F),2023/2024,2023-10-08,Madrid CFF,1-0,Granada W,Regular Season,,3910939
1921,Liga F (F),2023/2024,2023-10-08,Real Betis Balompié,0-4,Levante UD Femenino,Regular Season,,3910944
1922,Liga F (F),2023/2024,2023-10-08,SD Eibar,0-1,Costa Adeje Tenerife,Regular Season,,3910940
1923,Liga F (F),2023/2024,2023-10-09,Athletic Club Bilbao,3-0,CD Sporting de Huelva,Regular Season,,3910941
1924,Liga F (F),2023/2024,2023-10-09,Valencia CF,1-1,FC Levante Badalona,Regular Season,,3910946
1925,Liga F (F),2023/2024,2023-10-14,Granada W,2-5,Real Madrid CF W,Regular Season,,3910947
1926,Liga F (F),2023/2024,2023-10-14,Real Sociedad de Fútbol,3-1,SD Eibar,Regular Season,,3910953
1927,Liga F (F),2023/2024,2023-10-14,Sevilla FC,1-2,Valencia CF,Regular Season,,3910948
1928,Liga F (F),2023/2024,2023-10-14,Villarreal,3-0,Athletic Club Bilbao,Regular Season,,3910949
1929,Liga F (F),2023/2024,2023-10-15,Atletico Madrid W,0-1,Barcelona WFC,Regular Season,,3910954
1930,Liga F (F),2023/2024,2023-10-15,CD Sporting de Huelva,1-3,Madrid CFF,Regular Season,,3910951
1931,Liga F (F),2023/2024,2023-10-15,Costa Adeje Tenerife,1-0,Real Betis Balompié,Regular Season,,3910952
1932,Liga F (F),2023/2024,2023-10-15,Levante UD Femenino,1-1,FC Levante Badalona,Regular Season,,3910950
1933,Liga F (F),2023/2024,2023-10-21,Barcelona WFC,6-1,Granada W,Regular Season,,3910955
1934,Liga F (F),2023/2024,2023-10-21,CD Sporting de Huelva,0-2,Atletico Madrid W,Regular Season,,3910960
1935,Liga F (F),2023/2024,2023-10-21,Real Betis Balompié,2-2,Valencia CF,Regular Season,,3910958
1936,Liga F (F),2023/2024,2023-10-21,SD Eibar,0-0,Villarreal,Regular Season,,3910959
1937,Liga F (F),2023/2024,2023-10-22,Athletic Club Bilbao,2-1,Real Sociedad de Fútbol,Regular Season,,3910962
1938,Liga F (F),2023/2024,2023-10-22,FC Levante Badalona,1-2,Sevilla FC,Regular Season,,3910956
1939,Liga F (F),2023/2024,2023-10-22,Madrid CFF,3-2,Costa Adeje Tenerife,Regular Season,,3910957
1940,Liga F (F),2023/2024,2023-10-22,Real Madrid CF W,1-2,Levante UD Femenino,Regular Season,,3910961
1941,Liga F (F),2023/2024,2023-11-04,Real Betis Balompié,1-0,Athletic Club Bilbao,Regular Season,,3910967
1942,Liga F (F),2023/2024,2023-11-04,Real Sociedad de Fútbol,1-0,Villarreal,Regular Season,,3910965
1943,Liga F (F),2023/2024,2023-11-04,SD Eibar,0-1,Real Madrid CF W,Regular Season,,3910966
1944,Liga F (F),2023/2024,2023-11-04,Valencia CF,2-0,CD Sporting de Huelva,Regular Season,,3910970
1945,Liga F (F),2023/2024,2023-11-05,Barcelona WFC,8-0,Sevilla FC,Regular Season,,3910964
1946,Liga F (F),2023/2024,2023-11-05,Costa Adeje Tenerife,2-1,Atletico Madrid W,Regular Season,,3910968
1947,Liga F (F),2023/2024,2023-11-05,Granada W,0-1,FC Levante Badalona,Regular Season,,3910963
1948,Liga F (F),2023/2024,2023-11-05,Madrid CFF,0-1,Levante UD Femenino,Regular Season,,3910969
1949,Liga F (F),2023/2024,2023-11-10,Real Madrid CF W,7-1,Real Sociedad de Fútbol,Regular Season,,3910974
1950,Liga F (F),2023/2024,2023-11-11,Atletico Madrid W,3-0,SD Eibar,Regular Season,,3910971
1951,Liga F (F),2023/2024,2023-11-11,CD Sporting de Huelva,1-3,Real Betis Balompié,Regular Season,,3910977
1952,Liga F (F),2023/2024,2023-11-11,Villarreal,0-6,Barcelona WFC,Regular Season,,3910975
1953,Liga F (F),2023/2024,2023-11-12,Athletic Club Bilbao,1-2,Madrid CFF,Regular Season,,3910978
1954,Liga F (F),2023/2024,2023-11-12,FC Levante Badalona,3-1,Costa Adeje Tenerife,Regular Season,,3910972
1955,Liga F (F),2023/2024,2023-11-12,Levante UD Femenino,3-1,Valencia CF,Regular Season,,3910973
1956,Liga F (F),2023/2024,2023-11-12,Sevilla FC,1-0,Granada W,Regular Season,,3910976
1957,Liga F (F),2023/2024,2023-11-18,Costa Adeje Tenerife,0-1,Levante UD Femenino,Regular Season,,3910985
1958,Liga F (F),2023/2024,2023-11-18,Real Sociedad de Fútbol,1-2,Sevilla FC,Regular Season,,3910981
1959,Liga F (F),2023/2024,2023-11-18,SD Eibar,1-0,CD Sporting de Huelva,Regular Season,,3910982
1960,Liga F (F),2023/2024,2023-11-18,Valencia CF,1-2,Athletic Club Bilbao,Regular Season,,3910983
1961,Liga F (F),2023/2024,2023-11-19,Barcelona WFC,5-0,Real Madrid CF W,Regular Season,,3910986
1962,Liga F (F),2023/2024,2023-11-19,Granada W,1-2,Villarreal,Regular Season,,3910979
1963,Liga F (F),2023/2024,2023-11-19,Madrid CFF,1-4,Atletico Madrid W,Regular Season,,3910984
1964,Liga F (F),2023/2024,2023-11-19,Real Betis Balompié,1-0,FC Levante Badalona,Regular Season,,3910980
1965,Liga F (F),2023/2024,2023-11-25,Levante UD Femenino,3-0,SD Eibar,Regular Season,,3910992
1966,Liga F (F),2023/2024,2023-11-25,Real Sociedad de Fútbol,2-0,Valencia CF,Regular Season,,3910990
1967,Liga F (F),2023/2024,2023-11-25,Sevilla FC,6-0,Real Betis Balompié,Regular Season,,3910991
1968,Liga F (F),2023/2024,2023-11-25,Villarreal,1-1,Costa Adeje Tenerife,Regular Season,,3910993
1969,Liga F (F),2023/2024,2023-11-26,Athletic Club Bilbao,0-4,Barcelona WFC,Regular Season,,3910994
1970,Liga F (F),2023/2024,2023-11-26,Atletico Madrid W,2-0,Granada W,Regular Season,,3910987
1971,Liga F (F),2023/2024,2023-11-26,FC Levante Badalona,3-4,Madrid CFF,Regular Season,,3910988
1972,Liga F (F),2023/2024,2023-11-26,Real Madrid CF W,5-2,CD Sporting de Huelva,Regular Season,,3910989
1973,Liga F (F),2023/2024,2023-12-09,Barcelona WFC,5-0,SD Eibar,Regular Season,,3911001
1974,Liga F (F),2023/2024,2023-12-09,CD Sporting de Huelva,1-2,Real Sociedad de Fútbol,Regular Season,,3911000
1975,Liga F (F),2023/2024,2023-12-09,Costa Adeje Tenerife,2-0,Granada W,Regular Season,,3910998
1976,Liga F (F),2023/2024,2023-12-09,Real Madrid CF W,1-3,Sevilla FC,Regular Season,,3910995
1977,Liga F (F),2023/2024,2023-12-10,Athletic Club Bilbao,1-0,Levante UD Femenino,Regular Season,,3911002
1978,Liga F (F),2023/2024,2023-12-10,Real Betis Balompié,0-2,Atletico Madrid W,Regular Season,,3910996
1979,Liga F (F),2023/2024,2023-12-10,Valencia CF,3-4,Madrid CFF,Regular Season,,3910999
1980,Liga F (F),2023/2024,2023-12-10,Villarreal,2-2,FC Levante Badalona,Regular Season,,3910997
1981,Liga F (F),2023/2024,2023-12-16,Atletico Madrid W,1-1,Real Sociedad de Fútbol,Regular Season,,3911010
1982,Liga F (F),2023/2024,2023-12-16,Levante UD Femenino,2-0,CD Sporting de Huelva,Regular Season,,3911005
1983,Liga F (F),2023/2024,2023-12-16,Madrid CFF,2-0,Villarreal,Regular Season,,3911006
1984,Liga F (F),2023/2024,2023-12-16,SD Eibar,3-2,Real Betis Balompié,Regular Season,,3911009
1985,Liga F (F),2023/2024,2023-12-17,Costa Adeje Tenerife,0-2,Barcelona WFC,Regular Season,,3911008
1986,Liga F (F),2023/2024,2023-12-17,FC Levante Badalona,0-2,Real Madrid CF W,Regular Season,,3911003
1987,Liga F (F),2023/2024,2023-12-17,Granada W,0-1,Valencia CF,Regular Season,,3911004
1988,Liga F (F),2023/2024,2023-12-17,Sevilla FC,1-1,Athletic Club Bilbao,Regular Season,,3911007
1989,Liga F (F),2023/2024,2024-01-06,Barcelona WFC,9-1,FC Levante Badalona,Regular Season,,3911293
1990,Liga F (F),2023/2024,2024-01-06,Villarreal,0-5,Levante UD Femenino,Regular Season,,3911295
1991,Liga F (F),2023/2024,2024-01-07,Athletic Club Bilbao,2-0,SD Eibar,Regular Season,,3911298
1992,Liga F (F),2023/2024,2024-01-07,CD Sporting de Huelva,1-3,Sevilla FC,Regular Season,,3911297
1993,Liga F (F),2023/2024,2024-01-07,Real Betis Balompié,2-3,Granada W,Regular Season,,3911299
1994,Liga F (F),2023/2024,2024-01-07,Real Madrid CF W,2-1,Madrid CFF,Regular Season,,3911296
1995,Liga F (F),2023/2024,2024-01-07,Real Sociedad de Fútbol,3-3,Costa Adeje Tenerife,Regular Season,,3911292
1996,Liga F (F),2023/2024,2024-01-07,Valencia CF,1-6,Atletico Madrid W,Regular Season,,3911294
1997,Liga F (F),2023/2024,2024-01-20,FC Levante Badalona,0-2,Real Sociedad de Fútbol,Regular Season,,3911300
1998,Liga F (F),2023/2024,2024-01-20,Madrid CFF,3-1,Real Betis Balompié,Regular Season,,3911301
1999,Liga F (F),2023/2024,2024-01-20,Sevilla FC,3-1,Villarreal,Regular Season,,3911303
2000,Liga F (F),2023/2024,2024-01-21,Costa Adeje Tenerife,1-1,Athletic Club Bilbao,Regular Season,,3911302
2001,Liga F (F),2023/2024,2024-01-21,Granada W,0-1,CD Sporting de Huelva,Regular Season,,3911305
2002,Liga F (F),2023/2024,2024-01-21,SD Eibar,1-0,Valencia CF,Regular Season,,3911304
2003,Liga F (F),2023/2024,2024-01-27,Athletic Club Bilbao,0-1,Real Madrid CF W,Regular Season,,3911308
2004,Liga F (F),2023/2024,2024-01-27,CD Sporting de Huelva,0-1,Villarreal,Regular Season,,3911314
2005,Liga F (F),2023/2024,2024-01-27,FC Levante Badalona,1-1,Atletico Madrid W,Regular Season,,3911313
2006,Liga F (F),2023/2024,2024-01-27,Valencia CF,1-1,Costa Adeje Tenerife,Regular Season,,3911309
2007,Liga F (F),2023/2024,2024-01-28,Levante UD Femenino,2-2,Granada W,Regular Season,,3911312
2008,Liga F (F),2023/2024,2024-01-28,Real Betis Balompié,0-6,Barcelona WFC,Regular Season,,3911315
2009,Liga F (F),2023/2024,2024-01-28,Real Sociedad de Fútbol,1-1,Madrid CFF,Regular Season,,3911311
2010,Liga F (F),2023/2024,2024-01-28,Sevilla FC,3-0,SD Eibar,Regular Season,,3911310
2011,Liga F (F),2023/2024,2024-02-03,Atletico Madrid W,0-1,Levante UD Femenino,Regular Season,,3911471
2012,Liga F (F),2023/2024,2024-02-03,Granada W,2-0,Athletic Club Bilbao,Regular Season,,3911477
2013,Liga F (F),2023/2024,2024-02-03,Madrid CFF,3-3,Sevilla FC,Regular Season,,3911473
2014,Liga F (F),2023/2024,2024-02-03,Real Madrid CF W,7-1,Valencia CF,Regular Season,,3911474
2015,Liga F (F),2023/2024,2024-02-03,Villarreal,2-1,Real Betis Balompié,Regular Season,,3911475
2016,Liga F (F),2023/2024,2024-02-04,Barcelona WFC,4-0,CD Sporting de Huelva,Regular Season,,3911472
2017,Liga F (F),2023/2024,2024-02-04,Costa Adeje Tenerife,1-1,FC Levante Badalona,Regular Season,,3911478
2018,Liga F (F),2023/2024,2024-02-04,SD Eibar,0-2,Real Sociedad de Fútbol,Regular Season,,3911476
2019,Liga F (F),2023/2024,2024-02-10,FC Levante Badalona,1-1,SD Eibar,Regular Season,,3911480
2020,Liga F (F),2023/2024,2024-02-10,Sevilla FC,0-3,Barcelona WFC,Regular Season,,3911482
2021,Liga F (F),2023/2024,2024-02-10,Valencia CF,0-1,Villarreal,Regular Season,,3911479
2022,Liga F (F),2023/2024,2024-02-11,Atletico Madrid W,1-1,Madrid CFF,Regular Season,,3911486
2023,Liga F (F),2023/2024,2024-02-11,CD Sporting de Huelva,1-2,Athletic Club Bilbao,Regular Season,,3911483
2024,Liga F (F),2023/2024,2024-02-11,Levante UD Femenino,1-0,Costa Adeje Tenerife,Regular Season,,3911485
2025,Liga F (F),2023/2024,2024-02-11,Real Betis Balompié,1-4,Real Madrid CF W,Regular Season,,3911484
2026,Liga F (F),2023/2024,2024-02-11,Real Sociedad de Fútbol,1-1,Granada W,Regular Season,,3911481
2027,Liga F (F),2023/2024,2024-02-14,Atletico Madrid W,1-1,Real Madrid CF W,Regular Season,,3911307
2028,Liga F (F),2023/2024,2024-02-14,Barcelona WFC,1-1,Levante UD Femenino,Regular Season,,3911306
2029,Liga F (F),2023/2024,2024-02-17,Athletic Club Bilbao,1-0,Real Betis Balompié,Regular Season,,3911488
2030,Liga F (F),2023/2024,2024-02-17,CD Sporting de Huelva,1-3,Valencia CF,Regular Season,,3911494
2031,Liga F (F),2023/2024,2024-02-17,Granada W,2-2,Sevilla FC,Regular Season,,3911490
2032,Liga F (F),2023/2024,2024-02-17,Villarreal,1-1,Real Sociedad de Fútbol,Regular Season,,3911493
2033,Liga F (F),2023/2024,2024-02-18,Barcelona WFC,2-0,Atletico Madrid W,Regular Season,,3911489
2034,Liga F (F),2023/2024,2024-02-18,Madrid CFF,2-1,FC Levante Badalona,Regular Season,,3911487
2035,Liga F (F),2023/2024,2024-02-18,Real Madrid CF W,2-1,Costa Adeje Tenerife,Regular Season,,3911491
2036,Liga F (F),2023/2024,2024-02-18,SD Eibar,0-0,Levante UD Femenino,Regular Season,,3911492
2037,Liga F (F),2023/2024,2024-03-09,Costa Adeje Tenerife,1-1,Villarreal,Regular Season,,3911502
2038,Liga F (F),2023/2024,2024-03-09,FC Levante Badalona,1-2,Granada W,Regular Season,,3911499
2039,Liga F (F),2023/2024,2024-03-09,Madrid CFF,1-2,SD Eibar,Regular Season,,3911495
2040,Liga F (F),2023/2024,2024-03-09,Sevilla FC,0-1,Real Madrid CF W,Regular Season,,3911501
2041,Liga F (F),2023/2024,2024-03-10,Atletico Madrid W,1-0,CD Sporting de Huelva,Regular Season,,3911496
2042,Liga F (F),2023/2024,2024-03-10,Levante UD Femenino,1-2,Athletic Club Bilbao,Regular Season,,3911497
2043,Liga F (F),2023/2024,2024-03-10,Real Sociedad de Fútbol,1-7,Barcelona WFC,Regular Season,,3911498
2044,Liga F (F),2023/2024,2024-03-10,Valencia CF,2-2,Real Betis Balompié,Regular Season,,3911500
2045,Liga F (F),2023/2024,2024-03-16,CD Sporting de Huelva,1-1,Levante UD Femenino,Regular Season,,3911508
2046,Liga F (F),2023/2024,2024-03-16,Real Madrid CF W,1-0,SD Eibar,Regular Season,,3911510
2047,Liga F (F),2023/2024,2024-03-16,Sevilla FC,3-0,FC Levante Badalona,Regular Season,,3911507
2048,Liga F (F),2023/2024,2024-03-16,Villarreal,1-4,Madrid CFF,Regular Season,,3911509
2049,Liga F (F),2023/2024,2024-03-17,Athletic Club Bilbao,2-0,Valencia CF,Regular Season,,3911503
2050,Liga F (F),2023/2024,2024-03-17,Barcelona WFC,7-0,Costa Adeje Tenerife,Regular Season,,3911504
2051,Liga F (F),2023/2024,2024-03-17,Granada W,0-1,Atletico Madrid W,Regular Season,,3911506
2052,Liga F (F),2023/2024,2024-03-17,Real Betis Balompié,0-0,Real Sociedad de Fútbol,Regular Season,,3911505
2053,Liga F (F),2023/2024,2024-03-23,Costa Adeje Tenerife,5-0,Sevilla FC,Regular Season,,3911518
2054,Liga F (F),2023/2024,2024-03-23,Levante UD Femenino,7-0,Real Betis Balompié,Regular Season,,3911517
2055,Liga F (F),2023/2024,2024-03-23,Real Sociedad de Fútbol,0-1,Athletic Club Bilbao,Regular Season,,3911513
2056,Liga F (F),2023/2024,2024-03-23,Valencia CF,4-1,Granada W,Regular Season,,3911516
2057,Liga F (F),2023/2024,2024-03-24,FC Levante Badalona,1-1,Villarreal,Regular Season,,3911511
2058,Liga F (F),2023/2024,2024-03-24,Madrid CFF,2-1,CD Sporting de Huelva,Regular Season,,3911512
2059,Liga F (F),2023/2024,2024-03-24,Real Madrid CF W,0-3,Barcelona WFC,Regular Season,,3911515
2060,Liga F (F),2023/2024,2024-03-24,SD Eibar,1-1,Atletico Madrid W,Regular Season,,3911514
2061,Liga F (F),2023/2024,2024-03-30,Atletico Madrid W,1-0,Valencia CF,Regular Season,,3911520
2062,Liga F (F),2023/2024,2024-03-30,Real Betis Balompié,0-0,SD Eibar,Regular Season,,3911522
2063,Liga F (F),2023/2024,2024-03-30,Sevilla FC,4-2,Real Sociedad de Fútbol,Regular Season,,3911526
2064,Liga F (F),2023/2024,2024-03-30,Villarreal,0-2,Real Madrid CF W,Regular Season,,3911525
2065,Liga F (F),2023/2024,2024-03-31,Athletic Club Bilbao,4-1,FC Levante Badalona,Regular Season,,3911519
2066,Liga F (F),2023/2024,2024-03-31,CD Sporting de Huelva,1-2,Costa Adeje Tenerife,Regular Season,,3911523
2067,Liga F (F),2023/2024,2024-03-31,Granada W,3-0,Madrid CFF,Regular Season,,3911521
2068,Liga F (F),2023/2024,2024-03-31,Levante UD Femenino,0-5,Barcelona WFC,Regular Season,,3911524
2069,Liga F (F),2023/2024,2024-04-13,Barcelona WFC,5-1,Villarreal,Regular Season,,3911528
2070,Liga F (F),2023/2024,2024-04-13,FC Levante Badalona,1-2,Real Betis Balompié,Regular Season,,3911534
2071,Liga F (F),2023/2024,2024-04-13,Real Sociedad de Fútbol,1-1,CD Sporting de Huelva,Regular Season,,3911529
2072,Liga F (F),2023/2024,2024-04-13,SD Eibar,3-0,Sevilla FC,Regular Season,,3911530
2073,Liga F (F),2023/2024,2024-04-14,Athletic Club Bilbao,1-0,Atletico Madrid W,Regular Season,,3911527
2074,Liga F (F),2023/2024,2024-04-14,Costa Adeje Tenerife,2-2,Madrid CFF,Regular Season,,3911533
2075,Liga F (F),2023/2024,2024-04-14,Real Madrid CF W,5-0,Granada W,Regular Season,,3911531
2076,Liga F (F),2023/2024,2024-04-14,Valencia CF,1-1,Levante UD Femenino,Regular Season,,3911532
2077,Liga F (F),2023/2024,2024-04-20,CD Sporting de Huelva,0-1,SD Eibar,Regular Season,,3911541
2078,Liga F (F),2023/2024,2024-04-20,Granada W,2-1,Costa Adeje Tenerife,Regular Season,,3911536
2079,Liga F (F),2023/2024,2024-04-20,Levante UD Femenino,2-4,Real Madrid CF W,Regular Season,,3911537
2080,Liga F (F),2023/2024,2024-04-20,Madrid CFF,2-1,Athletic Club Bilbao,Regular Season,,3911538
2081,Liga F (F),2023/2024,2024-04-21,Atletico Madrid W,5-1,Real Betis Balompié,Regular Season,,3911535
2082,Liga F (F),2023/2024,2024-04-21,Valencia CF,3-0,Real Sociedad de Fútbol,Regular Season,,3911540
2083,Liga F (F),2023/2024,2024-04-21,Villarreal,1-2,Sevilla FC,Regular Season,,3911542
2084,Liga F (F),2023/2024,2024-04-24,FC Levante Badalona,2-4,Barcelona WFC,Regular Season,,3911539
2085,Liga F (F),2023/2024,2024-04-27,Costa Adeje Tenerife,1-0,Valencia CF,Regular Season,,3911545
2086,Liga F (F),2023/2024,2024-04-27,Real Betis Balompié,3-1,CD Sporting de Huelva,Regular Season,,3911544
2087,Liga F (F),2023/2024,2024-04-27,Sevilla FC,1-3,Levante UD Femenino,Regular Season,,3911550
2088,Liga F (F),2023/2024,2024-04-27,Villarreal,1-2,Granada W,Regular Season,,3911549
2089,Liga F (F),2023/2024,2024-04-28,Real Madrid CF W,2-1,FC Levante Badalona,Regular Season,,3911548
2090,Liga F (F),2023/2024,2024-04-28,Real Sociedad de Fútbol,0-2,Atletico Madrid W,Regular Season,,3911547
2091,Liga F (F),2023/2024,2024-04-28,SD Eibar,0-2,Athletic Club Bilbao,Regular Season,,3911546
2092,Liga F (F),2023/2024,2024-05-01,Barcelona WFC,8-0,Madrid CFF,Regular Season,,3911543
2093,Liga F (F),2023/2024,2024-05-04,Athletic Club Bilbao,1-0,Villarreal,Regular Season,,3911551
2094,Liga F (F),2023/2024,2024-05-04,Atletico Madrid W,1-0,Costa Adeje Tenerife,Regular Season,,3911552
2095,Liga F (F),2023/2024,2024-05-04,Granada W,1-4,Barcelona WFC,Regular Season,,3911556
2096,Liga F (F),2023/2024,2024-05-04,Valencia CF,0-2,SD Eibar,Regular Season,,3911558
2097,Liga F (F),2023/2024,2024-05-05,CD Sporting de Huelva,1-2,FC Levante Badalona,Regular Season,,3911557
2098,Liga F (F),2023/2024,2024-05-05,Levante UD Femenino,4-3,Real Sociedad de Fútbol,Regular Season,,3911553
2099,Liga F (F),2023/2024,2024-05-05,Madrid CFF,0-1,Real Madrid CF W,Regular Season,,3911554
2100,Liga F (F),2023/2024,2024-05-05,Real Betis Balompié,1-1,Sevilla FC,Regular Season,,3911555
2101,Liga F (F),2023/2024,2024-05-10,Barcelona WFC,7-0,Athletic Club Bilbao,Regular Season,,3911562
2102,Liga F (F),2023/2024,2024-05-10,Villarreal,1-1,SD Eibar,Regular Season,,3911566
2103,Liga F (F),2023/2024,2024-05-11,FC Levante Badalona,1-1,Levante UD Femenino,Regular Season,,3911559
2104,Liga F (F),2023/2024,2024-05-11,Granada W,2-3,Real Betis Balompié,Regular Season,,3911564
2105,Liga F (F),2023/2024,2024-05-11,Real Madrid CF W,2-3,Atletico Madrid W,Regular Season,,3911563
2106,Liga F (F),2023/2024,2024-05-12,Costa Adeje Tenerife,0-1,Real Sociedad de Fútbol,Regular Season,,3911565
2107,Liga F (F),2023/2024,2024-05-12,Madrid CFF,6-1,Valencia CF,Regular Season,,3911560
2108,Liga F (F),2023/2024,2024-05-12,Sevilla FC,2-0,CD Sporting de Huelva,Regular Season,,3911561
2109,Liga F (F),2023/2024,2024-05-14,SD Eibar,0-4,Barcelona WFC,Regular Season,,3911629
2110,Liga F (F),2023/2024,2024-05-24,Athletic Club Bilbao,4-1,Costa Adeje Tenerife,Regular Season,,3911626
2111,Liga F (F),2023/2024,2024-05-24,Atletico Madrid W,3-1,FC Levante Badalona,Regular Season,,3911625
2112,Liga F (F),2023/2024,2024-05-25,CD Sporting de Huelva,2-1,Granada W,Regular Season,,3911630
2113,Liga F (F),2023/2024,2024-05-25,Levante UD Femenino,2-1,Villarreal,Regular Season,,3911627
2114,Liga F (F),2023/2024,2024-05-26,Real Betis Balompié,0-0,Madrid CFF,Regular Season,,3911628
2115,Liga F (F),2023/2024,2024-05-26,Real Sociedad de Fútbol,1-2,Real Madrid CF W,Regular Season,,3911631
2116,Liga F (F),2023/2024,2024-05-26,Valencia CF,3-1,Sevilla FC,Regular Season,,3911632
2117,Liga F (F),2023/2024,2024-06-09,Barcelona WFC,5-1,Real Betis Balompié,Regular Season,,3911636
2118,Liga F (F),2023/2024,2024-06-09,Costa Adeje Tenerife,1-1,SD Eibar,Regular Season,,3911635
2119,Liga F (F),2023/2024,2024-06-09,FC Levante Badalona,3-0,Valencia CF,Regular Season,,3911640
2120,Liga F (F),2023/2024,2024-06-09,Granada W,0-3,Levante UD Femenino,Regular Season,,3911639
2121,Liga F (F),2023/2024,2024-06-09,Madrid CFF,2-3,Real Sociedad de Fútbol,Regular Season,,3911638
2122,Liga F (F),2023/2024,2024-06-09,Real Madrid CF W,1-0,Athletic Club Bilbao,Regular Season,,3911637
2123,Liga F (F),2023/2024,2024-06-09,Sevilla FC,1-1,Atletico Madrid W,Regular Season,,3911634
2124,Liga F (F),2023/2024,2024-06-09,Villarreal,2-0,CD Sporting de Huelva,Regular Season,,3911633
2125,Liga F (F),2023/2024,2024-06-14,CD Sporting de Huelva,1-4,Real Madrid CF W,Regular Season,,3911641
2126,Liga F (F),2023/2024,2024-06-15,Atletico Madrid W,1-0,Villarreal,Regular Season,,3911647
2127,Liga F (F),2023/2024,2024-06-15,Levante UD Femenino,3-0,Madrid CFF,Regular Season,,3911646
2128,Liga F (F),2023/2024,2024-06-15,Real Betis Balompié,1-0,Costa Adeje Tenerife,Regular Season,,3911645
2129,Liga F (F),2023/2024,2024-06-15,Real Sociedad de Fútbol,2-2,FC Levante Badalona,Regular Season,,3911642
2130,Liga F (F),2023/2024,2024-06-15,SD Eibar,0-2,Granada W,Regular Season,,3911644
2131,Liga F (F),2023/2024,2024-06-16,Athletic Club Bilbao,2-1,Sevilla FC,Regular Season,,3911648
2132,Liga F (F),2023/2024,2024-06-16,Valencia CF,0-3,Barcelona WFC,Regular Season,,3911643
2133,Liga Profesional,1981,1981-04-10,Boca Juniors,3-0,River Plate,Regular Season,,3889082
2134,Liga Profesional,1997/1998,1997-10-25,River Plate,1-2,Boca Juniors,Apertura,,3889115
2135,Ligue 1,2015/2016,2015-08-07,Lille,0-1,Paris Saint-Germain,Regular Season,,3829413
2136,Ligue 1,2015/2016,2015-08-08,Bastia,2-1,Rennes,Regular Season,,3829415
2137,Ligue 1,2015/2016,2015-08-08,Montpellier,0-2,Angers,Regular Season,,3829419
2138,Ligue 1,2015/2016,2015-08-08,Nantes,1-0,Guingamp,Regular Season,,3829418
2139,Ligue 1,2015/2016,2015-08-08,OGC Nice,1-2,AS Monaco,Regular Season,,3829416
2140,Ligue 1,2015/2016,2015-08-08,Olympique de Marseille,0-1,Stade Malherbe Caen,Regular Season,,3829414
2141,Ligue 1,2015/2016,2015-08-08,Troyes,0-0,Gazélec Ajaccio,Regular Season,,3829417
2142,Ligue 1,2015/2016,2015-08-09,Bordeaux,1-2,Stade de Reims,Regular Season,,3829420
2143,Ligue 1,2015/2016,2015-08-09,Lyon,0-0,Lorient,Regular Season,,3829422
2144,Ligue 1,2015/2016,2015-08-09,Toulouse,2-1,Saint-Étienne,Regular Season,,3829421
2145,Ligue 1,2015/2016,2015-08-14,AS Monaco,0-0,Lille,Regular Season,,3829423
2146,Ligue 1,2015/2016,2015-08-15,Angers,0-0,Nantes,Regular Season,,3829425
2147,Ligue 1,2015/2016,2015-08-15,Guingamp,0-1,Lyon,Regular Season,,3829426
2148,Ligue 1,2015/2016,2015-08-15,Rennes,1-0,Montpellier,Regular Season,,3829429
2149,Ligue 1,2015/2016,2015-08-15,Saint-Étienne,1-1,Bordeaux,Regular Season,,3829424
2150,Ligue 1,2015/2016,2015-08-15,Stade Malherbe Caen,1-0,Toulouse,Regular Season,,3829428
2151,Ligue 1,2015/2016,2015-08-15,Troyes,3-3,OGC Nice,Regular Season,,3829427
2152,Ligue 1,2015/2016,2015-08-16,Lorient,1-1,Bastia,Regular Season,,3829431
2153,Ligue 1,2015/2016,2015-08-16,Paris Saint-Germain,2-0,Gazélec Ajaccio,Regular Season,,3829432
2154,Ligue 1,2015/2016,2015-08-16,Stade de Reims,1-0,Olympique de Marseille,Regular Season,,3829430
2155,Ligue 1,2015/2016,2015-08-21,Montpellier,0-1,Paris Saint-Germain,Regular Season,,3829433
2156,Ligue 1,2015/2016,2015-08-22,Bastia,3-0,Guingamp,Regular Season,,3829434
2157,Ligue 1,2015/2016,2015-08-22,Gazélec Ajaccio,0-2,Angers,Regular Season,,3829437
2158,Ligue 1,2015/2016,2015-08-22,Lyon,1-2,Rennes,Regular Season,,3829435
2159,Ligue 1,2015/2016,2015-08-22,Nantes,1-0,Stade de Reims,Regular Season,,3829436
2160,Ligue 1,2015/2016,2015-08-22,OGC Nice,2-1,Stade Malherbe Caen,Regular Season,,3829438
2161,Ligue 1,2015/2016,2015-08-22,Toulouse,1-1,AS Monaco,Regular Season,,3829439
2162,Ligue 1,2015/2016,2015-08-23,Lille,0-0,Bordeaux,Regular Season,,3829442
2163,Ligue 1,2015/2016,2015-08-23,Lorient,0-1,Saint-Étienne,Regular Season,,3829440
2164,Ligue 1,2015/2016,2015-08-23,Olympique de Marseille,6-0,Troyes,Regular Season,,3829441
2165,Ligue 1,2015/2016,2015-08-28,Guingamp,2-0,Olympique de Marseille,Regular Season,,3829443
2166,Ligue 1,2015/2016,2015-08-29,Angers,1-1,OGC Nice,Regular Season,,3829445
2167,Ligue 1,2015/2016,2015-08-29,Lille,1-0,Gazélec Ajaccio,Regular Season,,3829447
2168,Ligue 1,2015/2016,2015-08-29,Rennes,3-1,Toulouse,Regular Season,,3829449
2169,Ligue 1,2015/2016,2015-08-29,Stade Malherbe Caen,0-4,Lyon,Regular Season,,3829444
2170,Ligue 1,2015/2016,2015-08-29,Stade de Reims,4-1,Lorient,Regular Season,,3829448
2171,Ligue 1,2015/2016,2015-08-29,Troyes,0-0,Montpellier,Regular Season,,3829446
2172,Ligue 1,2015/2016,2015-08-30,AS Monaco,0-3,Paris Saint-Germain,Regular Season,,3829450
2173,Ligue 1,2015/2016,2015-08-30,Bordeaux,2-0,Nantes,Regular Season,,3829452
2174,Ligue 1,2015/2016,2015-08-30,Saint-Étienne,2-1,Bastia,Regular Season,,3829451
2175,Ligue 1,2015/2016,2015-09-11,Paris Saint-Germain,2-2,Bordeaux,Regular Season,,3829453
2176,Ligue 1,2015/2016,2015-09-12,Lorient,3-1,Angers,Regular Season,,3829456
2177,Ligue 1,2015/2016,2015-09-12,Lyon,0-0,Lille,Regular Season,,3829454
2178,Ligue 1,2015/2016,2015-09-12,Montpellier,1-2,Saint-Étienne,Regular Season,,3829457
2179,Ligue 1,2015/2016,2015-09-12,OGC Nice,0-1,Guingamp,Regular Season,,3829459
2180,Ligue 1,2015/2016,2015-09-12,Toulouse,2-2,Stade de Reims,Regular Season,,3829458
2181,Ligue 1,2015/2016,2015-09-12,Troyes,1-3,Stade Malherbe Caen,Regular Season,,3829455
2182,Ligue 1,2015/2016,2015-09-13,Gazélec Ajaccio,0-1,AS Monaco,Regular Season,,3829462
2183,Ligue 1,2015/2016,2015-09-13,Nantes,0-2,Rennes,Regular Season,,3829460
2184,Ligue 1,2015/2016,2015-09-13,Olympique de Marseille,4-1,Bastia,Regular Season,,3829461
2185,Ligue 1,2015/2016,2015-09-18,Rennes,1-1,Lille,Regular Season,,3829463
2186,Ligue 1,2015/2016,2015-09-19,Angers,1-0,Troyes,Regular Season,,3829466
2187,Ligue 1,2015/2016,2015-09-19,Bastia,1-3,OGC Nice,Regular Season,,3829464
2188,Ligue 1,2015/2016,2015-09-19,Guingamp,2-1,Gazélec Ajaccio,Regular Season,,3829468
2189,Ligue 1,2015/2016,2015-09-19,Stade Malherbe Caen,2-1,Montpellier,Regular Season,,3829467
2190,Ligue 1,2015/2016,2015-09-19,Stade de Reims,1-1,Paris Saint-Germain,Regular Season,,3829465
2191,Ligue 1,2015/2016,2015-09-20,AS Monaco,2-3,Lorient,Regular Season,,3829469
2192,Ligue 1,2015/2016,2015-09-20,Bordeaux,1-1,Toulouse,Regular Season,,3829471
2193,Ligue 1,2015/2016,2015-09-20,Olympique de Marseille,1-1,Lyon,Regular Season,,3829472
2194,Ligue 1,2015/2016,2015-09-20,Saint-Étienne,2-0,Nantes,Regular Season,,3829470
2195,Ligue 1,2015/2016,2015-09-22,Angers,0-0,Stade de Reims,Regular Season,,3829474
2196,Ligue 1,2015/2016,2015-09-22,Paris Saint-Germain,3-0,Guingamp,Regular Season,,3829473
2197,Ligue 1,2015/2016,2015-09-23,Gazélec Ajaccio,1-1,Rennes,Regular Season,,3829478
2198,Ligue 1,2015/2016,2015-09-23,Lorient,2-0,Stade Malherbe Caen,Regular Season,,3829479
2199,Ligue 1,2015/2016,2015-09-23,Lyon,2-0,Bastia,Regular Season,,3829476
2200,Ligue 1,2015/2016,2015-09-23,OGC Nice,6-1,Bordeaux,Regular Season,,3829475
2201,Ligue 1,2015/2016,2015-09-23,Toulouse,1-1,Olympique de Marseille,Regular Season,,3829477
2202,Ligue 1,2015/2016,2015-09-23,Troyes,0-1,Saint-Étienne,Regular Season,,3829480
2203,Ligue 1,2015/2016,2015-09-24,Montpellier,2-3,AS Monaco,Regular Season,,3829481
2204,Ligue 1,2015/2016,2015-09-25,Stade de Reims,1-0,Lille,Regular Season,,3829482
2205,Ligue 1,2015/2016,2015-09-26,Bastia,3-0,Toulouse,Regular Season,,3829486
2206,Ligue 1,2015/2016,2015-09-26,Bordeaux,3-1,Lyon,Regular Season,,3829484
2207,Ligue 1,2015/2016,2015-09-26,Nantes,1-4,Paris Saint-Germain,Regular Season,,3829483
2208,Ligue 1,2015/2016,2015-09-26,Rennes,1-1,Troyes,Regular Season,,3829485
2209,Ligue 1,2015/2016,2015-09-26,Stade Malherbe Caen,2-0,Gazélec Ajaccio,Regular Season,,3829487
2210,Ligue 1,2015/2016,2015-09-27,Guingamp,3-3,AS Monaco,Regular Season,,3829488
2211,Ligue 1,2015/2016,2015-09-27,Montpellier,2-1,Lorient,Regular Season,,3829489
2212,Ligue 1,2015/2016,2015-09-27,Olympique de Marseille,1-2,Angers,Regular Season,,3829491
2213,Ligue 1,2015/2016,2015-09-27,Saint-Étienne,1-4,OGC Nice,Regular Season,,3829490
2214,Ligue 1,2015/2016,2015-09-29,Lille,0-1,Nantes,Regular Season,,3829492
2215,Ligue 1,2015/2016,2015-10-02,Lille,2-0,Montpellier,Regular Season,,3829493
2216,Ligue 1,2015/2016,2015-10-03,Angers,1-0,Bastia,Regular Season,,3829496
2217,Ligue 1,2015/2016,2015-10-03,Gazélec Ajaccio,2-2,Toulouse,Regular Season,,3829494
2218,Ligue 1,2015/2016,2015-10-03,Lyon,1-0,Stade de Reims,Regular Season,,3829495
2219,Ligue 1,2015/2016,2015-10-03,Troyes,0-1,Guingamp,Regular Season,,3829497
2220,Ligue 1,2015/2016,2015-10-04,AS Monaco,1-1,Rennes,Regular Season,,3829501
2221,Ligue 1,2015/2016,2015-10-04,Lorient,3-2,Bordeaux,Regular Season,,3829498
2222,Ligue 1,2015/2016,2015-10-04,Paris Saint-Germain,2-1,Olympique de Marseille,Regular Season,,3829500
2223,Ligue 1,2015/2016,2015-10-04,Stade Malherbe Caen,1-0,Saint-Étienne,Regular Season,,3829499
2224,Ligue 1,2015/2016,2015-10-16,AS Monaco,1-1,Lyon,Regular Season,,3829502
2225,Ligue 1,2015/2016,2015-10-17,Bastia,0-2,Paris Saint-Germain,Regular Season,,3829504
2226,Ligue 1,2015/2016,2015-10-17,Guingamp,1-1,Lille,Regular Season,,3829506
2227,Ligue 1,2015/2016,2015-10-17,Nantes,3-0,Troyes,Regular Season,,3829503
2228,Ligue 1,2015/2016,2015-10-17,Saint-Étienne,2-0,Gazélec Ajaccio,Regular Season,,3829505
2229,Ligue 1,2015/2016,2015-10-17,Stade de Reims,0-1,Stade Malherbe Caen,Regular Season,,3829508
2230,Ligue 1,2015/2016,2015-10-17,Toulouse,1-2,Angers,Regular Season,,3829507
2231,Ligue 1,2015/2016,2015-10-18,Bordeaux,0-0,Montpellier,Regular Season,,3829511
2232,Ligue 1,2015/2016,2015-10-18,Olympique de Marseille,1-1,Lorient,Regular Season,,3829509
2233,Ligue 1,2015/2016,2015-10-18,Rennes,1-4,OGC Nice,Regular Season,,3829510
2234,Ligue 1,2015/2016,2015-10-23,Lyon,3-0,Toulouse,Regular Season,,3829512
2235,Ligue 1,2015/2016,2015-10-23,Stade Malherbe Caen,0-2,Nantes,Regular Season,,3829513
2236,Ligue 1,2015/2016,2015-10-24,Angers,0-0,Guingamp,Regular Season,,3829514
2237,Ligue 1,2015/2016,2015-10-24,Gazélec Ajaccio,3-1,OGC Nice,Regular Season,,3829517
2238,Ligue 1,2015/2016,2015-10-24,Lorient,1-1,Rennes,Regular Season,,3829516
2239,Ligue 1,2015/2016,2015-10-24,Montpellier,2-0,Bastia,Regular Season,,3829515
2240,Ligue 1,2015/2016,2015-10-25,Bordeaux,1-0,Troyes,Regular Season,,3829521
2241,Ligue 1,2015/2016,2015-10-25,Lille,1-2,Olympique de Marseille,Regular Season,,3829518
2242,Ligue 1,2015/2016,2015-10-25,Paris Saint-Germain,4-1,Saint-Étienne,Regular Season,,3829519
2243,Ligue 1,2015/2016,2015-10-25,Stade de Reims,0-1,AS Monaco,Regular Season,,3829520
2244,Ligue 1,2015/2016,2015-10-30,Rennes,0-1,Paris Saint-Germain,Regular Season,,3900490
2245,Ligue 1,2015/2016,2015-10-31,Bastia,1-0,Stade Malherbe Caen,Regular Season,,3900495
2246,Ligue 1,2015/2016,2015-10-31,Gazélec Ajaccio,2-0,Bordeaux,Regular Season,,3900494
2247,Ligue 1,2015/2016,2015-10-31,Guingamp,2-2,Lorient,Regular Season,,3900492
2248,Ligue 1,2015/2016,2015-10-31,Saint-Étienne,3-0,Stade de Reims,Regular Season,,3900491
2249,Ligue 1,2015/2016,2015-10-31,Toulouse,1-1,Montpellier,Regular Season,,3900496
2250,Ligue 1,2015/2016,2015-10-31,Troyes,0-1,Lyon,Regular Season,,3900493
2251,Ligue 1,2015/2016,2015-11-01,AS Monaco,1-0,Angers,Regular Season,,3900498
2252,Ligue 1,2015/2016,2015-11-01,Nantes,0-1,Olympique de Marseille,Regular Season,,3900499
2253,Ligue 1,2015/2016,2015-11-01,OGC Nice,0-0,Lille,Regular Season,,3900497
2254,Ligue 1,2015/2016,2015-11-04,OGC Nice,1-2,Nantes,Regular Season,,3829522
2255,Ligue 1,2015/2016,2015-11-06,Angers,0-2,Rennes,Regular Season,,3900500
2256,Ligue 1,2015/2016,2015-11-07,Lille,1-1,Bastia,Regular Season,,3900503
2257,Ligue 1,2015/2016,2015-11-07,Lorient,4-1,Troyes,Regular Season,,3900502
2258,Ligue 1,2015/2016,2015-11-07,Montpellier,2-1,Nantes,Regular Season,,3900504
2259,Ligue 1,2015/2016,2015-11-07,Paris Saint-Germain,5-0,Toulouse,Regular Season,,3900501
2260,Ligue 1,2015/2016,2015-11-07,Stade Malherbe Caen,2-1,Guingamp,Regular Season,,3900505
2261,Ligue 1,2015/2016,2015-11-07,Stade de Reims,1-2,Gazélec Ajaccio,Regular Season,,3900506
2262,Ligue 1,2015/2016,2015-11-08,Bordeaux,3-1,AS Monaco,Regular Season,,3900508
2263,Ligue 1,2015/2016,2015-11-08,Lyon,3-0,Saint-Étienne,Regular Season,,3900509
2264,Ligue 1,2015/2016,2015-11-08,Olympique de Marseille,0-1,OGC Nice,Regular Season,,3900507
2265,Ligue 1,2015/2016,2015-11-20,OGC Nice,3-0,Lyon,Regular Season,,3900510
2266,Ligue 1,2015/2016,2015-11-21,AS Monaco,1-0,Nantes,Regular Season,,3900515
2267,Ligue 1,2015/2016,2015-11-21,Guingamp,2-0,Toulouse,Regular Season,,3900514
2268,Ligue 1,2015/2016,2015-11-21,Lorient,1-2,Paris Saint-Germain,Regular Season,,3900511
2269,Ligue 1,2015/2016,2015-11-21,Montpellier,3-1,Stade de Reims,Regular Season,,3900512
2270,Ligue 1,2015/2016,2015-11-21,Troyes,1-1,Lille,Regular Season,,3900513
2271,Ligue 1,2015/2016,2015-11-22,Rennes,2-2,Bordeaux,Regular Season,,3900519
2272,Ligue 1,2015/2016,2015-11-22,Saint-Étienne,0-2,Olympique de Marseille,Regular Season,,3900516
2273,Ligue 1,2015/2016,2015-11-22,Stade Malherbe Caen,0-0,Angers,Regular Season,,3900518
2274,Ligue 1,2015/2016,2015-11-27,Lyon,2-4,Montpellier,Regular Season,,3900520
2275,Ligue 1,2015/2016,2015-11-28,Angers,2-0,Lille,Regular Season,,3900526
2276,Ligue 1,2015/2016,2015-11-28,Gazélec Ajaccio,1-1,Lorient,Regular Season,,3900524
2277,Ligue 1,2015/2016,2015-11-28,Nantes,0-0,Bastia,Regular Season,,3900525
2278,Ligue 1,2015/2016,2015-11-28,Paris Saint-Germain,4-1,Troyes,Regular Season,,3900521
2279,Ligue 1,2015/2016,2015-11-28,Stade de Reims,2-2,Rennes,Regular Season,,3900523
2280,Ligue 1,2015/2016,2015-11-28,Toulouse,2-0,OGC Nice,Regular Season,,3900522
2281,Ligue 1,2015/2016,2015-11-29,Bordeaux,1-4,Stade Malherbe Caen,Regular Season,,3900528
2282,Ligue 1,2015/2016,2015-11-29,Olympique de Marseille,3-3,AS Monaco,Regular Season,,3900527
2283,Ligue 1,2015/2016,2015-11-29,Saint-Étienne,3-0,Guingamp,Regular Season,,3900529
2284,Ligue 1,2015/2016,2015-12-01,Angers,0-0,Paris Saint-Germain,Regular Season,,3900532
2285,Ligue 1,2015/2016,2015-12-01,Lorient,0-0,OGC Nice,Regular Season,,3900531
2286,Ligue 1,2015/2016,2015-12-01,Nantes,0-0,Lyon,Regular Season,,3900530
2287,Ligue 1,2015/2016,2015-12-02,AS Monaco,1-1,Stade Malherbe Caen,Regular Season,,3900533
2288,Ligue 1,2015/2016,2015-12-02,Bastia,1-0,Bordeaux,Regular Season,,3900534
2289,Ligue 1,2015/2016,2015-12-02,Guingamp,1-2,Stade de Reims,Regular Season,,3900538
2290,Ligue 1,2015/2016,2015-12-02,Lille,1-0,Saint-Étienne,Regular Season,,3900535
2291,Ligue 1,2015/2016,2015-12-02,Montpellier,0-2,Gazélec Ajaccio,Regular Season,,3900536
2292,Ligue 1,2015/2016,2015-12-02,Troyes,0-3,Toulouse,Regular Season,,3900537
2293,Ligue 1,2015/2016,2015-12-03,Rennes,0-1,Olympique de Marseille,Regular Season,,3900539
2294,Ligue 1,2015/2016,2015-12-04,OGC Nice,0-3,Paris Saint-Germain,Regular Season,,3900540
2295,Ligue 1,2015/2016,2015-12-05,Bastia,1-2,AS Monaco,Regular Season,,3900541
2296,Ligue 1,2015/2016,2015-12-05,Gazélec Ajaccio,1-1,Nantes,Regular Season,,3900546
2297,Ligue 1,2015/2016,2015-12-05,Lyon,0-2,Angers,Regular Season,,3900545
2298,Ligue 1,2015/2016,2015-12-05,Stade Malherbe Caen,1-2,Lille,Regular Season,,3900542
2299,Ligue 1,2015/2016,2015-12-05,Stade de Reims,1-1,Troyes,Regular Season,,3900543
2300,Ligue 1,2015/2016,2015-12-05,Toulouse,2-3,Lorient,Regular Season,,3900544
2301,Ligue 1,2015/2016,2015-12-06,Bordeaux,1-0,Guingamp,Regular Season,,3900548
2302,Ligue 1,2015/2016,2015-12-06,Olympique de Marseille,2-2,Montpellier,Regular Season,,3900547
2303,Ligue 1,2015/2016,2015-12-06,Saint-Étienne,1-1,Rennes,Regular Season,,3900549
2304,Ligue 1,2015/2016,2015-12-11,Rennes,1-1,Stade Malherbe Caen,Regular Season,,3900550
2305,Ligue 1,2015/2016,2015-12-12,Lille,3-0,Lorient,Regular Season,,3900551
2306,Ligue 1,2015/2016,2015-12-12,Montpellier,2-1,Guingamp,Regular Season,,3900552
2307,Ligue 1,2015/2016,2015-12-12,Nantes,1-1,Toulouse,Regular Season,,3900555
2308,Ligue 1,2015/2016,2015-12-12,Stade de Reims,1-1,OGC Nice,Regular Season,,3900553
2309,Ligue 1,2015/2016,2015-12-12,Troyes,1-1,Bastia,Regular Season,,3900554
2310,Ligue 1,2015/2016,2015-12-13,AS Monaco,1-0,Saint-Étienne,Regular Season,,3900558
2311,Ligue 1,2015/2016,2015-12-13,Angers,1-1,Bordeaux,Regular Season,,3900556
2312,Ligue 1,2015/2016,2015-12-13,Olympique de Marseille,1-1,Gazélec Ajaccio,Regular Season,,3900559
2313,Ligue 1,2015/2016,2015-12-13,Paris Saint-Germain,5-1,Lyon,Regular Season,,3900557
2314,Ligue 1,2015/2016,2015-12-18,OGC Nice,1-0,Montpellier,Regular Season,,3900560
2315,Ligue 1,2015/2016,2015-12-19,Bastia,2-0,Stade de Reims,Regular Season,,3900566
2316,Ligue 1,2015/2016,2015-12-19,Guingamp,0-2,Rennes,Regular Season,,3900563
2317,Ligue 1,2015/2016,2015-12-19,Lorient,0-0,Nantes,Regular Season,,3900565
2318,Ligue 1,2015/2016,2015-12-19,Stade Malherbe Caen,0-3,Paris Saint-Germain,Regular Season,,3900562
2319,Ligue 1,2015/2016,2015-12-19,Toulouse,1-1,Lille,Regular Season,,3900561
2320,Ligue 1,2015/2016,2015-12-19,Troyes,0-0,AS Monaco,Regular Season,,3900564
2321,Ligue 1,2015/2016,2015-12-20,Bordeaux,1-1,Olympique de Marseille,Regular Season,,3900567
2322,Ligue 1,2015/2016,2015-12-20,Gazélec Ajaccio,2-1,Lyon,Regular Season,,3900568
2323,Ligue 1,2015/2016,2015-12-20,Saint-Étienne,1-0,Angers,Regular Season,,3900569
2324,Ligue 1,2015/2016,2016-01-08,Paris Saint-Germain,2-0,Bastia,Regular Season,,3900570
2325,Ligue 1,2015/2016,2016-01-09,AS Monaco,2-2,Gazélec Ajaccio,Regular Season,,3900572
2326,Ligue 1,2015/2016,2016-01-09,Angers,2-0,Stade Malherbe Caen,Regular Season,,3900573
2327,Ligue 1,2015/2016,2016-01-09,Lyon,4-1,Troyes,Regular Season,,3900574
2328,Ligue 1,2015/2016,2016-01-09,Montpellier,0-1,Bordeaux,Regular Season,,3900576
2329,Ligue 1,2015/2016,2016-01-09,Rennes,2-2,Lorient,Regular Season,,3900571
2330,Ligue 1,2015/2016,2016-01-09,Stade de Reims,1-3,Toulouse,Regular Season,,3900575
2331,Ligue 1,2015/2016,2016-01-10,Lille,1-1,OGC Nice,Regular Season,,3900578
2332,Ligue 1,2015/2016,2016-01-10,Nantes,2-1,Saint-Étienne,Regular Season,,3900579
2333,Ligue 1,2015/2016,2016-01-10,Olympique de Marseille,0-0,Guingamp,Regular Season,,3900577
2334,Ligue 1,2015/2016,2016-01-15,OGC Nice,2-1,Angers,Regular Season,,3900580
2335,Ligue 1,2015/2016,2016-01-16,Bastia,1-0,Montpellier,Regular Season,,3900584
2336,Ligue 1,2015/2016,2016-01-16,Bordeaux,1-0,Lille,Regular Season,,3900581
2337,Ligue 1,2015/2016,2016-01-16,Gazélec Ajaccio,2-2,Stade de Reims,Regular Season,,3900582
2338,Ligue 1,2015/2016,2016-01-16,Guingamp,2-2,Nantes,Regular Season,,3900586
2339,Ligue 1,2015/2016,2016-01-16,Toulouse,0-1,Paris Saint-Germain,Regular Season,,3900585
2340,Ligue 1,2015/2016,2016-01-16,Troyes,2-4,Rennes,Regular Season,,3900583
2341,Ligue 1,2015/2016,2016-01-17,Lorient,0-2,AS Monaco,Regular Season,,3900588
2342,Ligue 1,2015/2016,2016-01-17,Saint-Étienne,1-0,Lyon,Regular Season,,3900587
2343,Ligue 1,2015/2016,2016-01-17,Stade Malherbe Caen,1-3,Olympique de Marseille,Regular Season,,3900589
2344,Ligue 1,2015/2016,2016-01-22,Rennes,1-0,Gazélec Ajaccio,Regular Season,,3900590
2345,Ligue 1,2015/2016,2016-01-23,Guingamp,1-0,Bastia,Regular Season,,3900596
2346,Ligue 1,2015/2016,2016-01-23,Lille,1-3,Troyes,Regular Season,,3900593
2347,Ligue 1,2015/2016,2016-01-23,Montpellier,1-2,Stade Malherbe Caen,Regular Season,,3900592
2348,Ligue 1,2015/2016,2016-01-23,Nantes,2-2,Bordeaux,Regular Season,,3900594
2349,Ligue 1,2015/2016,2016-01-23,OGC Nice,2-1,Lorient,Regular Season,,3900595
2350,Ligue 1,2015/2016,2016-01-23,Paris Saint-Germain,5-1,Angers,Regular Season,,3900591
2351,Ligue 1,2015/2016,2016-01-24,AS Monaco,4-0,Toulouse,Regular Season,,3900598
2352,Ligue 1,2015/2016,2016-01-24,Lyon,1-1,Olympique de Marseille,Regular Season,,3900597
2353,Ligue 1,2015/2016,2016-01-24,Stade de Reims,1-1,Saint-Étienne,Regular Season,,3900599
2354,Ligue 1,2015/2016,2016-01-29,Olympique de Marseille,1-1,Lille,Regular Season,,3900600
2355,Ligue 1,2015/2016,2016-01-30,Angers,3-0,AS Monaco,Regular Season,,3900604
2356,Ligue 1,2015/2016,2016-01-30,Bastia,1-0,Lyon,Regular Season,,3900605
2357,Ligue 1,2015/2016,2016-01-30,Gazélec Ajaccio,0-4,Montpellier,Regular Season,,3900601
2358,Ligue 1,2015/2016,2016-01-30,Lorient,2-0,Stade de Reims,Regular Season,,3900602
2359,Ligue 1,2015/2016,2016-01-30,Toulouse,1-2,Guingamp,Regular Season,,3900603
2360,Ligue 1,2015/2016,2016-01-30,Troyes,0-1,Nantes,Regular Season,,3900606
2361,Ligue 1,2015/2016,2016-01-31,Bordeaux,4-0,Rennes,Regular Season,,3900609
2362,Ligue 1,2015/2016,2016-01-31,Stade Malherbe Caen,2-0,OGC Nice,Regular Season,,3900608
2363,Ligue 1,2015/2016,2016-02-02,AS Monaco,2-0,Bastia,Regular Season,,3900611
2364,Ligue 1,2015/2016,2016-02-02,Montpellier,0-1,Olympique de Marseille,Regular Season,,3900610
2365,Ligue 1,2015/2016,2016-02-03,Guingamp,4-0,Troyes,Regular Season,,3900612
2366,Ligue 1,2015/2016,2016-02-03,Lille,1-0,Stade Malherbe Caen,Regular Season,,3900614
2367,Ligue 1,2015/2016,2016-02-03,Lyon,3-0,Bordeaux,Regular Season,,3900616
2368,Ligue 1,2015/2016,2016-02-03,Nantes,3-1,Gazélec Ajaccio,Regular Season,,3900615
2369,Ligue 1,2015/2016,2016-02-03,OGC Nice,1-0,Toulouse,Regular Season,,3900613
2370,Ligue 1,2015/2016,2016-02-03,Paris Saint-Germain,3-1,Lorient,Regular Season,,3900618
2371,Ligue 1,2015/2016,2016-02-03,Stade de Reims,2-1,Angers,Regular Season,,3900617
2372,Ligue 1,2015/2016,2016-02-04,Rennes,0-1,Saint-Étienne,Regular Season,,3900619
2373,Ligue 1,2015/2016,2016-02-06,AS Monaco,1-0,OGC Nice,Regular Season,,3900625
2374,Ligue 1,2015/2016,2016-02-06,Angers,0-3,Lyon,Regular Season,,3900624
2375,Ligue 1,2015/2016,2016-02-06,Bastia,2-0,Troyes,Regular Season,,3900622
2376,Ligue 1,2015/2016,2016-02-06,Gazélec Ajaccio,0-0,Guingamp,Regular Season,,3900626
2377,Ligue 1,2015/2016,2016-02-06,Lorient,1-1,Montpellier,Regular Season,,3900623
2378,Ligue 1,2015/2016,2016-02-06,Stade Malherbe Caen,0-2,Stade de Reims,Regular Season,,3900620
2379,Ligue 1,2015/2016,2016-02-06,Toulouse,0-0,Nantes,Regular Season,,3900621
2380,Ligue 1,2015/2016,2016-02-07,Bordeaux,1-4,Saint-Étienne,Regular Season,,3900627
2381,Ligue 1,2015/2016,2016-02-07,Lille,1-1,Rennes,Regular Season,,3900628
2382,Ligue 1,2015/2016,2016-02-07,Olympique de Marseille,1-2,Paris Saint-Germain,Regular Season,,3900629
2383,Ligue 1,2015/2016,2016-02-12,Rennes,1-0,Angers,Regular Season,,3900630
2384,Ligue 1,2015/2016,2016-02-13,Gazélec Ajaccio,2-3,Troyes,Regular Season,,3900633
2385,Ligue 1,2015/2016,2016-02-13,Guingamp,2-4,Bordeaux,Regular Season,,3900632
2386,Ligue 1,2015/2016,2016-02-13,Montpellier,2-0,Toulouse,Regular Season,,3900631
2387,Ligue 1,2015/2016,2016-02-13,Nantes,2-1,Lorient,Regular Season,,3900636
2388,Ligue 1,2015/2016,2016-02-13,Paris Saint-Germain,0-0,Lille,Regular Season,,3900634
2389,Ligue 1,2015/2016,2016-02-13,Stade de Reims,0-1,Bastia,Regular Season,,3900635
2390,Ligue 1,2015/2016,2016-02-14,Lyon,4-1,Stade Malherbe Caen,Regular Season,,3900638
2391,Ligue 1,2015/2016,2016-02-14,OGC Nice,1-1,Olympique de Marseille,Regular Season,,3900637
2392,Ligue 1,2015/2016,2016-02-14,Saint-Étienne,1-1,AS Monaco,Regular Season,,3900639
2393,Ligue 1,2015/2016,2016-02-19,Bordeaux,0-0,OGC Nice,Regular Season,,3901144
2394,Ligue 1,2015/2016,2016-02-20,AS Monaco,3-1,Troyes,Regular Season,,3901149
2395,Ligue 1,2015/2016,2016-02-20,Angers,2-3,Montpellier,Regular Season,,3901145
2396,Ligue 1,2015/2016,2016-02-20,Lorient,4-3,Guingamp,Regular Season,,3901148
2397,Ligue 1,2015/2016,2016-02-20,Paris Saint-Germain,4-1,Stade de Reims,Regular Season,,3901146
2398,Ligue 1,2015/2016,2016-02-20,Toulouse,1-1,Gazélec Ajaccio,Regular Season,,3901147
2399,Ligue 1,2015/2016,2016-02-21,Lille,1-0,Lyon,Regular Season,,3901151
2400,Ligue 1,2015/2016,2016-02-21,Olympique de Marseille,1-1,Saint-Étienne,Regular Season,,3901150
2401,Ligue 1,2015/2016,2016-02-21,Stade Malherbe Caen,1-0,Rennes,Regular Season,,3901152
2402,Ligue 1,2015/2016,2016-02-26,OGC Nice,0-2,Bastia,Regular Season,,3901153
2403,Ligue 1,2015/2016,2016-02-27,Guingamp,2-2,Angers,Regular Season,,3901156
2404,Ligue 1,2015/2016,2016-02-27,Montpellier,3-0,Lille,Regular Season,,3901155
2405,Ligue 1,2015/2016,2016-02-27,Stade de Reims,4-1,Bordeaux,Regular Season,,3901157
2406,Ligue 1,2015/2016,2016-02-27,Toulouse,1-2,Rennes,Regular Season,,3901158
2407,Ligue 1,2015/2016,2016-02-27,Troyes,0-1,Lorient,Regular Season,,3901154
2408,Ligue 1,2015/2016,2016-02-28,Lyon,2-1,Paris Saint-Germain,Regular Season,,3901159
2409,Ligue 1,2015/2016,2016-02-28,Nantes,0-0,AS Monaco,Regular Season,,3901160
2410,Ligue 1,2015/2016,2016-02-28,Saint-Étienne,1-2,Stade Malherbe Caen,Regular Season,,3901161
2411,Ligue 1,2015/2016,2016-03-04,Stade Malherbe Caen,2-2,AS Monaco,Regular Season,,3901162
2412,Ligue 1,2015/2016,2016-03-05,Angers,0-0,Saint-Étienne,Regular Season,,3901164
2413,Ligue 1,2015/2016,2016-03-05,Bastia,0-0,Lorient,Regular Season,,3901167
2414,Ligue 1,2015/2016,2016-03-05,Bordeaux,1-1,Gazélec Ajaccio,Regular Season,,3901165
2415,Ligue 1,2015/2016,2016-03-05,Lille,2-0,Stade de Reims,Regular Season,,3901168
2416,Ligue 1,2015/2016,2016-03-05,OGC Nice,2-1,Troyes,Regular Season,,3901163
2417,Ligue 1,2015/2016,2016-03-05,Paris Saint-Germain,0-0,Montpellier,Regular Season,,3901166
2418,Ligue 1,2015/2016,2016-03-06,Lyon,5-1,Guingamp,Regular Season,,3901171
2419,Ligue 1,2015/2016,2016-03-06,Olympique de Marseille,1-1,Toulouse,Regular Season,,3901169
2420,Ligue 1,2015/2016,2016-03-06,Rennes,4-1,Nantes,Regular Season,,3901170
2421,Ligue 1,2015/2016,2016-03-09,Bastia,0-0,Nantes,Regular Season,,3901172
2422,Ligue 1,2015/2016,2016-03-09,Gazélec Ajaccio,1-1,Olympique de Marseille,Regular Season,,3901173
2423,Ligue 1,2015/2016,2016-03-11,AS Monaco,2-2,Stade de Reims,Regular Season,,3901174
2424,Ligue 1,2015/2016,2016-03-12,Bastia,1-2,Lille,Regular Season,,3901177
2425,Ligue 1,2015/2016,2016-03-12,Gazélec Ajaccio,1-0,Stade Malherbe Caen,Regular Season,,3901179
2426,Ligue 1,2015/2016,2016-03-12,Guingamp,2-0,Saint-Étienne,Regular Season,,3901180
2427,Ligue 1,2015/2016,2016-03-12,Lorient,1-1,Olympique de Marseille,Regular Season,,3901178
2428,Ligue 1,2015/2016,2016-03-12,Montpellier,0-2,OGC Nice,Regular Season,,3901175
2429,Ligue 1,2015/2016,2016-03-12,Toulouse,4-0,Bordeaux,Regular Season,,3901176
2430,Ligue 1,2015/2016,2016-03-13,Nantes,2-0,Angers,Regular Season,,3901182
2431,Ligue 1,2015/2016,2016-03-13,Rennes,2-2,Lyon,Regular Season,,3901181
2432,Ligue 1,2015/2016,2016-03-13,Troyes,0-9,Paris Saint-Germain,Regular Season,,3901183
2433,Ligue 1,2015/2016,2016-03-18,Olympique de Marseille,2-5,Rennes,Regular Season,,3901184
2434,Ligue 1,2015/2016,2016-03-19,Angers,5-1,Lorient,Regular Season,,3901187
2435,Ligue 1,2015/2016,2016-03-19,Lille,1-0,Toulouse,Regular Season,,3901189
2436,Ligue 1,2015/2016,2016-03-19,Lyon,2-0,Nantes,Regular Season,,3901186
2437,Ligue 1,2015/2016,2016-03-19,Saint-Étienne,3-0,Montpellier,Regular Season,,3901188
2438,Ligue 1,2015/2016,2016-03-19,Stade Malherbe Caen,2-1,Troyes,Regular Season,,3901190
2439,Ligue 1,2015/2016,2016-03-19,Stade de Reims,0-1,Guingamp,Regular Season,,3901185
2440,Ligue 1,2015/2016,2016-03-20,Bordeaux,1-1,Bastia,Regular Season,,3901192
2441,Ligue 1,2015/2016,2016-03-20,OGC Nice,3-0,Gazélec Ajaccio,Regular Season,,3901191
2442,Ligue 1,2015/2016,2016-03-20,Paris Saint-Germain,0-2,AS Monaco,Regular Season,,3901193
2443,Ligue 1,2015/2016,2016-04-01,AS Monaco,1-2,Bordeaux,Regular Season,,3901194
2444,Ligue 1,2015/2016,2016-04-02,Gazélec Ajaccio,0-2,Saint-Étienne,Regular Season,,3901195
2445,Ligue 1,2015/2016,2016-04-02,Guingamp,2-2,Montpellier,Regular Season,,3901197
2446,Ligue 1,2015/2016,2016-04-02,Paris Saint-Germain,4-1,OGC Nice,Regular Season,,3901196
2447,Ligue 1,2015/2016,2016-04-02,Rennes,3-1,Stade de Reims,Regular Season,,3901199
2448,Ligue 1,2015/2016,2016-04-02,Toulouse,2-0,Stade Malherbe Caen,Regular Season,,3901200
2449,Ligue 1,2015/2016,2016-04-02,Troyes,0-1,Angers,Regular Season,,3901198
2450,Ligue 1,2015/2016,2016-04-03,Bastia,2-1,Olympique de Marseille,Regular Season,,3901201
2451,Ligue 1,2015/2016,2016-04-03,Lorient,1-3,Lyon,Regular Season,,3901202
2452,Ligue 1,2015/2016,2016-04-03,Nantes,0-3,Lille,Regular Season,,3901203
2453,Ligue 1,2015/2016,2016-04-08,Montpellier,0-2,Lyon,Regular Season,,3901204
2454,Ligue 1,2015/2016,2016-04-09,Angers,0-0,Gazélec Ajaccio,Regular Season,,3901209
2455,Ligue 1,2015/2016,2016-04-09,Guingamp,0-2,Paris Saint-Germain,Regular Season,,3901208
2456,Ligue 1,2015/2016,2016-04-09,Saint-Étienne,1-0,Troyes,Regular Season,,3901210
2457,Ligue 1,2015/2016,2016-04-09,Stade Malherbe Caen,1-2,Lorient,Regular Season,,3901205
2458,Ligue 1,2015/2016,2016-04-09,Stade de Reims,2-1,Nantes,Regular Season,,3901207
2459,Ligue 1,2015/2016,2016-04-09,Toulouse,4-0,Bastia,Regular Season,,3901206
2460,Ligue 1,2015/2016,2016-04-10,Lille,4-1,AS Monaco,Regular Season,,3901212
2461,Ligue 1,2015/2016,2016-04-10,OGC Nice,3-0,Rennes,Regular Season,,3901213
2462,Ligue 1,2015/2016,2016-04-10,Olympique de Marseille,0-0,Bordeaux,Regular Season,,3901211
2463,Ligue 1,2015/2016,2016-04-15,Lyon,1-1,OGC Nice,Regular Season,,3901214
2464,Ligue 1,2015/2016,2016-04-16,Bastia,0-1,Saint-Étienne,Regular Season,,3901220
2465,Ligue 1,2015/2016,2016-04-16,Bordeaux,1-3,Angers,Regular Season,,3901218
2466,Ligue 1,2015/2016,2016-04-16,Gazélec Ajaccio,2-4,Lille,Regular Season,,3901215
2467,Ligue 1,2015/2016,2016-04-16,Lorient,1-1,Toulouse,Regular Season,,3901219
2468,Ligue 1,2015/2016,2016-04-16,Paris Saint-Germain,6-0,Stade Malherbe Caen,Regular Season,,3901216
2469,Ligue 1,2015/2016,2016-04-16,Troyes,2-1,Stade de Reims,Regular Season,,3901217
2470,Ligue 1,2015/2016,2016-04-17,AS Monaco,2-1,Olympique de Marseille,Regular Season,,3901223
2471,Ligue 1,2015/2016,2016-04-17,Nantes,0-2,Montpellier,Regular Season,,3901222
2472,Ligue 1,2015/2016,2016-04-17,Rennes,0-3,Guingamp,Regular Season,,3901221
2473,Ligue 1,2015/2016,2016-04-22,OGC Nice,2-0,Stade de Reims,Regular Season,,3901224
2474,Ligue 1,2015/2016,2016-04-23,Toulouse,2-3,Lyon,Regular Season,,3901225
2475,Ligue 1,2015/2016,2016-04-24,Gazélec Ajaccio,3-2,Bastia,Regular Season,,3901230
2476,Ligue 1,2015/2016,2016-04-24,Guingamp,1-1,Stade Malherbe Caen,Regular Season,,3901229
2477,Ligue 1,2015/2016,2016-04-24,Montpellier,4-1,Troyes,Regular Season,,3901226
2478,Ligue 1,2015/2016,2016-04-24,Olympique de Marseille,1-1,Nantes,Regular Season,,3901227
2479,Ligue 1,2015/2016,2016-04-24,Rennes,1-1,AS Monaco,Regular Season,,3901231
2480,Ligue 1,2015/2016,2016-04-24,Saint-Étienne,2-0,Lorient,Regular Season,,3901228
2481,Ligue 1,2015/2016,2016-04-27,Lille,0-0,Angers,Regular Season,,3901232
2482,Ligue 1,2015/2016,2016-04-29,Paris Saint-Germain,4-0,Rennes,Regular Season,,3901233
2483,Ligue 1,2015/2016,2016-04-30,AS Monaco,3-2,Guingamp,Regular Season,,3901238
2484,Ligue 1,2015/2016,2016-04-30,Lorient,0-1,Lille,Regular Season,,3901240
2485,Ligue 1,2015/2016,2016-04-30,Lyon,2-1,Gazélec Ajaccio,Regular Season,,3901235
2486,Ligue 1,2015/2016,2016-04-30,Nantes,1-0,OGC Nice,Regular Season,,3901236
2487,Ligue 1,2015/2016,2016-04-30,Saint-Étienne,0-0,Toulouse,Regular Season,,3901237
2488,Ligue 1,2015/2016,2016-04-30,Stade Malherbe Caen,0-0,Bastia,Regular Season,,3901241
2489,Ligue 1,2015/2016,2016-04-30,Stade de Reims,2-3,Montpellier,Regular Season,,3901234
2490,Ligue 1,2015/2016,2016-05-01,Angers,0-1,Olympique de Marseille,Regular Season,,3901242
2491,Ligue 1,2015/2016,2016-05-07,Bastia,1-0,Angers,Regular Season,,3901243
2492,Ligue 1,2015/2016,2016-05-07,Bordeaux,3-0,Lorient,Regular Season,,3901245
2493,Ligue 1,2015/2016,2016-05-07,Gazélec Ajaccio,0-4,Paris Saint-Germain,Regular Season,,3901247
2494,Ligue 1,2015/2016,2016-05-07,Lille,0-0,Guingamp,Regular Season,,3901248
2495,Ligue 1,2015/2016,2016-05-07,Lyon,6-1,AS Monaco,Regular Season,,3901252
2496,Ligue 1,2015/2016,2016-05-07,Montpellier,2-0,Rennes,Regular Season,,3901249
2497,Ligue 1,2015/2016,2016-05-07,Nantes,1-2,Stade Malherbe Caen,Regular Season,,3901246
2498,Ligue 1,2015/2016,2016-05-07,OGC Nice,2-0,Saint-Étienne,Regular Season,,3901250
2499,Ligue 1,2015/2016,2016-05-07,Olympique de Marseille,1-0,Stade de Reims,Regular Season,,3901251
2500,Ligue 1,2015/2016,2016-05-07,Toulouse,1-0,Troyes,Regular Season,,3901244
2501,Ligue 1,2015/2016,2016-05-11,Bordeaux,1-1,Paris Saint-Germain,Regular Season,,3901253
2502,Ligue 1,2015/2016,2016-05-14,AS Monaco,2-0,Montpellier,Regular Season,,3901256
2503,Ligue 1,2015/2016,2016-05-14,Angers,2-3,Toulouse,Regular Season,,3901255
2504,Ligue 1,2015/2016,2016-05-14,Guingamp,2-3,OGC Nice,Regular Season,,3901258
2505,Ligue 1,2015/2016,2016-05-14,Lorient,1-0,Gazélec Ajaccio,Regular Season,,3901260
2506,Ligue 1,2015/2016,2016-05-14,Paris Saint-Germain,4-0,Nantes,Regular Season,,3901261
2507,Ligue 1,2015/2016,2016-05-14,Rennes,1-2,Bastia,Regular Season,,3901263
2508,Ligue 1,2015/2016,2016-05-14,Saint-Étienne,0-1,Lille,Regular Season,,3901257
2509,Ligue 1,2015/2016,2016-05-14,Stade Malherbe Caen,1-0,Bordeaux,Regular Season,,3901262
2510,Ligue 1,2015/2016,2016-05-14,Stade de Reims,4-1,Lyon,Regular Season,,3901254
2511,Ligue 1,2015/2016,2016-05-14,Troyes,1-1,Olympique de Marseille,Regular Season,,3901259
2512,Ligue 1,2021/2022,2021-08-29,Stade de Reims,0-2,Paris Saint-Germain,Regular Season,si,3802696
2513,Ligue 1,2021/2022,2021-09-19,Paris Saint-Germain,2-1,Lyon,Regular Season,si,3802752
2514,Ligue 1,2021/2022,2021-10-03,Rennes,2-0,Paris Saint-Germain,Regular Season,si,3802809
2515,Ligue 1,2021/2022,2021-10-24,Olympique de Marseille,0-0,Paris Saint-Germain,Regular Season,si,3802902
2516,Ligue 1,2021/2022,2021-10-29,Paris Saint-Germain,2-1,Lille,Regular Season,si,3802699
2517,Ligue 1,2021/2022,2021-11-20,Paris Saint-Germain,3-1,Nantes,Regular Season,si,3802984
2518,Ligue 1,2021/2022,2021-11-28,Saint-Étienne,1-3,Paris Saint-Germain,Regular Season,si,3802837
2519,Ligue 1,2021/2022,2021-12-01,Paris Saint-Germain,0-0,OGC Nice,Regular Season,si,3802793
2520,Ligue 1,2021/2022,2021-12-04,Lens,1-1,Paris Saint-Germain,Regular Season,si,3802685
2521,Ligue 1,2021/2022,2021-12-12,Paris Saint-Germain,2-0,AS Monaco,Regular Season,si,3802683
2522,Ligue 1,2021/2022,2021-12-22,Lorient,1-1,Paris Saint-Germain,Regular Season,si,3802690
2523,Ligue 1,2021/2022,2022-01-23,Paris Saint-Germain,4-0,Stade de Reims,Regular Season,si,3802802
2524,Ligue 1,2021/2022,2022-02-06,Lille,1-5,Paris Saint-Germain,Regular Season,si,3802907
2525,Ligue 1,2021/2022,2022-02-11,Paris Saint-Germain,1-0,Rennes,Regular Season,si,3802795
2526,Ligue 1,2021/2022,2022-02-19,Nantes,3-1,Paris Saint-Germain,Regular Season,si,3802839
2527,Ligue 1,2021/2022,2022-02-26,Paris Saint-Germain,3-1,Saint-Étienne,Regular Season,si,3802709
2528,Ligue 1,2021/2022,2022-03-05,OGC Nice,1-0,Paris Saint-Germain,Regular Season,si,3802805
2529,Ligue 1,2021/2022,2022-03-13,Paris Saint-Germain,3-0,Bordeaux,Regular Season,si,3802904
2530,Ligue 1,2021/2022,2022-04-03,Paris Saint-Germain,5-1,Lorient,Regular Season,si,3802818
2531,Ligue 1,2021/2022,2022-04-09,Clermont Foot,1-6,Paris Saint-Germain,Regular Season,si,3803000
2532,Ligue 1,2021/2022,2022-04-17,Paris Saint-Germain,2-1,Olympique de Marseille,Regular Season,si,3802983
2533,Ligue 1,2021/2022,2022-04-23,Paris Saint-Germain,1-1,Lens,Regular Season,si,3802676
2534,Ligue 1,2021/2022,2022-04-29,Strasbourg,3-3,Paris Saint-Germain,Regular Season,si,3802643
2535,Ligue 1,2021/2022,2022-05-08,Paris Saint-Germain,2-2,Troyes,Regular Season,si,3802930
2536,Ligue 1,2021/2022,2022-05-14,Montpellier,0-4,Paris Saint-Germain,Regular Season,si,3802665
2537,Ligue 1,2021/2022,2022-05-21,Paris Saint-Germain,5-0,Metz,Regular Season,si,3802948
2538,Ligue 1,2022/2023,2022-08-06,Clermont Foot,0-5,Paris Saint-Germain,Regular Season,si,3837650
2539,Ligue 1,2022/2023,2022-08-13,Paris Saint-Germain,5-2,Montpellier,Regular Season,si,3837659
2540,Ligue 1,2022/2023,2022-08-21,Lille,1-7,Paris Saint-Germain,Regular Season,si,3837662
2541,Ligue 1,2022/2023,2022-08-28,Paris Saint-Germain,1-1,AS Monaco,Regular Season,si,3837680
2542,Ligue 1,2022/2023,2022-08-31,Toulouse,0-3,Paris Saint-Germain,Regular Season,si,3837683
2543,Ligue 1,2022/2023,2022-09-03,Nantes,0-3,Paris Saint-Germain,Regular Season,si,3837695
2544,Ligue 1,2022/2023,2022-09-10,Paris Saint-Germain,1-0,Stade Brestois,Regular Season,si,3837706
2545,Ligue 1,2022/2023,2022-09-18,Lyon,0-1,Paris Saint-Germain,Regular Season,si,3837717
2546,Ligue 1,2022/2023,2022-10-01,Paris Saint-Germain,2-1,OGC Nice,Regular Season,si,3837727
2547,Ligue 1,2022/2023,2022-10-16,Paris Saint-Germain,1-0,Olympique de Marseille,Regular Season,si,3837747
2548,Ligue 1,2022/2023,2022-10-21,AC Ajaccio,0-3,Paris Saint-Germain,Regular Season,si,3837752
2549,Ligue 1,2022/2023,2022-10-29,Paris Saint-Germain,4-3,Troyes,Regular Season,si,3837771
2550,Ligue 1,2022/2023,2022-11-13,Paris Saint-Germain,5-0,Auxerre,Regular Season,si,3837785
2551,Ligue 1,2022/2023,2023-01-11,Paris Saint-Germain,2-0,Angers,Regular Season,si,3837818
2552,Ligue 1,2022/2023,2023-01-15,Rennes,1-0,Paris Saint-Germain,Regular Season,si,3837827
2553,Ligue 1,2022/2023,2023-01-29,Paris Saint-Germain,1-1,Stade de Reims,Regular Season,si,3837839
2554,Ligue 1,2022/2023,2023-02-01,Montpellier,1-3,Paris Saint-Germain,Regular Season,si,3837844
2555,Ligue 1,2022/2023,2023-02-04,Paris Saint-Germain,2-1,Toulouse,Regular Season,si,3837859
2556,Ligue 1,2022/2023,2023-02-19,Paris Saint-Germain,4-3,Lille,Regular Season,si,3837876
2557,Ligue 1,2022/2023,2023-02-26,Olympique de Marseille,0-3,Paris Saint-Germain,Regular Season,si,3837885
2558,Ligue 1,2022/2023,2023-03-04,Paris Saint-Germain,4-2,Nantes,Regular Season,si,3837896
2559,Ligue 1,2022/2023,2023-03-11,Stade Brestois,1-2,Paris Saint-Germain,Regular Season,si,3837902
2560,Ligue 1,2022/2023,2023-03-19,Paris Saint-Germain,0-2,Rennes,Regular Season,si,3837918
2561,Ligue 1,2022/2023,2023-04-02,Paris Saint-Germain,0-1,Lyon,Regular Season,si,3837928
2562,Ligue 1,2022/2023,2023-04-08,OGC Nice,0-2,Paris Saint-Germain,Regular Season,si,3837938
2563,Ligue 1,2022/2023,2023-04-15,Paris Saint-Germain,3-1,Lens,Regular Season,si,3837947
2564,Ligue 1,2022/2023,2023-04-21,Angers,1-2,Paris Saint-Germain,Regular Season,si,3837954
2565,Ligue 1,2022/2023,2023-04-30,Paris Saint-Germain,1-3,Lorient,Regular Season,si,3837963
2566,Ligue 1,2022/2023,2023-05-13,Paris Saint-Germain,5-0,AC Ajaccio,Regular Season,si,3837987
2567,Ligue 1,2022/2023,2023-05-21,Auxerre,1-2,Paris Saint-Germain,Regular Season,si,3837998
2568,Ligue 1,2022/2023,2023-05-27,Strasbourg,1-1,Paris Saint-Germain,Regular Season,si,3838004
2569,Ligue 1,2022/2023,2023-06-03,Paris Saint-Germain,2-3,Clermont Foot,Regular Season,si,3838017
2570,Major League Soccer,2023,2023-08-27,New York Red Bulls,0-2,Inter Miami,Regular Season,si,3877060
2571,Major League Soccer,2023,2023-08-31,Inter Miami,0-0,Nashville SC,Regular Season,si,3877072
2572,Major League Soccer,2023,2023-09-04,LAFC,1-3,Inter Miami,Regular Season,si,3877090
2573,Major League Soccer,2023,2023-09-21,Inter Miami,4-0,Toronto FC,Regular Season,si,3877115
2574,Major League Soccer,2023,2023-10-08,Inter Miami,0-1,Cincinnati,Regular Season,si,3877170
2575,Major League Soccer,2023,2023-10-22,Charlotte,1-0,Inter Miami,Regular Season,si,3877194
2576,NWSL (F),2018,2018-04-15,Washington Spirit,2-4,North Carolina Courage,Regular Season,,7430
2577,NWSL (F),2018,2018-05-05,Portland Thorns,2-3,Seattle Reign,Regular Season,,7443
2578,NWSL (F),2018,2018-05-06,North Carolina Courage,1-1,Chicago Red Stars,Regular Season,,7444
2579,NWSL (F),2018,2018-05-06,Utah Royals,2-0,Washington Spirit,Regular Season,,7445
2580,NWSL (F),2018,2018-05-13,North Carolina Courage,1-0,Washington Spirit,Regular Season,,7451
2581,NWSL (F),2018,2018-05-20,NJ/NY Gotham FC,1-2,North Carolina Courage,Regular Season,,7456
2582,NWSL (F),2018,2018-05-24,Orlando Pride,3-4,North Carolina Courage,Regular Season,,7457
2583,NWSL (F),2018,2018-05-31,Portland Thorns,1-4,North Carolina Courage,Regular Season,,7519
2584,NWSL (F),2018,2018-06-03,NJ/NY Gotham FC,1-2,Utah Royals,Regular Season,,7521
2585,NWSL (F),2018,2018-06-03,Washington Spirit,0-2,Chicago Red Stars,Regular Season,,7520
2586,NWSL (F),2018,2018-06-04,Houston Dash,1-1,North Carolina Courage,Regular Season,,7522
2587,NWSL (F),2018,2018-06-04,Seattle Reign,0-0,Orlando Pride,Regular Season,,7523
2588,NWSL (F),2018,2018-06-30,Orlando Pride,0-3,North Carolina Courage,Regular Season,,7471
2589,NWSL (F),2018,2018-07-01,Seattle Reign,1-0,Portland Thorns,Regular Season,,7472
2590,NWSL (F),2018,2018-07-01,Utah Royals,3-1,NJ/NY Gotham FC,Regular Season,,7473
2591,NWSL (F),2018,2018-07-02,Chicago Red Stars,2-0,Washington Spirit,Regular Season,,7474
2592,NWSL (F),2018,2018-07-05,North Carolina Courage,4-1,Chicago Red Stars,Regular Season,,7475
2593,NWSL (F),2018,2018-07-07,Portland Thorns,4-0,Utah Royals,Regular Season,,7477
2594,NWSL (F),2018,2018-07-08,NJ/NY Gotham FC,1-3,Chicago Red Stars,Regular Season,,7476
2595,NWSL (F),2018,2018-07-08,Orlando Pride,2-1,Washington Spirit,Regular Season,,7479
2596,NWSL (F),2018,2018-07-08,Seattle Reign,3-1,Houston Dash,Regular Season,,7478
2597,NWSL (F),2018,2018-07-12,Houston Dash,3-1,Orlando Pride,Regular Season,,7524
2598,NWSL (F),2018,2018-07-12,North Carolina Courage,2-0,Washington Spirit,Regular Season,,7482
2599,NWSL (F),2018,2018-07-12,Seattle Reign,1-0,Utah Royals,Regular Season,,7480
2600,NWSL (F),2018,2018-07-15,Chicago Red Stars,1-0,Seattle Reign,Regular Season,,7485
2601,NWSL (F),2018,2018-07-15,NJ/NY Gotham FC,0-4,North Carolina Courage,Regular Season,,7484
2602,NWSL (F),2018,2018-07-15,Utah Royals,1-2,Orlando Pride,Regular Season,,7483
2603,NWSL (F),2018,2018-07-16,Portland Thorns,3-1,Houston Dash,Regular Season,,7486
2604,NWSL (F),2018,2018-07-21,Utah Royals,0-0,North Carolina Courage,Regular Season,,7487
2605,NWSL (F),2018,2018-07-22,NJ/NY Gotham FC,1-2,Portland Thorns,Regular Season,,7490
2606,NWSL (F),2018,2018-08-06,Houston Dash,1-2,Utah Royals,Regular Season,,7494
2607,NWSL (F),2018,2018-08-06,Orlando Pride,2-2,NJ/NY Gotham FC,Regular Season,,7492
2608,NWSL (F),2018,2018-08-06,Seattle Reign,2-0,Washington Spirit,Regular Season,,7493
2609,NWSL (F),2018,2018-08-09,Utah Royals,1-0,Washington Spirit,Regular Season,,7496
2610,NWSL (F),2018,2018-08-11,Chicago Red Stars,1-1,North Carolina Courage,Regular Season,,7497
2611,NWSL (F),2018,2018-08-12,Orlando Pride,0-2,Portland Thorns,Regular Season,,7500
2612,NWSL (F),2023,2023-03-25,North Carolina Courage,1-0,KC Current,Regular Season,,3881483
2613,NWSL (F),2023,2023-03-26,Portland Thorns,4-0,Orlando Pride,Regular Season,,3881486
2614,NWSL (F),2023,2023-03-26,San Diego Wave,3-2,Chicago Red Stars,Regular Season,,3881484
2615,NWSL (F),2023,2023-03-26,Washington Spirit,1-0,Seattle Reign,Regular Season,,3881485
2616,NWSL (F),2023,2023-03-27,Angel City,1-2,NJ/NY Gotham FC,Regular Season,,3881488
2617,NWSL (F),2023,2023-03-27,Houston Dash,0-0,Racing Louisville FC,Regular Season,,3881487
2618,NWSL (F),2023,2023-04-01,Chicago Red Stars,1-2,Houston Dash,Regular Season,,3881490
2619,NWSL (F),2023,2023-04-01,KC Current,1-4,Portland Thorns,Regular Season,,3881489
2620,NWSL (F),2023,2023-04-01,Racing Louisville FC,2-2,Washington Spirit,Regular Season,,3881491
2621,NWSL (F),2023,2023-04-02,NJ/NY Gotham FC,0-2,Seattle Reign,Regular Season,,3881492
2622,NWSL (F),2023,2023-04-02,Orlando Pride,1-2,Angel City,Regular Season,,3881494
2623,NWSL (F),2023,2023-04-02,San Diego Wave,3-1,North Carolina Courage,Regular Season,,3881493
2624,NWSL (F),2023,2023-04-15,Portland Thorns,1-1,Houston Dash,Regular Season,,3881495
2625,NWSL (F),2023,2023-04-16,Angel City,2-2,Racing Louisville FC,Regular Season,,3881499
2626,NWSL (F),2023,2023-04-16,Chicago Red Stars,4-2,KC Current,Regular Season,,3881498
2627,NWSL (F),2023,2023-04-16,North Carolina Courage,1-2,Washington Spirit,Regular Season,,3881496
2628,NWSL (F),2023,2023-04-16,Orlando Pride,0-2,NJ/NY Gotham FC,Regular Season,,3881497
2629,NWSL (F),2023,2023-04-16,Seattle Reign,1-0,San Diego Wave,Regular Season,,3881500
2630,NWSL (F),2023,2023-04-22,Seattle Reign,5-2,Chicago Red Stars,Regular Season,,3881502
2631,NWSL (F),2023,2023-04-23,KC Current,2-0,Orlando Pride,Regular Season,,3881501
2632,NWSL (F),2023,2023-04-23,NJ/NY Gotham FC,1-0,North Carolina Courage,Regular Season,,3881503
2633,NWSL (F),2023,2023-04-23,Portland Thorns,2-0,Racing Louisville FC,Regular Season,,3881504
2634,NWSL (F),2023,2023-04-23,Washington Spirit,0-0,Houston Dash,Regular Season,,3881505
2635,NWSL (F),2023,2023-04-24,Angel City,0-2,San Diego Wave,Regular Season,,3881506
2636,NWSL (F),2023,2023-04-29,Houston Dash,0-1,North Carolina Courage,Regular Season,,3881507
2637,NWSL (F),2023,2023-04-30,Chicago Red Stars,1-1,Washington Spirit,Regular Season,,3881511
2638,NWSL (F),2023,2023-04-30,KC Current,2-0,NJ/NY Gotham FC,Regular Season,,3881512
2639,NWSL (F),2023,2023-04-30,Portland Thorns,3-3,Angel City,Regular Season,,3881509
2640,NWSL (F),2023,2023-04-30,Racing Louisville FC,2-2,Seattle Reign,Regular Season,,3881508
2641,NWSL (F),2023,2023-04-30,San Diego Wave,1-3,Orlando Pride,Regular Season,,3881510
2642,NWSL (F),2023,2023-05-06,Washington Spirit,3-1,San Diego Wave,Regular Season,,3881513
2643,NWSL (F),2023,2023-05-07,North Carolina Courage,3-3,Portland Thorns,Regular Season,,3881516
2644,NWSL (F),2023,2023-05-07,Orlando Pride,1-0,Racing Louisville FC,Regular Season,,3881515
2645,NWSL (F),2023,2023-05-07,Seattle Reign,2-0,Houston Dash,Regular Season,,3881514
2646,NWSL (F),2023,2023-05-08,Angel City,3-2,KC Current,Regular Season,,3881517
2647,NWSL (F),2023,2023-05-08,Chicago Red Stars,1-2,NJ/NY Gotham FC,Regular Season,,3881518
2648,NWSL (F),2023,2023-05-13,Houston Dash,2-1,Portland Thorns,Regular Season,,3881519
2649,NWSL (F),2023,2023-05-13,Racing Louisville FC,3-0,Chicago Red Stars,Regular Season,,3881520
2650,NWSL (F),2023,2023-05-14,Angel City,0-1,Washington Spirit,Regular Season,,3881522
2651,NWSL (F),2023,2023-05-14,KC Current,0-2,San Diego Wave,Regular Season,,3881524
2652,NWSL (F),2023,2023-05-14,North Carolina Courage,1-0,Seattle Reign,Regular Season,,3881521
2653,NWSL (F),2023,2023-05-15,NJ/NY Gotham FC,0-0,Orlando Pride,Regular Season,,3881523
2654,NWSL (F),2023,2023-05-21,Houston Dash,0-3,San Diego Wave,Regular Season,,3881529
2655,NWSL (F),2023,2023-05-21,KC Current,0-2,Racing Louisville FC,Regular Season,,3881528
2656,NWSL (F),2023,2023-05-21,North Carolina Courage,0-0,Angel City,Regular Season,,3881526
2657,NWSL (F),2023,2023-05-21,Orlando Pride,2-1,Washington Spirit,Regular Season,,3881527
2658,NWSL (F),2023,2023-05-22,Portland Thorns,4-0,Chicago Red Stars,Regular Season,,3881525
2659,NWSL (F),2023,2023-05-22,Seattle Reign,1-4,NJ/NY Gotham FC,Regular Season,,3881530
2660,NWSL (F),2023,2023-05-27,KC Current,0-2,Houston Dash,Regular Season,,3881531
2661,NWSL (F),2023,2023-05-27,San Diego Wave,1-1,Portland Thorns,Regular Season,,3881532
2662,NWSL (F),2023,2023-05-27,Seattle Reign,4-1,Angel City,Regular Season,,3881533
2663,NWSL (F),2023,2023-05-28,Chicago Red Stars,1-0,Orlando Pride,Regular Season,,3881534
2664,NWSL (F),2023,2023-05-28,Racing Louisville FC,1-2,North Carolina Courage,Regular Season,,3881535
2665,NWSL (F),2023,2023-05-29,Washington Spirit,1-1,NJ/NY Gotham FC,Regular Season,,3881536
2666,NWSL (F),2023,2023-06-04,Houston Dash,2-0,Orlando Pride,Regular Season,,3881541
2667,NWSL (F),2023,2023-06-04,KC Current,1-0,North Carolina Courage,Regular Season,,3881540
2668,NWSL (F),2023,2023-06-04,Seattle Reign,0-2,Portland Thorns,Regular Season,,3881538
2669,NWSL (F),2023,2023-06-04,Washington Spirit,1-1,Racing Louisville FC,Regular Season,,3881537
2670,NWSL (F),2023,2023-06-05,NJ/NY Gotham FC,0-1,San Diego Wave,Regular Season,,3881539
2671,NWSL (F),2023,2023-06-06,Angel City,1-2,Chicago Red Stars,Regular Season,,3881542
2672,NWSL (F),2023,2023-06-10,Racing Louisville FC,0-0,San Diego Wave,Regular Season,,3881544
2673,NWSL (F),2023,2023-06-11,Chicago Red Stars,0-5,North Carolina Courage,Regular Season,,3881543
2674,NWSL (F),2023,2023-06-11,Seattle Reign,2-1,KC Current,Regular Season,,3881545
2675,NWSL (F),2023,2023-06-11,Washington Spirit,2-1,Angel City,Regular Season,,3881546
2676,NWSL (F),2023,2023-06-12,Houston Dash,1-1,NJ/NY Gotham FC,Regular Season,,3881548
2677,NWSL (F),2023,2023-06-12,Orlando Pride,3-1,Portland Thorns,Regular Season,,3881547
2678,NWSL (F),2023,2023-06-17,San Diego Wave,1-2,Angel City,Regular Season,,3881549
2679,NWSL (F),2023,2023-06-18,Houston Dash,0-0,Seattle Reign,Regular Season,,3881552
2680,NWSL (F),2023,2023-06-18,KC Current,2-3,Washington Spirit,Regular Season,,3881553
2681,NWSL (F),2023,2023-06-18,North Carolina Courage,3-0,Orlando Pride,Regular Season,,3881551
2682,NWSL (F),2023,2023-06-18,Racing Louisville FC,2-0,NJ/NY Gotham FC,Regular Season,,3881550
2683,NWSL (F),2023,2023-06-19,Chicago Red Stars,2-3,Portland Thorns,Regular Season,,3881554
2684,NWSL (F),2023,2023-06-24,Orlando Pride,1-2,KC Current,Regular Season,,3881558
2685,NWSL (F),2023,2023-06-24,Portland Thorns,4-2,Washington Spirit,Regular Season,,3881555
2686,NWSL (F),2023,2023-06-25,North Carolina Courage,1-0,Racing Louisville FC,Regular Season,,3881557
2687,NWSL (F),2023,2023-06-25,San Diego Wave,1-2,Seattle Reign,Regular Season,,3881556
2688,NWSL (F),2023,2023-06-26,Angel City,0-0,Houston Dash,Regular Season,,3881560
2689,NWSL (F),2023,2023-06-26,NJ/NY Gotham FC,2-1,Chicago Red Stars,Regular Season,,3881559
2690,NWSL (F),2023,2023-07-01,Seattle Reign,2-2,Racing Louisville FC,Regular Season,,3881561
2691,NWSL (F),2023,2023-07-02,Chicago Red Stars,1-0,San Diego Wave,Regular Season,,3881564
2692,NWSL (F),2023,2023-07-02,North Carolina Courage,1-0,Houston Dash,Regular Season,,3881565
2693,NWSL (F),2023,2023-07-02,Portland Thorns,0-1,KC Current,Regular Season,,3881563
2694,NWSL (F),2023,2023-07-02,Washington Spirit,0-3,Orlando Pride,Regular Season,,3881566
2695,NWSL (F),2023,2023-07-03,NJ/NY Gotham FC,0-0,Angel City,Regular Season,,3881562
2696,NWSL (F),2023,2023-07-08,Houston Dash,0-1,Chicago Red Stars,Regular Season,,3881567
2697,NWSL (F),2023,2023-07-08,Orlando Pride,1-0,Seattle Reign,Regular Season,,3881569
2698,NWSL (F),2023,2023-07-08,Racing Louisville FC,2-1,KC Current,Regular Season,,3881568
2699,NWSL (F),2023,2023-07-09,San Diego Wave,2-2,Washington Spirit,Regular Season,,3881571
2700,NWSL (F),2023,2023-07-10,Angel City,2-1,North Carolina Courage,Regular Season,,3881572
2701,NWSL (F),2023,2023-07-10,NJ/NY Gotham FC,2-1,Portland Thorns,Regular Season,,3881570
2702,NWSL (F),2023,2023-08-19,KC Current,1-0,Seattle Reign,Regular Season,,3881573
2703,NWSL (F),2023,2023-08-20,Houston Dash,1-1,Washington Spirit,Regular Season,,3881575
2704,NWSL (F),2023,2023-08-20,Racing Louisville FC,1-1,Angel City,Regular Season,,3881576
2705,NWSL (F),2023,2023-08-20,San Diego Wave,2-1,NJ/NY Gotham FC,Regular Season,,3881574
2706,NWSL (F),2023,2023-08-21,Orlando Pride,5-0,Chicago Red Stars,Regular Season,,3881577
2707,NWSL (F),2023,2023-08-21,Portland Thorns,2-1,North Carolina Courage,Regular Season,,3881578
2708,NWSL (F),2023,2023-08-26,Orlando Pride,1-2,San Diego Wave,Regular Season,,3881579
2709,NWSL (F),2023,2023-08-27,Houston Dash,1-1,KC Current,Regular Season,,3881583
2710,NWSL (F),2023,2023-08-27,North Carolina Courage,1-1,Chicago Red Stars,Regular Season,,3881582
2711,NWSL (F),2023,2023-08-28,Angel City,2-1,Seattle Reign,Regular Season,,3881584
2712,NWSL (F),2023,2023-08-28,NJ/NY Gotham FC,0-0,Racing Louisville FC,Regular Season,,3881581
2713,NWSL (F),2023,2023-08-28,Washington Spirit,1-1,Portland Thorns,Regular Season,,3881580
2714,NWSL (F),2023,2023-09-02,KC Current,0-1,Angel City,Regular Season,,3881585
2715,NWSL (F),2023,2023-09-03,North Carolina Courage,3-3,NJ/NY Gotham FC,Regular Season,,3881588
2716,NWSL (F),2023,2023-09-03,Racing Louisville FC,2-1,Portland Thorns,Regular Season,,3881586
2717,NWSL (F),2023,2023-09-04,San Diego Wave,1-0,Houston Dash,Regular Season,,3881589
2718,NWSL (F),2023,2023-09-04,Seattle Reign,1-0,Orlando Pride,Regular Season,,3881590
2719,NWSL (F),2023,2023-09-04,Washington Spirit,0-2,Chicago Red Stars,Regular Season,,3881587
2720,NWSL (F),2023,2023-09-16,Racing Louisville FC,0-1,Houston Dash,Regular Season,,3881591
2721,NWSL (F),2023,2023-09-17,NJ/NY Gotham FC,2-0,Washington Spirit,Regular Season,,3881594
2722,NWSL (F),2023,2023-09-17,Portland Thorns,2-0,Seattle Reign,Regular Season,,3881593
2723,NWSL (F),2023,2023-09-17,San Diego Wave,1-2,KC Current,Regular Season,,3881592
2724,NWSL (F),2023,2023-09-18,Chicago Red Stars,2-2,Angel City,Regular Season,,3881596
2725,NWSL (F),2023,2023-09-18,Orlando Pride,2-1,North Carolina Courage,Regular Season,,3881595
2726,NWSL (F),2023,2023-09-30,Washington Spirit,2-1,KC Current,Regular Season,,3881599
2727,NWSL (F),2023,2023-10-01,Chicago Red Stars,1-0,Racing Louisville FC,Regular Season,,3881598
2728,NWSL (F),2023,2023-10-01,Portland Thorns,0-2,San Diego Wave,Regular Season,,3881600
2729,NWSL (F),2023,2023-10-02,NJ/NY Gotham FC,0-2,Houston Dash,Regular Season,,3881601
2730,NWSL (F),2023,2023-10-02,Seattle Reign,1-1,North Carolina Courage,Regular Season,,3881602
2731,NWSL (F),2023,2023-10-03,Angel City,0-1,Orlando Pride,Regular Season,,3881597
2732,NWSL (F),2023,2023-10-07,Racing Louisville FC,3-2,Orlando Pride,Regular Season,,3881604
2733,NWSL (F),2023,2023-10-07,Seattle Reign,0-0,Washington Spirit,Regular Season,,3881605
2734,NWSL (F),2023,2023-10-08,KC Current,6-3,Chicago Red Stars,Regular Season,,3881607
2735,NWSL (F),2023,2023-10-08,North Carolina Courage,0-0,San Diego Wave,Regular Season,,3881606
2736,NWSL (F),2023,2023-10-08,Portland Thorns,1-0,NJ/NY Gotham FC,Regular Season,,3881603
2737,NWSL (F),2023,2023-10-09,Houston Dash,1-2,Angel City,Regular Season,,3881608
2738,NWSL (F),2023,2023-10-15,NJ/NY Gotham FC,2-2,KC Current,Regular Season,,3881612
2739,NWSL (F),2023,2023-10-16,Angel City,5-1,Portland Thorns,Regular Season,,3881609
2740,NWSL (F),2023,2023-10-16,Chicago Red Stars,0-3,Seattle Reign,Regular Season,,3881611
2741,NWSL (F),2023,2023-10-16,Orlando Pride,1-0,Houston Dash,Regular Season,,3881610
2742,NWSL (F),2023,2023-10-16,San Diego Wave,2-0,Racing Louisville FC,Regular Season,,3881614
2743,NWSL (F),2023,2023-10-16,Washington Spirit,0-1,North Carolina Courage,Regular Season,,3881613
2744,NWSL (F),2023,2023-10-21,Seattle Reign,1-0,Angel City,1st Round ,,3914644
2745,NWSL (F),2023,2023-10-23,North Carolina Courage,0-2,NJ/NY Gotham FC,1st Round ,,3914645
2746,NWSL (F),2023,2023-11-06,Portland Thorns,0-1,NJ/NY Gotham FC,Semi-finals,,3915111
2747,NWSL (F),2023,2023-11-06,San Diego Wave,0-1,Seattle Reign,Semi-finals,,3915110
2748,NWSL (F),2023,2023-11-12,Seattle Reign,1-2,NJ/NY Gotham FC,Final,,3915998
2749,North American League,1977,1977-08-28,NY Cosmos,2-1,Seattle Sounders,Final,,3750234
2750,Premier League,2003/2004,2003-08-16,Arsenal,2-1,Everton,Regular Season,,3749493
2751,Premier League,2003/2004,2003-08-24,Middlesbrough,0-4,Arsenal,Regular Season,,3749358
2752,Premier League,2003/2004,2003-08-27,Arsenal,2-0,Aston Villa,Regular Season,,3749108
2753,Premier League,2003/2004,2003-08-31,Manchester City,1-2,Arsenal,Regular Season,,3749454
2754,Premier League,2003/2004,2003-09-13,Arsenal,1-1,Portsmouth,Regular Season,,3749296
2755,Premier League,2003/2004,2003-09-21,Manchester United,0-0,Arsenal,Regular Season,,3749552
2756,Premier League,2003/2004,2003-09-26,Arsenal,3-2,Newcastle United,Regular Season,,3749528
2757,Premier League,2003/2004,2003-10-04,Liverpool,1-2,Arsenal,Regular Season,,3749253
2758,Premier League,2003/2004,2003-10-18,Arsenal,2-1,Chelsea,Regular Season,,3749079
2759,Premier League,2003/2004,2003-10-26,Charlton Athletic,1-1,Arsenal,Regular Season,,3749526
2760,Premier League,2003/2004,2003-11-01,Leeds United,1-4,Arsenal,Regular Season,,3749346
2761,Premier League,2003/2004,2003-11-08,Arsenal,2-1,Tottenham Hotspur,Regular Season,,3749196
2762,Premier League,2003/2004,2003-11-22,Birmingham City,0-3,Arsenal,Regular Season,,3749434
2763,Premier League,2003/2004,2003-11-30,Arsenal,0-0,Fulham,Regular Season,,3749192
2764,Premier League,2003/2004,2003-12-06,Leicester City,1-1,Arsenal,Regular Season,,3749590
2765,Premier League,2003/2004,2003-12-14,Arsenal,1-0,Blackburn Rovers,Regular Season,,3749360
2766,Premier League,2003/2004,2003-12-20,Bolton Wanderers,1-1,Arsenal,Regular Season,,3749278
2767,Premier League,2003/2004,2003-12-26,Arsenal,3-0,Wolverhampton Wanderers,Regular Season,,3749522
2768,Premier League,2003/2004,2003-12-29,Southampton,0-1,Arsenal,Regular Season,,3749310
2769,Premier League,2003/2004,2004-01-07,Everton,1-1,Arsenal,Regular Season,,3749117
2770,Premier League,2003/2004,2004-01-10,Arsenal,4-1,Middlesbrough,Regular Season,,3749153
2771,Premier League,2003/2004,2004-01-18,Aston Villa,0-2,Arsenal,Regular Season,,3749133
2772,Premier League,2003/2004,2004-02-01,Arsenal,2-1,Manchester City,Regular Season,,3749233
2773,Premier League,2003/2004,2004-02-07,Wolverhampton Wanderers,1-3,Arsenal,Regular Season,,3749052
2774,Premier League,2003/2004,2004-02-10,Arsenal,2-0,Southampton,Regular Season,,3749631
2775,Premier League,2003/2004,2004-02-21,Chelsea,1-2,Arsenal,Regular Season,,3749276
2776,Premier League,2003/2004,2004-02-28,Arsenal,2-1,Charlton Athletic,Regular Season,,3749642
2777,Premier League,2003/2004,2004-03-13,Blackburn Rovers,0-2,Arsenal,Regular Season,,3749465
2778,Premier League,2003/2004,2004-03-20,Arsenal,2-1,Bolton Wanderers,Regular Season,,3749403
2779,Premier League,2003/2004,2004-03-28,Arsenal,1-1,Manchester United,Regular Season,,3749246
2780,Premier League,2003/2004,2004-04-09,Arsenal,4-2,Liverpool,Regular Season,,3749448
2781,Premier League,2003/2004,2004-04-11,Newcastle United,0-0,Arsenal,Regular Season,,3749431
2782,Premier League,2003/2004,2004-04-16,Arsenal,5-0,Leeds United,Regular Season,,3749453
2783,Premier League,2003/2004,2004-04-25,Tottenham Hotspur,2-2,Arsenal,Regular Season,,3749068
2784,Premier League,2003/2004,2004-05-01,Arsenal,0-0,Birmingham City,Regular Season,,3749462
2785,Premier League,2003/2004,2004-05-04,Portsmouth,1-1,Arsenal,Regular Season,,3749274
2786,Premier League,2003/2004,2004-05-09,Fulham,0-1,Arsenal,Regular Season,,3749603
2787,Premier League,2003/2004,2004-05-15,Arsenal,2-1,Leicester City,Regular Season,,3749257
2788,Premier League,2015/2016,2015-08-08,AFC Bournemouth,0-1,Aston Villa,Regular Season,,3754128
2789,Premier League,2015/2016,2015-08-08,Chelsea,2-2,Swansea City,Regular Season,,3754078
2790,Premier League,2015/2016,2015-08-08,Everton,2-2,Watford,Regular Season,,3754300
2791,Premier League,2015/2016,2015-08-08,Leicester City,4-2,Sunderland,Regular Season,,3754237
2792,Premier League,2015/2016,2015-08-08,Manchester United,1-0,Tottenham Hotspur,Regular Season,,3754097
2793,Premier League,2015/2016,2015-08-08,Norwich City,1-3,Crystal Palace,Regular Season,,3754138
2794,Premier League,2015/2016,2015-08-09,Arsenal,0-2,West Ham United,Regular Season,,3754141
2795,Premier League,2015/2016,2015-08-09,Newcastle United,2-2,Southampton,Regular Season,,3754112
2796,Premier League,2015/2016,2015-08-09,Stoke City,0-1,Liverpool,Regular Season,,3753985
2797,Premier League,2015/2016,2015-08-10,West Bromwich Albion,0-3,Manchester City,Regular Season,,3754145
2798,Premier League,2015/2016,2015-08-14,Aston Villa,0-1,Manchester United,Regular Season,,3754107
2799,Premier League,2015/2016,2015-08-15,Southampton,0-3,Everton,Regular Season,,3754034
2800,Premier League,2015/2016,2015-08-15,Sunderland,1-3,Norwich City,Regular Season,,3753993
2801,Premier League,2015/2016,2015-08-15,Swansea City,2-0,Newcastle United,Regular Season,,3754344
2802,Premier League,2015/2016,2015-08-15,Tottenham Hotspur,2-2,Stoke City,Regular Season,,3754270
2803,Premier League,2015/2016,2015-08-15,Watford,0-0,West Bromwich Albion,Regular Season,,3754267
2804,Premier League,2015/2016,2015-08-15,West Ham United,1-2,Leicester City,Regular Season,,3754203
2805,Premier League,2015/2016,2015-08-16,Crystal Palace,1-2,Arsenal,Regular Season,,3754312
2806,Premier League,2015/2016,2015-08-16,Manchester City,3-0,Chelsea,Regular Season,,3754066
2807,Premier League,2015/2016,2015-08-17,Liverpool,1-0,AFC Bournemouth,Regular Season,,3754020
2808,Premier League,2015/2016,2015-08-22,Crystal Palace,2-1,Aston Villa,Regular Season,,3754190
2809,Premier League,2015/2016,2015-08-22,Leicester City,1-1,Tottenham Hotspur,Regular Season,,3753987
2810,Premier League,2015/2016,2015-08-22,Manchester United,0-0,Newcastle United,Regular Season,,3754254
2811,Premier League,2015/2016,2015-08-22,Norwich City,1-1,Stoke City,Regular Season,,3754104
2812,Premier League,2015/2016,2015-08-22,Sunderland,1-1,Swansea City,Regular Season,,3754180
2813,Premier League,2015/2016,2015-08-22,West Ham United,3-4,AFC Bournemouth,Regular Season,,3754131
2814,Premier League,2015/2016,2015-08-23,Everton,0-2,Manchester City,Regular Season,,3754233
2815,Premier League,2015/2016,2015-08-23,Watford,0-0,Southampton,Regular Season,,3754189
2816,Premier League,2015/2016,2015-08-23,West Bromwich Albion,2-3,Chelsea,Regular Season,,3754059
2817,Premier League,2015/2016,2015-08-24,Arsenal,0-0,Liverpool,Regular Season,,3754129
2818,Premier League,2015/2016,2015-08-29,AFC Bournemouth,1-1,Leicester City,Regular Season,,3754023
2819,Premier League,2015/2016,2015-08-29,Aston Villa,2-2,Sunderland,Regular Season,,3754204
2820,Premier League,2015/2016,2015-08-29,Chelsea,1-2,Crystal Palace,Regular Season,,3754083
2821,Premier League,2015/2016,2015-08-29,Liverpool,0-3,West Ham United,Regular Season,,3753984
2822,Premier League,2015/2016,2015-08-29,Manchester City,2-0,Watford,Regular Season,,3754246
2823,Premier League,2015/2016,2015-08-29,Newcastle United,0-1,Arsenal,Regular Season,,3754205
2824,Premier League,2015/2016,2015-08-29,Stoke City,0-1,West Bromwich Albion,Regular Season,,3754007
2825,Premier League,2015/2016,2015-08-29,Tottenham Hotspur,0-0,Everton,Regular Season,,3754268
2826,Premier League,2015/2016,2015-08-30,Southampton,3-0,Norwich City,Regular Season,,3754337
2827,Premier League,2015/2016,2015-08-30,Swansea City,2-1,Manchester United,Regular Season,,3754221
2828,Premier League,2015/2016,2015-09-12,Arsenal,2-0,Stoke City,Regular Season,,3754240
2829,Premier League,2015/2016,2015-09-12,Crystal Palace,0-1,Manchester City,Regular Season,,3754257
2830,Premier League,2015/2016,2015-09-12,Everton,3-1,Chelsea,Regular Season,,3754336
2831,Premier League,2015/2016,2015-09-12,Manchester United,3-1,Liverpool,Regular Season,,3754003
2832,Premier League,2015/2016,2015-09-12,Norwich City,3-1,AFC Bournemouth,Regular Season,,3754315
2833,Premier League,2015/2016,2015-09-12,Watford,1-0,Swansea City,Regular Season,,3754213
2834,Premier League,2015/2016,2015-09-12,West Bromwich Albion,0-0,Southampton,Regular Season,,3754325
2835,Premier League,2015/2016,2015-09-13,Leicester City,3-2,Aston Villa,Regular Season,,3754106
2836,Premier League,2015/2016,2015-09-13,Sunderland,0-1,Tottenham Hotspur,Regular Season,,3754148
2837,Premier League,2015/2016,2015-09-14,West Ham United,2-0,Newcastle United,Regular Season,,3754329
2838,Premier League,2015/2016,2015-09-19,AFC Bournemouth,2-0,Sunderland,Regular Season,,3754169
2839,Premier League,2015/2016,2015-09-19,Aston Villa,0-1,West Bromwich Albion,Regular Season,,3754068
2840,Premier League,2015/2016,2015-09-19,Chelsea,2-0,Arsenal,Regular Season,,3754217
2841,Premier League,2015/2016,2015-09-19,Manchester City,1-2,West Ham United,Regular Season,,3754077
2842,Premier League,2015/2016,2015-09-19,Newcastle United,1-2,Watford,Regular Season,,3754010
2843,Premier League,2015/2016,2015-09-19,Stoke City,2-2,Leicester City,Regular Season,,3754146
2844,Premier League,2015/2016,2015-09-19,Swansea City,0-0,Everton,Regular Season,,3754298
2845,Premier League,2015/2016,2015-09-20,Liverpool,1-1,Norwich City,Regular Season,,3754040
2846,Premier League,2015/2016,2015-09-20,Southampton,2-3,Manchester United,Regular Season,,3754011
2847,Premier League,2015/2016,2015-09-20,Tottenham Hotspur,1-0,Crystal Palace,Regular Season,,3754222
2848,Premier League,2015/2016,2015-09-26,Leicester City,2-5,Arsenal,Regular Season,,3754174
2849,Premier League,2015/2016,2015-09-26,Liverpool,3-2,Aston Villa,Regular Season,,3754212
2850,Premier League,2015/2016,2015-09-26,Manchester United,3-0,Sunderland,Regular Season,,3754008
2851,Premier League,2015/2016,2015-09-26,Newcastle United,2-2,Chelsea,Regular Season,,3754001
2852,Premier League,2015/2016,2015-09-26,Southampton,3-1,Swansea City,Regular Season,,3753978
2853,Premier League,2015/2016,2015-09-26,Stoke City,2-1,AFC Bournemouth,Regular Season,,3754339
2854,Premier League,2015/2016,2015-09-26,Tottenham Hotspur,4-1,Manchester City,Regular Season,,3754197
2855,Premier League,2015/2016,2015-09-26,West Ham United,2-2,Norwich City,Regular Season,,3754323
2856,Premier League,2015/2016,2015-09-27,Watford,0-1,Crystal Palace,Regular Season,,3754266
2857,Premier League,2015/2016,2015-09-28,West Bromwich Albion,2-3,Everton,Regular Season,,3754105
2858,Premier League,2015/2016,2015-10-03,AFC Bournemouth,1-1,Watford,Regular Season,,3754278
2859,Premier League,2015/2016,2015-10-03,Aston Villa,0-1,Stoke City,Regular Season,,3754330
2860,Premier League,2015/2016,2015-10-03,Chelsea,1-3,Southampton,Regular Season,,3753995
2861,Premier League,2015/2016,2015-10-03,Crystal Palace,2-0,West Bromwich Albion,Regular Season,,3754099
2862,Premier League,2015/2016,2015-10-03,Manchester City,6-1,Newcastle United,Regular Season,,3754079
2863,Premier League,2015/2016,2015-10-03,Norwich City,1-2,Leicester City,Regular Season,,3754335
2864,Premier League,2015/2016,2015-10-03,Sunderland,2-2,West Ham United,Regular Season,,3754076
2865,Premier League,2015/2016,2015-10-04,Arsenal,3-0,Manchester United,Regular Season,,3754171
2866,Premier League,2015/2016,2015-10-04,Everton,1-1,Liverpool,Regular Season,,3754060
2867,Premier League,2015/2016,2015-10-04,Swansea City,2-2,Tottenham Hotspur,Regular Season,,3754074
2868,Premier League,2015/2016,2015-10-17,Chelsea,2-0,Aston Villa,Regular Season,,3754115
2869,Premier League,2015/2016,2015-10-17,Crystal Palace,1-3,West Ham United,Regular Season,,3754067
2870,Premier League,2015/2016,2015-10-17,Everton,0-3,Manchester United,Regular Season,,3754256
2871,Premier League,2015/2016,2015-10-17,Manchester City,5-1,AFC Bournemouth,Regular Season,,3754193
2872,Premier League,2015/2016,2015-10-17,Southampton,2-2,Leicester City,Regular Season,,3754302
2873,Premier League,2015/2016,2015-10-17,Tottenham Hotspur,0-0,Liverpool,Regular Season,,3754198
2874,Premier League,2015/2016,2015-10-17,Watford,0-3,Arsenal,Regular Season,,3753999
2875,Premier League,2015/2016,2015-10-17,West Bromwich Albion,1-0,Sunderland,Regular Season,,3754245
2876,Premier League,2015/2016,2015-10-18,Newcastle United,6-2,Norwich City,Regular Season,,3754102
2877,Premier League,2015/2016,2015-10-19,Swansea City,0-1,Stoke City,Regular Season,,3754269
2878,Premier League,2015/2016,2015-10-24,Arsenal,2-1,Everton,Regular Season,,3754126
2879,Premier League,2015/2016,2015-10-24,Aston Villa,1-2,Swansea City,Regular Season,,3754017
2880,Premier League,2015/2016,2015-10-24,Leicester City,1-0,Crystal Palace,Regular Season,,3754263
2881,Premier League,2015/2016,2015-10-24,Norwich City,0-1,West Bromwich Albion,Regular Season,,3754133
2882,Premier League,2015/2016,2015-10-24,Stoke City,0-2,Watford,Regular Season,,3754091
2883,Premier League,2015/2016,2015-10-24,West Ham United,2-1,Chelsea,Regular Season,,3754288
2884,Premier League,2015/2016,2015-10-25,AFC Bournemouth,1-5,Tottenham Hotspur,Regular Season,,3754234
2885,Premier League,2015/2016,2015-10-25,Liverpool,1-1,Southampton,Regular Season,,3754230
2886,Premier League,2015/2016,2015-10-25,Manchester United,0-0,Manchester City,Regular Season,,3754015
2887,Premier League,2015/2016,2015-10-25,Sunderland,3-0,Newcastle United,Regular Season,,3754119
2888,Premier League,2015/2016,2015-10-31,Chelsea,1-3,Liverpool,Regular Season,,3754098
2889,Premier League,2015/2016,2015-10-31,Crystal Palace,0-0,Manchester United,Regular Season,,3754223
2890,Premier League,2015/2016,2015-10-31,Manchester City,2-1,Norwich City,Regular Season,,3754167
2891,Premier League,2015/2016,2015-10-31,Newcastle United,0-0,Stoke City,Regular Season,,3754090
2892,Premier League,2015/2016,2015-10-31,Swansea City,0-3,Arsenal,Regular Season,,3753983
2893,Premier League,2015/2016,2015-10-31,Watford,2-0,West Ham United,Regular Season,,3754273
2894,Premier League,2015/2016,2015-10-31,West Bromwich Albion,2-3,Leicester City,Regular Season,,3754006
2895,Premier League,2015/2016,2015-11-01,Everton,6-2,Sunderland,Regular Season,,3754082
2896,Premier League,2015/2016,2015-11-01,Southampton,2-0,AFC Bournemouth,Regular Season,,3754191
2897,Premier League,2015/2016,2015-11-02,Tottenham Hotspur,3-1,Aston Villa,Regular Season,,3754029
2898,Premier League,2015/2016,2015-11-07,AFC Bournemouth,0-1,Newcastle United,Regular Season,,3754238
2899,Premier League,2015/2016,2015-11-07,Leicester City,2-1,Watford,Regular Season,,3754156
2900,Premier League,2015/2016,2015-11-07,Manchester United,2-0,West Bromwich Albion,Regular Season,,3754297
2901,Premier League,2015/2016,2015-11-07,Norwich City,1-0,Swansea City,Regular Season,,3754311
2902,Premier League,2015/2016,2015-11-07,Stoke City,1-0,Chelsea,Regular Season,,3754293
2903,Premier League,2015/2016,2015-11-07,Sunderland,0-1,Southampton,Regular Season,,3754000
2904,Premier League,2015/2016,2015-11-07,West Ham United,1-1,Everton,Regular Season,,3754194
2905,Premier League,2015/2016,2015-11-08,Arsenal,1-1,Tottenham Hotspur,Regular Season,,3754265
2906,Premier League,2015/2016,2015-11-08,Aston Villa,0-0,Manchester City,Regular Season,,3754258
2907,Premier League,2015/2016,2015-11-08,Liverpool,1-2,Crystal Palace,Regular Season,,3754351
2908,Premier League,2015/2016,2015-11-21,Chelsea,1-0,Norwich City,Regular Season,,3753996
2909,Premier League,2015/2016,2015-11-21,Everton,4-0,Aston Villa,Regular Season,,3754283
2910,Premier League,2015/2016,2015-11-21,Manchester City,1-4,Liverpool,Regular Season,,3754208
2911,Premier League,2015/2016,2015-11-21,Newcastle United,0-3,Leicester City,Regular Season,,3754211
2912,Premier League,2015/2016,2015-11-21,Southampton,0-1,Stoke City,Regular Season,,3754247
2913,Premier League,2015/2016,2015-11-21,Swansea City,2-2,AFC Bournemouth,Regular Season,,3753972
2914,Premier League,2015/2016,2015-11-21,Watford,1-2,Manchester United,Regular Season,,3754185
2915,Premier League,2015/2016,2015-11-21,West Bromwich Albion,2-1,Arsenal,Regular Season,,3754301
2916,Premier League,2015/2016,2015-11-22,Tottenham Hotspur,4-1,West Ham United,Regular Season,,3754109
2917,Premier League,2015/2016,2015-11-23,Crystal Palace,0-1,Sunderland,Regular Season,,3753979
2918,Premier League,2015/2016,2015-11-28,AFC Bournemouth,3-3,Everton,Regular Season,,3754157
2919,Premier League,2015/2016,2015-11-28,Aston Villa,2-3,Watford,Regular Season,,3754178
2920,Premier League,2015/2016,2015-11-28,Crystal Palace,5-1,Newcastle United,Regular Season,,3754304
2921,Premier League,2015/2016,2015-11-28,Leicester City,1-1,Manchester United,Regular Season,,3754186
2922,Premier League,2015/2016,2015-11-28,Manchester City,3-1,Southampton,Regular Season,,3754028
2923,Premier League,2015/2016,2015-11-28,Sunderland,2-0,Stoke City,Regular Season,,3754150
2924,Premier League,2015/2016,2015-11-29,Liverpool,1-0,Swansea City,Regular Season,,3754047
2925,Premier League,2015/2016,2015-11-29,Norwich City,1-1,Arsenal,Regular Season,,3754038
2926,Premier League,2015/2016,2015-11-29,Tottenham Hotspur,0-0,Chelsea,Regular Season,,3754093
2927,Premier League,2015/2016,2015-11-29,West Ham United,1-1,West Bromwich Albion,Regular Season,,3754235
2928,Premier League,2015/2016,2015-12-05,Arsenal,3-1,Sunderland,Regular Season,,3754160
2929,Premier League,2015/2016,2015-12-05,Chelsea,0-1,AFC Bournemouth,Regular Season,,3754073
2930,Premier League,2015/2016,2015-12-05,Manchester United,0-0,West Ham United,Regular Season,,3754347
2931,Premier League,2015/2016,2015-12-05,Southampton,1-1,Aston Villa,Regular Season,,3754113
2932,Premier League,2015/2016,2015-12-05,Stoke City,2-0,Manchester City,Regular Season,,3754135
2933,Premier League,2015/2016,2015-12-05,Swansea City,0-3,Leicester City,Regular Season,,3754085
2934,Premier League,2015/2016,2015-12-05,Watford,2-0,Norwich City,Regular Season,,3754286
2935,Premier League,2015/2016,2015-12-05,West Bromwich Albion,1-1,Tottenham Hotspur,Regular Season,,3754215
2936,Premier League,2015/2016,2015-12-06,Newcastle United,2-0,Liverpool,Regular Season,,3754143
2937,Premier League,2015/2016,2015-12-07,Everton,1-1,Crystal Palace,Regular Season,,3754046
2938,Premier League,2015/2016,2015-12-12,AFC Bournemouth,2-1,Manchester United,Regular Season,,3754162
2939,Premier League,2015/2016,2015-12-12,Crystal Palace,1-0,Southampton,Regular Season,,3754218
2940,Premier League,2015/2016,2015-12-12,Manchester City,2-1,Swansea City,Regular Season,,3754328
2941,Premier League,2015/2016,2015-12-12,Norwich City,1-1,Everton,Regular Season,,3754182
2942,Premier League,2015/2016,2015-12-12,Sunderland,0-1,Watford,Regular Season,,3754072
2943,Premier League,2015/2016,2015-12-12,West Ham United,0-0,Stoke City,Regular Season,,3754096
2944,Premier League,2015/2016,2015-12-13,Aston Villa,0-2,Arsenal,Regular Season,,3754117
2945,Premier League,2015/2016,2015-12-13,Liverpool,2-2,West Bromwich Albion,Regular Season,,3754255
2946,Premier League,2015/2016,2015-12-13,Tottenham Hotspur,1-2,Newcastle United,Regular Season,,3754276
2947,Premier League,2015/2016,2015-12-14,Leicester City,2-1,Chelsea,Regular Season,,3754013
2948,Premier League,2015/2016,2015-12-19,Chelsea,3-1,Sunderland,Regular Season,,3754025
2949,Premier League,2015/2016,2015-12-19,Everton,2-3,Leicester City,Regular Season,,3754166
2950,Premier League,2015/2016,2015-12-19,Manchester United,1-2,Norwich City,Regular Season,,3754044
2951,Premier League,2015/2016,2015-12-19,Newcastle United,1-1,Aston Villa,Regular Season,,3754136
2952,Premier League,2015/2016,2015-12-19,Southampton,0-2,Tottenham Hotspur,Regular Season,,3754188
2953,Premier League,2015/2016,2015-12-19,Stoke City,1-2,Crystal Palace,Regular Season,,3754153
2954,Premier League,2015/2016,2015-12-19,West Bromwich Albion,1-2,AFC Bournemouth,Regular Season,,3754219
2955,Premier League,2015/2016,2015-12-20,Swansea City,0-0,West Ham United,Regular Season,,3754259
2956,Premier League,2015/2016,2015-12-20,Watford,3-0,Liverpool,Regular Season,,3754051
2957,Premier League,2015/2016,2015-12-21,Arsenal,2-1,Manchester City,Regular Season,,3754296
2958,Premier League,2015/2016,2015-12-26,AFC Bournemouth,0-0,Crystal Palace,Regular Season,,3754248
2959,Premier League,2015/2016,2015-12-26,Aston Villa,1-1,West Ham United,Regular Season,,3754285
2960,Premier League,2015/2016,2015-12-26,Chelsea,2-2,Watford,Regular Season,,3754287
2961,Premier League,2015/2016,2015-12-26,Liverpool,1-0,Leicester City,Regular Season,,3754343
2962,Premier League,2015/2016,2015-12-26,Manchester City,4-1,Sunderland,Regular Season,,3754054
2963,Premier League,2015/2016,2015-12-26,Newcastle United,0-1,Everton,Regular Season,,3753974
2964,Premier League,2015/2016,2015-12-26,Southampton,4-0,Arsenal,Regular Season,,3754309
2965,Premier League,2015/2016,2015-12-26,Stoke City,2-0,Manchester United,Regular Season,,3754014
2966,Premier League,2015/2016,2015-12-26,Swansea City,1-0,West Bromwich Albion,Regular Season,,3754279
2967,Premier League,2015/2016,2015-12-26,Tottenham Hotspur,3-0,Norwich City,Regular Season,,3754057
2968,Premier League,2015/2016,2015-12-28,Arsenal,2-0,AFC Bournemouth,Regular Season,,3754173
2969,Premier League,2015/2016,2015-12-28,Crystal Palace,0-0,Swansea City,Regular Season,,3754326
2970,Premier League,2015/2016,2015-12-28,Everton,3-4,Stoke City,Regular Season,,3754056
2971,Premier League,2015/2016,2015-12-28,Manchester United,0-0,Chelsea,Regular Season,,3754019
2972,Premier League,2015/2016,2015-12-28,Norwich City,2-0,Aston Villa,Regular Season,,3754130
2973,Premier League,2015/2016,2015-12-28,Watford,1-2,Tottenham Hotspur,Regular Season,,3754291
2974,Premier League,2015/2016,2015-12-28,West Bromwich Albion,1-0,Newcastle United,Regular Season,,3754195
2975,Premier League,2015/2016,2015-12-28,West Ham United,2-1,Southampton,Regular Season,,3753998
2976,Premier League,2015/2016,2015-12-29,Leicester City,0-0,Manchester City,Regular Season,,3754045
2977,Premier League,2015/2016,2015-12-30,Sunderland,0-1,Liverpool,Regular Season,,3754226
2978,Premier League,2015/2016,2016-01-02,Arsenal,1-0,Newcastle United,Regular Season,,3754069
2979,Premier League,2015/2016,2016-01-02,Leicester City,0-0,AFC Bournemouth,Regular Season,,3754058
2980,Premier League,2015/2016,2016-01-02,Manchester United,2-1,Swansea City,Regular Season,,3754319
2981,Premier League,2015/2016,2016-01-02,Norwich City,1-0,Southampton,Regular Season,,3754101
2982,Premier League,2015/2016,2016-01-02,Sunderland,3-1,Aston Villa,Regular Season,,3754036
2983,Premier League,2015/2016,2016-01-02,Watford,1-2,Manchester City,Regular Season,,3754346
2984,Premier League,2015/2016,2016-01-02,West Bromwich Albion,2-1,Stoke City,Regular Season,,3754122
2985,Premier League,2015/2016,2016-01-02,West Ham United,2-0,Liverpool,Regular Season,,3754251
2986,Premier League,2015/2016,2016-01-03,Crystal Palace,0-3,Chelsea,Regular Season,,3754114
2987,Premier League,2015/2016,2016-01-03,Everton,1-1,Tottenham Hotspur,Regular Season,,3754140
2988,Premier League,2015/2016,2016-01-12,AFC Bournemouth,1-3,West Ham United,Regular Season,,3754021
2989,Premier League,2015/2016,2016-01-12,Aston Villa,1-0,Crystal Palace,Regular Season,,3753981
2990,Premier League,2015/2016,2016-01-12,Newcastle United,3-3,Manchester United,Regular Season,,3754088
2991,Premier League,2015/2016,2016-01-13,Chelsea,2-2,West Bromwich Albion,Regular Season,,3754062
2992,Premier League,2015/2016,2016-01-13,Liverpool,3-3,Arsenal,Regular Season,,3754305
2993,Premier League,2015/2016,2016-01-13,Manchester City,0-0,Everton,Regular Season,,3754142
2994,Premier League,2015/2016,2016-01-13,Southampton,2-0,Watford,Regular Season,,3754183
2995,Premier League,2015/2016,2016-01-13,Stoke City,3-1,Norwich City,Regular Season,,3754032
2996,Premier League,2015/2016,2016-01-13,Swansea City,2-4,Sunderland,Regular Season,,3754071
2997,Premier League,2015/2016,2016-01-13,Tottenham Hotspur,0-1,Leicester City,Regular Season,,3754065
2998,Premier League,2015/2016,2016-01-16,AFC Bournemouth,3-0,Norwich City,Regular Season,,3754004
2999,Premier League,2015/2016,2016-01-16,Aston Villa,1-1,Leicester City,Regular Season,,3754250
3000,Premier League,2015/2016,2016-01-16,Chelsea,3-3,Everton,Regular Season,,3754125
3001,Premier League,2015/2016,2016-01-16,Manchester City,4-0,Crystal Palace,Regular Season,,3754260
3002,Premier League,2015/2016,2016-01-16,Newcastle United,2-1,West Ham United,Regular Season,,3754338
3003,Premier League,2015/2016,2016-01-16,Southampton,3-0,West Bromwich Albion,Regular Season,,3754168
3004,Premier League,2015/2016,2016-01-16,Tottenham Hotspur,4-1,Sunderland,Regular Season,,3754027
3005,Premier League,2015/2016,2016-01-17,Liverpool,0-1,Manchester United,Regular Season,,3754345
3006,Premier League,2015/2016,2016-01-17,Stoke City,0-0,Arsenal,Regular Season,,3754202
3007,Premier League,2015/2016,2016-01-18,Swansea City,1-0,Watford,Regular Season,,3754161
3008,Premier League,2015/2016,2016-01-23,Crystal Palace,1-3,Tottenham Hotspur,Regular Season,,3754179
3009,Premier League,2015/2016,2016-01-23,Leicester City,3-0,Stoke City,Regular Season,,3754341
3010,Premier League,2015/2016,2016-01-23,Manchester United,0-1,Southampton,Regular Season,,3754200
3011,Premier League,2015/2016,2016-01-23,Norwich City,4-5,Liverpool,Regular Season,,3754348
3012,Premier League,2015/2016,2016-01-23,Sunderland,1-1,AFC Bournemouth,Regular Season,,3753975
3013,Premier League,2015/2016,2016-01-23,Watford,2-1,Newcastle United,Regular Season,,3754271
3014,Premier League,2015/2016,2016-01-23,West Bromwich Albion,0-0,Aston Villa,Regular Season,,3754084
3015,Premier League,2015/2016,2016-01-23,West Ham United,2-2,Manchester City,Regular Season,,3754110
3016,Premier League,2015/2016,2016-01-24,Arsenal,0-1,Chelsea,Regular Season,,3754111
3017,Premier League,2015/2016,2016-01-24,Everton,1-2,Swansea City,Regular Season,,3754163
3018,Premier League,2015/2016,2016-02-02,Arsenal,0-0,Southampton,Regular Season,,3754201
3019,Premier League,2015/2016,2016-02-02,Crystal Palace,1-2,AFC Bournemouth,Regular Season,,3754089
3020,Premier League,2015/2016,2016-02-02,Leicester City,2-0,Liverpool,Regular Season,,3754275
3021,Premier League,2015/2016,2016-02-02,Manchester United,3-0,Stoke City,Regular Season,,3754094
3022,Premier League,2015/2016,2016-02-02,Norwich City,0-3,Tottenham Hotspur,Regular Season,,3754317
3023,Premier League,2015/2016,2016-02-02,Sunderland,0-1,Manchester City,Regular Season,,3754095
3024,Premier League,2015/2016,2016-02-02,West Bromwich Albion,1-1,Swansea City,Regular Season,,3754340
3025,Premier League,2015/2016,2016-02-02,West Ham United,2-0,Aston Villa,Regular Season,,3753997
3026,Premier League,2015/2016,2016-02-03,Everton,3-0,Newcastle United,Regular Season,,3754252
3027,Premier League,2015/2016,2016-02-03,Watford,0-0,Chelsea,Regular Season,,3754103
3028,Premier League,2015/2016,2016-02-06,Aston Villa,2-0,Norwich City,Regular Season,,3754306
3029,Premier League,2015/2016,2016-02-06,Liverpool,2-2,Sunderland,Regular Season,,3754316
3030,Premier League,2015/2016,2016-02-06,Manchester City,1-3,Leicester City,Regular Season,,3754290
3031,Premier League,2015/2016,2016-02-06,Newcastle United,1-0,West Bromwich Albion,Regular Season,,3754292
3032,Premier League,2015/2016,2016-02-06,Southampton,1-0,West Ham United,Regular Season,,3754120
3033,Premier League,2015/2016,2016-02-06,Stoke City,0-3,Everton,Regular Season,,3754127
3034,Premier League,2015/2016,2016-02-06,Swansea City,1-1,Crystal Palace,Regular Season,,3754303
3035,Premier League,2015/2016,2016-02-06,Tottenham Hotspur,1-0,Watford,Regular Season,,3754080
3036,Premier League,2015/2016,2016-02-07,AFC Bournemouth,0-2,Arsenal,Regular Season,,3754253
3037,Premier League,2015/2016,2016-02-07,Chelsea,1-1,Manchester United,Regular Season,,3754281
3038,Premier League,2015/2016,2016-02-13,AFC Bournemouth,1-3,Stoke City,Regular Season,,3754274
3039,Premier League,2015/2016,2016-02-13,Chelsea,5-1,Newcastle United,Regular Season,,3754264
3040,Premier League,2015/2016,2016-02-13,Crystal Palace,1-2,Watford,Regular Season,,3754039
3041,Premier League,2015/2016,2016-02-13,Everton,0-1,West Bromwich Albion,Regular Season,,3754350
3042,Premier League,2015/2016,2016-02-13,Norwich City,2-2,West Ham United,Regular Season,,3754244
3043,Premier League,2015/2016,2016-02-13,Sunderland,2-1,Manchester United,Regular Season,,3754031
3044,Premier League,2015/2016,2016-02-13,Swansea City,0-1,Southampton,Regular Season,,3754139
3045,Premier League,2015/2016,2016-02-14,Arsenal,2-1,Leicester City,Regular Season,,3754261
3046,Premier League,2015/2016,2016-02-14,Aston Villa,0-6,Liverpool,Regular Season,,3754214
3047,Premier League,2015/2016,2016-02-14,Manchester City,1-2,Tottenham Hotspur,Regular Season,,3754147
3048,Premier League,2015/2016,2016-02-27,Leicester City,1-0,Norwich City,Regular Season,,3754049
3049,Premier League,2015/2016,2016-02-27,Southampton,1-2,Chelsea,Regular Season,,3754012
3050,Premier League,2015/2016,2016-02-27,Stoke City,2-1,Aston Villa,Regular Season,,3754321
3051,Premier League,2015/2016,2016-02-27,Watford,0-0,AFC Bournemouth,Regular Season,,3754121
3052,Premier League,2015/2016,2016-02-27,West Bromwich Albion,3-2,Crystal Palace,Regular Season,,3754236
3053,Premier League,2015/2016,2016-02-27,West Ham United,1-0,Sunderland,Regular Season,,3754331
3054,Premier League,2015/2016,2016-02-28,Manchester United,3-2,Arsenal,Regular Season,,3754239
3055,Premier League,2015/2016,2016-02-28,Tottenham Hotspur,2-1,Swansea City,Regular Season,,3754324
3056,Premier League,2015/2016,2016-03-01,AFC Bournemouth,2-0,Southampton,Regular Season,,3754334
3057,Premier League,2015/2016,2016-03-01,Aston Villa,1-3,Everton,Regular Season,,3754327
3058,Premier League,2015/2016,2016-03-01,Leicester City,2-2,West Bromwich Albion,Regular Season,,3754231
3059,Premier League,2015/2016,2016-03-01,Norwich City,1-2,Chelsea,Regular Season,,3754280
3060,Premier League,2015/2016,2016-03-01,Sunderland,2-2,Crystal Palace,Regular Season,,3754050
3061,Premier League,2015/2016,2016-03-02,Arsenal,1-2,Swansea City,Regular Season,,3753976
3062,Premier League,2015/2016,2016-03-02,Liverpool,3-0,Manchester City,Regular Season,,3753991
3063,Premier League,2015/2016,2016-03-02,Manchester United,1-0,Watford,Regular Season,,3754232
3064,Premier League,2015/2016,2016-03-02,Stoke City,1-0,Newcastle United,Regular Season,,3754005
3065,Premier League,2015/2016,2016-03-02,West Ham United,1-0,Tottenham Hotspur,Regular Season,,3754349
3066,Premier League,2015/2016,2016-03-05,Chelsea,1-1,Stoke City,Regular Season,,3754061
3067,Premier League,2015/2016,2016-03-05,Everton,2-3,West Ham United,Regular Season,,3754277
3068,Premier League,2015/2016,2016-03-05,Manchester City,4-0,Aston Villa,Regular Season,,3754249
3069,Premier League,2015/2016,2016-03-05,Newcastle United,1-3,AFC Bournemouth,Regular Season,,3754177
3070,Premier League,2015/2016,2016-03-05,Southampton,1-1,Sunderland,Regular Season,,3754164
3071,Premier League,2015/2016,2016-03-05,Swansea City,1-0,Norwich City,Regular Season,,3754151
3072,Premier League,2015/2016,2016-03-05,Tottenham Hotspur,2-2,Arsenal,Regular Season,,3754318
3073,Premier League,2015/2016,2016-03-05,Watford,0-1,Leicester City,Regular Season,,3754289
3074,Premier League,2015/2016,2016-03-06,Crystal Palace,1-2,Liverpool,Regular Season,,3754220
3075,Premier League,2015/2016,2016-03-06,West Bromwich Albion,1-0,Manchester United,Regular Season,,3754081
3076,Premier League,2015/2016,2016-03-12,AFC Bournemouth,3-2,Swansea City,Regular Season,,3753988
3077,Premier League,2015/2016,2016-03-12,Norwich City,0-0,Manchester City,Regular Season,,3754313
3078,Premier League,2015/2016,2016-03-12,Stoke City,1-2,Southampton,Regular Season,,3754196
3079,Premier League,2015/2016,2016-03-13,Aston Villa,0-2,Tottenham Hotspur,Regular Season,,3754053
3080,Premier League,2015/2016,2016-03-14,Leicester City,1-0,Newcastle United,Regular Season,,3754002
3081,Premier League,2015/2016,2016-03-19,Chelsea,2-2,West Ham United,Regular Season,,3753973
3082,Premier League,2015/2016,2016-03-19,Crystal Palace,0-1,Leicester City,Regular Season,,3754181
3083,Premier League,2015/2016,2016-03-19,Everton,0-2,Arsenal,Regular Season,,3753980
3084,Premier League,2015/2016,2016-03-19,Swansea City,1-0,Aston Villa,Regular Season,,3754224
3085,Premier League,2015/2016,2016-03-19,Watford,1-2,Stoke City,Regular Season,,3753977
3086,Premier League,2015/2016,2016-03-19,West Bromwich Albion,0-1,Norwich City,Regular Season,,3754052
3087,Premier League,2015/2016,2016-03-20,Manchester City,0-1,Manchester United,Regular Season,,3754124
3088,Premier League,2015/2016,2016-03-20,Newcastle United,1-1,Sunderland,Regular Season,,3754100
3089,Premier League,2015/2016,2016-03-20,Southampton,3-2,Liverpool,Regular Season,,3754064
3090,Premier League,2015/2016,2016-03-20,Tottenham Hotspur,3-0,AFC Bournemouth,Regular Season,,3754043
3091,Premier League,2015/2016,2016-04-02,AFC Bournemouth,0-4,Manchester City,Regular Season,,3754144
3092,Premier League,2015/2016,2016-04-02,Arsenal,4-0,Watford,Regular Season,,3754118
3093,Premier League,2015/2016,2016-04-02,Aston Villa,0-4,Chelsea,Regular Season,,3754075
3094,Premier League,2015/2016,2016-04-02,Liverpool,1-1,Tottenham Hotspur,Regular Season,,3754087
3095,Premier League,2015/2016,2016-04-02,Norwich City,3-2,Newcastle United,Regular Season,,3754243
3096,Premier League,2015/2016,2016-04-02,Stoke City,2-2,Swansea City,Regular Season,,3754272
3097,Premier League,2015/2016,2016-04-02,Sunderland,0-0,West Bromwich Albion,Regular Season,,3754175
3098,Premier League,2015/2016,2016-04-02,West Ham United,2-2,Crystal Palace,Regular Season,,3754176
3099,Premier League,2015/2016,2016-04-03,Leicester City,1-0,Southampton,Regular Season,,3753982
3100,Premier League,2015/2016,2016-04-03,Manchester United,1-0,Everton,Regular Season,,3754299
3101,Premier League,2015/2016,2016-04-09,Aston Villa,1-2,AFC Bournemouth,Regular Season,,3754262
3102,Premier League,2015/2016,2016-04-09,Crystal Palace,1-0,Norwich City,Regular Season,,3754022
3103,Premier League,2015/2016,2016-04-09,Manchester City,2-1,West Bromwich Albion,Regular Season,,3754035
3104,Premier League,2015/2016,2016-04-09,Southampton,3-1,Newcastle United,Regular Season,,3754016
3105,Premier League,2015/2016,2016-04-09,Swansea City,1-0,Chelsea,Regular Season,,3754116
3106,Premier League,2015/2016,2016-04-09,Watford,1-1,Everton,Regular Season,,3754030
3107,Premier League,2015/2016,2016-04-09,West Ham United,3-3,Arsenal,Regular Season,,3754241
3108,Premier League,2015/2016,2016-04-10,Liverpool,4-1,Stoke City,Regular Season,,3753986
3109,Premier League,2015/2016,2016-04-10,Sunderland,0-2,Leicester City,Regular Season,,3754152
3110,Premier League,2015/2016,2016-04-10,Tottenham Hotspur,3-0,Manchester United,Regular Season,,3754209
3111,Premier League,2015/2016,2016-04-13,Crystal Palace,0-0,Everton,Regular Season,,3754048
3112,Premier League,2015/2016,2016-04-16,Chelsea,0-3,Manchester City,Regular Season,,3754322
3113,Premier League,2015/2016,2016-04-16,Everton,1-1,Southampton,Regular Season,,3754137
3114,Premier League,2015/2016,2016-04-16,Manchester United,1-0,Aston Villa,Regular Season,,3754295
3115,Premier League,2015/2016,2016-04-16,Newcastle United,3-0,Swansea City,Regular Season,,3754024
3116,Premier League,2015/2016,2016-04-16,Norwich City,0-3,Sunderland,Regular Season,,3754172
3117,Premier League,2015/2016,2016-04-16,West Bromwich Albion,0-1,Watford,Regular Season,,3754155
3118,Premier League,2015/2016,2016-04-17,AFC Bournemouth,1-2,Liverpool,Regular Season,,3754216
3119,Premier League,2015/2016,2016-04-17,Arsenal,1-1,Crystal Palace,Regular Season,,3754009
3120,Premier League,2015/2016,2016-04-17,Leicester City,2-2,West Ham United,Regular Season,,3754227
3121,Premier League,2015/2016,2016-04-18,Stoke City,0-4,Tottenham Hotspur,Regular Season,,3754187
3122,Premier League,2015/2016,2016-04-19,Newcastle United,1-1,Manchester City,Regular Season,,3754206
3123,Premier League,2015/2016,2016-04-20,Liverpool,4-0,Everton,Regular Season,,3754294
3124,Premier League,2015/2016,2016-04-20,Manchester United,2-0,Crystal Palace,Regular Season,,3754310
3125,Premier League,2015/2016,2016-04-20,West Ham United,3-1,Watford,Regular Season,,3754086
3126,Premier League,2015/2016,2016-04-21,Arsenal,2-0,West Bromwich Albion,Regular Season,,3754284
3127,Premier League,2015/2016,2016-04-23,AFC Bournemouth,1-4,Chelsea,Regular Season,,3754242
3128,Premier League,2015/2016,2016-04-23,Aston Villa,2-4,Southampton,Regular Season,,3754282
3129,Premier League,2015/2016,2016-04-23,Liverpool,2-2,Newcastle United,Regular Season,,3754154
3130,Premier League,2015/2016,2016-04-23,Manchester City,4-0,Stoke City,Regular Season,,3754307
3131,Premier League,2015/2016,2016-04-24,Leicester City,4-0,Swansea City,Regular Season,,3754228
3132,Premier League,2015/2016,2016-04-24,Sunderland,0-0,Arsenal,Regular Season,,3753990
3133,Premier League,2015/2016,2016-04-25,Tottenham Hotspur,1-1,West Bromwich Albion,Regular Season,,3754332
3134,Premier League,2015/2016,2016-04-30,Arsenal,1-0,Norwich City,Regular Season,,3754184
3135,Premier League,2015/2016,2016-04-30,Everton,2-1,AFC Bournemouth,Regular Season,,3754037
3136,Premier League,2015/2016,2016-04-30,Newcastle United,1-0,Crystal Palace,Regular Season,,3754170
3137,Premier League,2015/2016,2016-04-30,Stoke City,1-1,Sunderland,Regular Season,,3754132
3138,Premier League,2015/2016,2016-04-30,Watford,3-2,Aston Villa,Regular Season,,3754063
3139,Premier League,2015/2016,2016-04-30,West Bromwich Albion,0-3,West Ham United,Regular Season,,3754192
3140,Premier League,2015/2016,2016-05-01,Manchester United,1-1,Leicester City,Regular Season,,3754165
3141,Premier League,2015/2016,2016-05-01,Southampton,4-2,Manchester City,Regular Season,,3754320
3142,Premier League,2015/2016,2016-05-01,Swansea City,3-1,Liverpool,Regular Season,,3754018
3143,Premier League,2015/2016,2016-05-02,Chelsea,2-2,Tottenham Hotspur,Regular Season,,3754092
3144,Premier League,2015/2016,2016-05-07,AFC Bournemouth,1-1,West Bromwich Albion,Regular Season,,3754225
3145,Premier League,2015/2016,2016-05-07,Aston Villa,0-0,Newcastle United,Regular Season,,3754070
3146,Premier League,2015/2016,2016-05-07,Crystal Palace,2-1,Stoke City,Regular Season,,3754026
3147,Premier League,2015/2016,2016-05-07,Leicester City,3-1,Everton,Regular Season,,3754033
3148,Premier League,2015/2016,2016-05-07,Norwich City,0-1,Manchester United,Regular Season,,3754210
3149,Premier League,2015/2016,2016-05-07,Sunderland,3-2,Chelsea,Regular Season,,3754108
3150,Premier League,2015/2016,2016-05-07,West Ham United,1-4,Swansea City,Regular Season,,3754158
3151,Premier League,2015/2016,2016-05-08,Liverpool,2-0,Watford,Regular Season,,3754342
3152,Premier League,2015/2016,2016-05-08,Manchester City,2-2,Arsenal,Regular Season,,3754314
3153,Premier League,2015/2016,2016-05-08,Tottenham Hotspur,1-2,Southampton,Regular Season,,3753992
3154,Premier League,2015/2016,2016-05-10,West Ham United,3-2,Manchester United,Regular Season,,3754134
3155,Premier League,2015/2016,2016-05-11,Liverpool,1-1,Chelsea,Regular Season,,3754055
3156,Premier League,2015/2016,2016-05-11,Norwich City,4-2,Watford,Regular Season,,3754207
3157,Premier League,2015/2016,2016-05-11,Sunderland,3-0,Everton,Regular Season,,3753989
3158,Premier League,2015/2016,2016-05-15,Arsenal,4-0,Aston Villa,Regular Season,,3754041
3159,Premier League,2015/2016,2016-05-15,Chelsea,1-1,Leicester City,Regular Season,,3754229
3160,Premier League,2015/2016,2016-05-15,Everton,3-0,Norwich City,Regular Season,,3754123
3161,Premier League,2015/2016,2016-05-15,Newcastle United,5-1,Tottenham Hotspur,Regular Season,,3754333
3162,Premier League,2015/2016,2016-05-15,Southampton,4-1,Crystal Palace,Regular Season,,3753994
3163,Premier League,2015/2016,2016-05-15,Stoke City,2-1,West Ham United,Regular Season,,3754199
3164,Premier League,2015/2016,2016-05-15,Swansea City,1-1,Manchester City,Regular Season,,3754149
3165,Premier League,2015/2016,2016-05-15,Watford,2-2,Sunderland,Regular Season,,3754308
3166,Premier League,2015/2016,2016-05-15,West Bromwich Albion,1-1,Liverpool,Regular Season,,3754042
3167,Premier League,2015/2016,2016-05-17,Manchester United,3-1,AFC Bournemouth,Regular Season,,3754159
3168,Serie A,1986/1987,1986-11-09,Juventus,1-3,Napoli,Regular Season,,3889182
3169,Serie A,2015/2016,2015-08-22,Hellas Verona,1-1,AS Roma,Regular Season,,3878541
3170,Serie A,2015/2016,2015-08-22,Lazio,2-1,Bologna,Regular Season,,3878540
3171,Serie A,2015/2016,2015-08-23,Empoli,1-3,Chievo,Regular Season,,3878549
3172,Serie A,2015/2016,2015-08-23,Fiorentina,2-0,AC Milan,Regular Season,,3878542
3173,Serie A,2015/2016,2015-08-23,Frosinone,1-2,Torino,Regular Season,,3878547
3174,Serie A,2015/2016,2015-08-23,Inter Milan,1-0,Atalanta,Regular Season,,3878543
3175,Serie A,2015/2016,2015-08-23,Juventus,0-1,Udinese,Regular Season,,3878548
3176,Serie A,2015/2016,2015-08-23,Palermo,1-0,Genoa,Regular Season,,3878544
3177,Serie A,2015/2016,2015-08-23,Sampdoria,5-2,Carpi,Regular Season,,3878545
3178,Serie A,2015/2016,2015-08-23,Sassuolo,2-1,Napoli,Regular Season,,3878546
3179,Serie A,2015/2016,2015-08-29,AC Milan,2-1,Empoli,Regular Season,,3878551
3180,Serie A,2015/2016,2015-08-29,Bologna,0-1,Sassuolo,Regular Season,,3878550
3181,Serie A,2015/2016,2015-08-30,AS Roma,2-1,Juventus,Regular Season,,3878555
3182,Serie A,2015/2016,2015-08-30,Atalanta,2-0,Frosinone,Regular Season,,3878559
3183,Serie A,2015/2016,2015-08-30,Carpi,1-2,Inter Milan,Regular Season,,3878552
3184,Serie A,2015/2016,2015-08-30,Chievo,4-0,Lazio,Regular Season,,3878553
3185,Serie A,2015/2016,2015-08-30,Genoa,2-0,Hellas Verona,Regular Season,,3878554
3186,Serie A,2015/2016,2015-08-30,Napoli,2-2,Sampdoria,Regular Season,,3878558
3187,Serie A,2015/2016,2015-08-30,Torino,3-1,Fiorentina,Regular Season,,3878556
3188,Serie A,2015/2016,2015-08-30,Udinese,0-1,Palermo,Regular Season,,3878557
3189,Serie A,2015/2016,2015-09-12,Fiorentina,1-0,Genoa,Regular Season,,3878592
3190,Serie A,2015/2016,2015-09-12,Frosinone,0-2,AS Roma,Regular Season,,3878593
3191,Serie A,2015/2016,2015-09-12,Juventus,1-1,Chievo,Regular Season,,3878594
3192,Serie A,2015/2016,2015-09-13,Empoli,2-2,Napoli,Regular Season,,3878597
3193,Serie A,2015/2016,2015-09-13,Hellas Verona,2-2,Torino,Regular Season,,3878596
3194,Serie A,2015/2016,2015-09-13,Inter Milan,1-0,AC Milan,Regular Season,,3878600
3195,Serie A,2015/2016,2015-09-13,Lazio,2-0,Udinese,Regular Season,,3878595
3196,Serie A,2015/2016,2015-09-13,Palermo,2-2,Carpi,Regular Season,,3878598
3197,Serie A,2015/2016,2015-09-13,Sassuolo,2-2,Atalanta,Regular Season,,3878599
3198,Serie A,2015/2016,2015-09-14,Sampdoria,2-0,Bologna,Regular Season,,3878601
3199,Serie A,2015/2016,2015-09-19,AC Milan,3-2,Palermo,Regular Season,,3878602
3200,Serie A,2015/2016,2015-09-19,Udinese,1-2,Empoli,Regular Season,,3878603
3201,Serie A,2015/2016,2015-09-20,AS Roma,2-2,Sassuolo,Regular Season,,3878607
3202,Serie A,2015/2016,2015-09-20,Atalanta,1-1,Hellas Verona,Regular Season,,3878610
3203,Serie A,2015/2016,2015-09-20,Bologna,1-0,Frosinone,Regular Season,,3878608
3204,Serie A,2015/2016,2015-09-20,Carpi,0-1,Fiorentina,Regular Season,,3878605
3205,Serie A,2015/2016,2015-09-20,Chievo,0-1,Inter Milan,Regular Season,,3878611
3206,Serie A,2015/2016,2015-09-20,Genoa,0-2,Juventus,Regular Season,,3878609
3207,Serie A,2015/2016,2015-09-20,Napoli,5-0,Lazio,Regular Season,,3878604
3208,Serie A,2015/2016,2015-09-20,Torino,2-0,Sampdoria,Regular Season,,3878606
3209,Serie A,2015/2016,2015-09-22,Udinese,2-3,AC Milan,Regular Season,,3879537
3210,Serie A,2015/2016,2015-09-23,Carpi,0-0,Napoli,Regular Season,,3879539
3211,Serie A,2015/2016,2015-09-23,Chievo,1-0,Torino,Regular Season,,3879540
3212,Serie A,2015/2016,2015-09-23,Fiorentina,2-0,Bologna,Regular Season,,3879541
3213,Serie A,2015/2016,2015-09-23,Inter Milan,1-0,Hellas Verona,Regular Season,,3879542
3214,Serie A,2015/2016,2015-09-23,Juventus,1-1,Frosinone,Regular Season,,3879543
3215,Serie A,2015/2016,2015-09-23,Lazio,2-0,Genoa,Regular Season,,3879538
3216,Serie A,2015/2016,2015-09-23,Palermo,0-1,Sassuolo,Regular Season,,3879544
3217,Serie A,2015/2016,2015-09-23,Sampdoria,2-1,AS Roma,Regular Season,,3879545
3218,Serie A,2015/2016,2015-09-24,Empoli,0-1,Atalanta,Regular Season,,3879546
3219,Serie A,2015/2016,2015-09-26,AS Roma,5-1,Carpi,Regular Season,,3879547
3220,Serie A,2015/2016,2015-09-26,Napoli,2-1,Juventus,Regular Season,,3879548
3221,Serie A,2015/2016,2015-09-27,Bologna,1-2,Udinese,Regular Season,,3879552
3222,Serie A,2015/2016,2015-09-27,Genoa,1-0,AC Milan,Regular Season,,3879549
3223,Serie A,2015/2016,2015-09-27,Hellas Verona,1-2,Lazio,Regular Season,,3879551
3224,Serie A,2015/2016,2015-09-27,Inter Milan,1-4,Fiorentina,Regular Season,,3879550
3225,Serie A,2015/2016,2015-09-27,Sassuolo,1-1,Chievo,Regular Season,,3879553
3226,Serie A,2015/2016,2015-09-27,Torino,2-1,Palermo,Regular Season,,3879554
3227,Serie A,2015/2016,2015-09-28,Atalanta,2-1,Sampdoria,Regular Season,,3879555
3228,Serie A,2015/2016,2015-09-28,Frosinone,2-0,Empoli,Regular Season,,3879556
3229,Serie A,2015/2016,2015-10-03,Carpi,2-1,Torino,Regular Season,,3879558
3230,Serie A,2015/2016,2015-10-03,Chievo,1-1,Hellas Verona,Regular Season,,3879557
3231,Serie A,2015/2016,2015-10-04,AC Milan,0-4,Napoli,Regular Season,,3879562
3232,Serie A,2015/2016,2015-10-04,Empoli,1-0,Sassuolo,Regular Season,,3879563
3233,Serie A,2015/2016,2015-10-04,Fiorentina,3-0,Atalanta,Regular Season,,3879561
3234,Serie A,2015/2016,2015-10-04,Juventus,3-1,Bologna,Regular Season,,3879559
3235,Serie A,2015/2016,2015-10-04,Lazio,2-0,Frosinone,Regular Season,,3879560
3236,Serie A,2015/2016,2015-10-04,Palermo,2-4,AS Roma,Regular Season,,3879564
3237,Serie A,2015/2016,2015-10-04,Sampdoria,1-1,Inter Milan,Regular Season,,3879565
3238,Serie A,2015/2016,2015-10-04,Udinese,1-1,Genoa,Regular Season,,3879566
3239,Serie A,2015/2016,2015-10-17,AS Roma,3-1,Empoli,Regular Season,,3879567
3240,Serie A,2015/2016,2015-10-17,Torino,1-1,AC Milan,Regular Season,,3879568
3241,Serie A,2015/2016,2015-10-18,Atalanta,3-0,Carpi,Regular Season,,3879571
3242,Serie A,2015/2016,2015-10-18,Bologna,0-1,Palermo,Regular Season,,3879569
3243,Serie A,2015/2016,2015-10-18,Frosinone,2-0,Sampdoria,Regular Season,,3879576
3244,Serie A,2015/2016,2015-10-18,Genoa,3-2,Chievo,Regular Season,,3879570
3245,Serie A,2015/2016,2015-10-18,Hellas Verona,1-1,Udinese,Regular Season,,3879575
3246,Serie A,2015/2016,2015-10-18,Inter Milan,0-0,Juventus,Regular Season,,3879574
3247,Serie A,2015/2016,2015-10-18,Napoli,2-1,Fiorentina,Regular Season,,3879572
3248,Serie A,2015/2016,2015-10-18,Sassuolo,2-1,Lazio,Regular Season,,3879573
3249,Serie A,2015/2016,2015-10-24,Carpi,1-2,Bologna,Regular Season,,3879578
3250,Serie A,2015/2016,2015-10-24,Empoli,2-0,Genoa,Regular Season,,3879577
3251,Serie A,2015/2016,2015-10-24,Palermo,1-1,Inter Milan,Regular Season,,3879579
3252,Serie A,2015/2016,2015-10-25,AC Milan,2-1,Sassuolo,Regular Season,,3879585
3253,Serie A,2015/2016,2015-10-25,Chievo,0-1,Napoli,Regular Season,,3879581
3254,Serie A,2015/2016,2015-10-25,Fiorentina,1-2,AS Roma,Regular Season,,3879583
3255,Serie A,2015/2016,2015-10-25,Juventus,2-0,Atalanta,Regular Season,,3879580
3256,Serie A,2015/2016,2015-10-25,Lazio,3-0,Torino,Regular Season,,3879582
3257,Serie A,2015/2016,2015-10-25,Sampdoria,4-1,Hellas Verona,Regular Season,,3879586
3258,Serie A,2015/2016,2015-10-25,Udinese,1-0,Frosinone,Regular Season,,3879584
3259,Serie A,2015/2016,2015-10-27,Bologna,0-1,Inter Milan,Regular Season,,3879587
3260,Serie A,2015/2016,2015-10-28,AC Milan,1-0,Chievo,Regular Season,,3879594
3261,Serie A,2015/2016,2015-10-28,AS Roma,3-1,Udinese,Regular Season,,3879592
3262,Serie A,2015/2016,2015-10-28,Atalanta,2-1,Lazio,Regular Season,,3879588
3263,Serie A,2015/2016,2015-10-28,Frosinone,2-1,Carpi,Regular Season,,3879589
3264,Serie A,2015/2016,2015-10-28,Hellas Verona,0-2,Fiorentina,Regular Season,,3879595
3265,Serie A,2015/2016,2015-10-28,Napoli,2-0,Palermo,Regular Season,,3879593
3266,Serie A,2015/2016,2015-10-28,Sassuolo,1-0,Juventus,Regular Season,,3879591
3267,Serie A,2015/2016,2015-10-28,Torino,3-3,Genoa,Regular Season,,3879590
3268,Serie A,2015/2016,2015-10-29,Sampdoria,1-1,Empoli,Regular Season,,3879596
3269,Serie A,2015/2016,2015-10-31,Inter Milan,1-0,AS Roma,Regular Season,,3879598
3270,Serie A,2015/2016,2015-10-31,Juventus,2-1,Torino,Regular Season,,3879597
3271,Serie A,2015/2016,2015-11-01,Bologna,3-0,Atalanta,Regular Season,,3879601
3272,Serie A,2015/2016,2015-11-01,Carpi,0-0,Hellas Verona,Regular Season,,3879600
3273,Serie A,2015/2016,2015-11-01,Fiorentina,4-1,Frosinone,Regular Season,,3879602
3274,Serie A,2015/2016,2015-11-01,Genoa,0-0,Napoli,Regular Season,,3879604
3275,Serie A,2015/2016,2015-11-01,Lazio,1-3,AC Milan,Regular Season,,3879599
3276,Serie A,2015/2016,2015-11-01,Udinese,0-0,Sassuolo,Regular Season,,3879603
3277,Serie A,2015/2016,2015-11-02,Chievo,1-1,Sampdoria,Regular Season,,3879606
3278,Serie A,2015/2016,2015-11-02,Palermo,0-1,Empoli,Regular Season,,3879605
3279,Serie A,2015/2016,2015-11-07,AC Milan,0-0,Atalanta,Regular Season,,3879607
3280,Serie A,2015/2016,2015-11-07,Hellas Verona,0-2,Bologna,Regular Season,,3879608
3281,Serie A,2015/2016,2015-11-08,AS Roma,2-0,Lazio,Regular Season,,3879610
3282,Serie A,2015/2016,2015-11-08,Empoli,1-3,Juventus,Regular Season,,3879613
3283,Serie A,2015/2016,2015-11-08,Frosinone,2-2,Genoa,Regular Season,,3879612
3284,Serie A,2015/2016,2015-11-08,Napoli,1-0,Udinese,Regular Season,,3879609
3285,Serie A,2015/2016,2015-11-08,Palermo,1-0,Chievo,Regular Season,,3879611
3286,Serie A,2015/2016,2015-11-08,Sampdoria,0-2,Fiorentina,Regular Season,,3879616
3287,Serie A,2015/2016,2015-11-08,Sassuolo,1-0,Carpi,Regular Season,,3879615
3288,Serie A,2015/2016,2015-11-08,Torino,0-1,Inter Milan,Regular Season,,3879614
3289,Serie A,2015/2016,2015-11-21,Bologna,2-2,AS Roma,Regular Season,,3879617
3290,Serie A,2015/2016,2015-11-21,Juventus,1-0,AC Milan,Regular Season,,3879618
3291,Serie A,2015/2016,2015-11-22,Atalanta,0-1,Torino,Regular Season,,3879621
3292,Serie A,2015/2016,2015-11-22,Carpi,1-2,Chievo,Regular Season,,3879622
3293,Serie A,2015/2016,2015-11-22,Fiorentina,2-2,Empoli,Regular Season,,3879623
3294,Serie A,2015/2016,2015-11-22,Genoa,2-1,Sassuolo,Regular Season,,3879619
3295,Serie A,2015/2016,2015-11-22,Hellas Verona,0-2,Napoli,Regular Season,,3879620
3296,Serie A,2015/2016,2015-11-22,Inter Milan,4-0,Frosinone,Regular Season,,3879626
3297,Serie A,2015/2016,2015-11-22,Lazio,1-1,Palermo,Regular Season,,3879624
3298,Serie A,2015/2016,2015-11-22,Udinese,1-0,Sampdoria,Regular Season,,3879625
3299,Serie A,2015/2016,2015-11-28,AC Milan,4-1,Sampdoria,Regular Season,,3879628
3300,Serie A,2015/2016,2015-11-28,Torino,2-0,Bologna,Regular Season,,3879627
3301,Serie A,2015/2016,2015-11-29,AS Roma,0-2,Atalanta,Regular Season,,3879632
3302,Serie A,2015/2016,2015-11-29,Chievo,2-3,Udinese,Regular Season,,3879631
3303,Serie A,2015/2016,2015-11-29,Empoli,1-0,Lazio,Regular Season,,3879633
3304,Serie A,2015/2016,2015-11-29,Frosinone,3-2,Hellas Verona,Regular Season,,3879629
3305,Serie A,2015/2016,2015-11-29,Genoa,1-2,Carpi,Regular Season,,3879634
3306,Serie A,2015/2016,2015-11-29,Palermo,0-3,Juventus,Regular Season,,3879630
3307,Serie A,2015/2016,2015-11-30,Napoli,2-1,Inter Milan,Regular Season,,3879635
3308,Serie A,2015/2016,2015-11-30,Sassuolo,1-1,Fiorentina,Regular Season,,3879636
3309,Serie A,2015/2016,2015-12-04,Lazio,0-2,Juventus,Regular Season,,3879637
3310,Serie A,2015/2016,2015-12-05,Inter Milan,1-0,Genoa,Regular Season,,3879638
3311,Serie A,2015/2016,2015-12-05,Torino,1-1,AS Roma,Regular Season,,3879639
3312,Serie A,2015/2016,2015-12-06,Atalanta,3-0,Palermo,Regular Season,,3879644
3313,Serie A,2015/2016,2015-12-06,Bologna,3-2,Napoli,Regular Season,,3879645
3314,Serie A,2015/2016,2015-12-06,Carpi,0-0,AC Milan,Regular Season,,3879642
3315,Serie A,2015/2016,2015-12-06,Fiorentina,3-0,Udinese,Regular Season,,3879646
3316,Serie A,2015/2016,2015-12-06,Frosinone,0-2,Chievo,Regular Season,,3879640
3317,Serie A,2015/2016,2015-12-06,Hellas Verona,0-1,Empoli,Regular Season,,3879641
3318,Serie A,2015/2016,2015-12-06,Sampdoria,1-3,Sassuolo,Regular Season,,3879643
3319,Serie A,2015/2016,2015-12-12,Genoa,0-1,Bologna,Regular Season,,3879647
3320,Serie A,2015/2016,2015-12-12,Palermo,4-1,Frosinone,Regular Season,,3879649
3321,Serie A,2015/2016,2015-12-12,Udinese,0-4,Inter Milan,Regular Season,,3879648
3322,Serie A,2015/2016,2015-12-13,AC Milan,1-1,Hellas Verona,Regular Season,,3879652
3323,Serie A,2015/2016,2015-12-13,Chievo,1-0,Atalanta,Regular Season,,3879654
3324,Serie A,2015/2016,2015-12-13,Empoli,3-0,Carpi,Regular Season,,3879650
3325,Serie A,2015/2016,2015-12-13,Juventus,3-1,Fiorentina,Regular Season,,3879653
3326,Serie A,2015/2016,2015-12-13,Napoli,0-0,AS Roma,Regular Season,,3879651
3327,Serie A,2015/2016,2015-12-14,Lazio,1-1,Sampdoria,Regular Season,,3879655
3328,Serie A,2015/2016,2015-12-19,Bologna,2-3,Empoli,Regular Season,,3879656
3329,Serie A,2015/2016,2015-12-20,AS Roma,2-0,Genoa,Regular Season,,3879657
3330,Serie A,2015/2016,2015-12-20,Atalanta,1-3,Napoli,Regular Season,,3879661
3331,Serie A,2015/2016,2015-12-20,Carpi,2-3,Juventus,Regular Season,,3879660
3332,Serie A,2015/2016,2015-12-20,Fiorentina,2-0,Chievo,Regular Season,,3879662
3333,Serie A,2015/2016,2015-12-20,Frosinone,2-4,AC Milan,Regular Season,,3879665
3334,Serie A,2015/2016,2015-12-20,Hellas Verona,1-1,Sassuolo,Regular Season,,3879663
3335,Serie A,2015/2016,2015-12-20,Inter Milan,1-2,Lazio,Regular Season,,3879659
3336,Serie A,2015/2016,2015-12-20,Sampdoria,2-0,Palermo,Regular Season,,3879664
3337,Serie A,2015/2016,2015-12-20,Torino,0-1,Udinese,Regular Season,,3879658
3338,Serie A,2015/2016,2016-01-05,Genoa,2-3,Sampdoria,Regular Season,,3879666
3339,Serie A,2015/2016,2016-01-06,AC Milan,0-1,Bologna,Regular Season,,3879674
3340,Serie A,2015/2016,2016-01-06,Chievo,3-3,AS Roma,Regular Season,,3879672
3341,Serie A,2015/2016,2016-01-06,Empoli,0-1,Inter Milan,Regular Season,,3879668
3342,Serie A,2015/2016,2016-01-06,Juventus,3-0,Hellas Verona,Regular Season,,3879670
3343,Serie A,2015/2016,2016-01-06,Lazio,0-0,Carpi,Regular Season,,3879675
3344,Serie A,2015/2016,2016-01-06,Napoli,2-1,Torino,Regular Season,,3879669
3345,Serie A,2015/2016,2016-01-06,Palermo,1-3,Fiorentina,Regular Season,,3879671
3346,Serie A,2015/2016,2016-01-06,Sassuolo,2-2,Frosinone,Regular Season,,3879667
3347,Serie A,2015/2016,2016-01-06,Udinese,2-1,Atalanta,Regular Season,,3879673
3348,Serie A,2015/2016,2016-01-09,AS Roma,1-1,AC Milan,Regular Season,,3879676
3349,Serie A,2015/2016,2016-01-09,Carpi,2-1,Udinese,Regular Season,,3879678
3350,Serie A,2015/2016,2016-01-09,Fiorentina,1-3,Lazio,Regular Season,,3879677
3351,Serie A,2015/2016,2016-01-10,Atalanta,0-2,Genoa,Regular Season,,3879685
3352,Serie A,2015/2016,2016-01-10,Bologna,0-1,Chievo,Regular Season,,3879680
3353,Serie A,2015/2016,2016-01-10,Frosinone,1-5,Napoli,Regular Season,,3879679
3354,Serie A,2015/2016,2016-01-10,Hellas Verona,0-1,Palermo,Regular Season,,3879683
3355,Serie A,2015/2016,2016-01-10,Inter Milan,0-1,Sassuolo,Regular Season,,3879681
3356,Serie A,2015/2016,2016-01-10,Sampdoria,1-2,Juventus,Regular Season,,3879684
3357,Serie A,2015/2016,2016-01-10,Torino,0-1,Empoli,Regular Season,,3879682
3358,Serie A,2015/2016,2016-01-16,Atalanta,1-1,Inter Milan,Regular Season,,3879688
3359,Serie A,2015/2016,2016-01-16,Napoli,3-1,Sassuolo,Regular Season,,3879686
3360,Serie A,2015/2016,2016-01-16,Torino,4-2,Frosinone,Regular Season,,3879687
3361,Serie A,2015/2016,2016-01-17,AC Milan,2-0,Fiorentina,Regular Season,,3879690
3362,Serie A,2015/2016,2016-01-17,AS Roma,1-1,Hellas Verona,Regular Season,,3879691
3363,Serie A,2015/2016,2016-01-17,Bologna,2-2,Lazio,Regular Season,,3879694
3364,Serie A,2015/2016,2016-01-17,Carpi,2-1,Sampdoria,Regular Season,,3879689
3365,Serie A,2015/2016,2016-01-17,Chievo,1-1,Empoli,Regular Season,,3879692
3366,Serie A,2015/2016,2016-01-17,Genoa,4-0,Palermo,Regular Season,,3879695
3367,Serie A,2015/2016,2016-01-17,Udinese,0-4,Juventus,Regular Season,,3879693
3368,Serie A,2015/2016,2016-01-20,Sassuolo,1-1,Torino,Regular Season,,3879696
3369,Serie A,2015/2016,2016-01-23,Empoli,2-2,AC Milan,Regular Season,,3879698
3370,Serie A,2015/2016,2016-01-23,Frosinone,0-0,Atalanta,Regular Season,,3879697
3371,Serie A,2015/2016,2016-01-24,Fiorentina,2-0,Torino,Regular Season,,3879706
3372,Serie A,2015/2016,2016-01-24,Hellas Verona,1-1,Genoa,Regular Season,,3879702
3373,Serie A,2015/2016,2016-01-24,Inter Milan,1-1,Carpi,Regular Season,,3879704
3374,Serie A,2015/2016,2016-01-24,Juventus,1-0,AS Roma,Regular Season,,3879701
3375,Serie A,2015/2016,2016-01-24,Lazio,4-1,Chievo,Regular Season,,3879703
3376,Serie A,2015/2016,2016-01-24,Palermo,4-1,Udinese,Regular Season,,3879700
3377,Serie A,2015/2016,2016-01-24,Sampdoria,2-4,Napoli,Regular Season,,3879699
3378,Serie A,2015/2016,2016-01-24,Sassuolo,0-2,Bologna,Regular Season,,3879705
3379,Serie A,2015/2016,2016-01-30,AS Roma,3-1,Frosinone,Regular Season,,3879707
3380,Serie A,2015/2016,2016-01-30,Atalanta,1-1,Sassuolo,Regular Season,,3879708
3381,Serie A,2015/2016,2016-01-30,Carpi,1-1,Palermo,Regular Season,,3879709
3382,Serie A,2015/2016,2016-01-31,AC Milan,3-0,Inter Milan,Regular Season,,3879712
3383,Serie A,2015/2016,2016-01-31,Bologna,3-2,Sampdoria,Regular Season,,3879710
3384,Serie A,2015/2016,2016-01-31,Chievo,0-4,Juventus,Regular Season,,3879713
3385,Serie A,2015/2016,2016-01-31,Genoa,0-0,Fiorentina,Regular Season,,3879716
3386,Serie A,2015/2016,2016-01-31,Napoli,5-1,Empoli,Regular Season,,3879714
3387,Serie A,2015/2016,2016-01-31,Torino,0-0,Hellas Verona,Regular Season,,3879715
3388,Serie A,2015/2016,2016-01-31,Udinese,0-0,Lazio,Regular Season,,3879711
3389,Serie A,2015/2016,2016-02-02,Sassuolo,0-2,AS Roma,Regular Season,,3879717
3390,Serie A,2015/2016,2016-02-03,Empoli,1-1,Udinese,Regular Season,,3879718
3391,Serie A,2015/2016,2016-02-03,Fiorentina,2-1,Carpi,Regular Season,,3879724
3392,Serie A,2015/2016,2016-02-03,Frosinone,1-0,Bologna,Regular Season,,3879725
3393,Serie A,2015/2016,2016-02-03,Hellas Verona,2-1,Atalanta,Regular Season,,3879722
3394,Serie A,2015/2016,2016-02-03,Inter Milan,1-0,Chievo,Regular Season,,3879723
3395,Serie A,2015/2016,2016-02-03,Juventus,1-0,Genoa,Regular Season,,3879726
3396,Serie A,2015/2016,2016-02-03,Lazio,0-2,Napoli,Regular Season,,3879720
3397,Serie A,2015/2016,2016-02-03,Palermo,0-2,AC Milan,Regular Season,,3879721
3398,Serie A,2015/2016,2016-02-03,Sampdoria,2-2,Torino,Regular Season,,3879719
3399,Serie A,2015/2016,2016-02-06,Bologna,1-1,Fiorentina,Regular Season,,3879728
3400,Serie A,2015/2016,2016-02-06,Genoa,0-0,Lazio,Regular Season,,3879727
3401,Serie A,2015/2016,2016-02-07,AC Milan,1-1,Udinese,Regular Season,,3879734
3402,Serie A,2015/2016,2016-02-07,AS Roma,2-1,Sampdoria,Regular Season,,3879736
3403,Serie A,2015/2016,2016-02-07,Atalanta,0-0,Empoli,Regular Season,,3879735
3404,Serie A,2015/2016,2016-02-07,Frosinone,0-2,Juventus,Regular Season,,3879733
3405,Serie A,2015/2016,2016-02-07,Hellas Verona,3-3,Inter Milan,Regular Season,,3879730
3406,Serie A,2015/2016,2016-02-07,Napoli,1-0,Carpi,Regular Season,,3879731
3407,Serie A,2015/2016,2016-02-07,Sassuolo,2-2,Palermo,Regular Season,,3879729
3408,Serie A,2015/2016,2016-02-07,Torino,1-2,Chievo,Regular Season,,3879732
3409,Serie A,2015/2016,2016-02-11,Lazio,5-2,Hellas Verona,Regular Season,,3879737
3410,Serie A,2015/2016,2016-02-12,Carpi,1-3,AS Roma,Regular Season,,3879738
3411,Serie A,2015/2016,2016-02-13,Chievo,1-1,Sassuolo,Regular Season,,3879741
3412,Serie A,2015/2016,2016-02-13,Empoli,1-2,Frosinone,Regular Season,,3879740
3413,Serie A,2015/2016,2016-02-13,Juventus,1-0,Napoli,Regular Season,,3879739
3414,Serie A,2015/2016,2016-02-14,AC Milan,2-1,Genoa,Regular Season,,3879742
3415,Serie A,2015/2016,2016-02-14,Fiorentina,2-1,Inter Milan,Regular Season,,3879746
3416,Serie A,2015/2016,2016-02-14,Palermo,1-3,Torino,Regular Season,,3879745
3417,Serie A,2015/2016,2016-02-14,Sampdoria,0-0,Atalanta,Regular Season,,3879744
3418,Serie A,2015/2016,2016-02-14,Udinese,0-1,Bologna,Regular Season,,3879743
3419,Serie A,2015/2016,2016-02-19,Bologna,0-0,Juventus,Regular Season,,3879747
3420,Serie A,2015/2016,2016-02-20,Hellas Verona,3-1,Chievo,Regular Season,,3879748
3421,Serie A,2015/2016,2016-02-20,Inter Milan,3-1,Sampdoria,Regular Season,,3879749
3422,Serie A,2015/2016,2016-02-21,AS Roma,5-0,Palermo,Regular Season,,3879751
3423,Serie A,2015/2016,2016-02-21,Atalanta,2-3,Fiorentina,Regular Season,,3879750
3424,Serie A,2015/2016,2016-02-21,Frosinone,0-0,Lazio,Regular Season,,3879755
3425,Serie A,2015/2016,2016-02-21,Genoa,2-1,Udinese,Regular Season,,3879752
3426,Serie A,2015/2016,2016-02-21,Sassuolo,3-2,Empoli,Regular Season,,3879753
3427,Serie A,2015/2016,2016-02-21,Torino,0-0,Carpi,Regular Season,,3879754
3428,Serie A,2015/2016,2016-02-22,Napoli,1-1,AC Milan,Regular Season,,3879756
3429,Serie A,2015/2016,2016-02-27,AC Milan,1-0,Torino,Regular Season,,3879758
3430,Serie A,2015/2016,2016-02-27,Empoli,1-3,AS Roma,Regular Season,,3879757
3431,Serie A,2015/2016,2016-02-28,Carpi,1-1,Atalanta,Regular Season,,3879761
3432,Serie A,2015/2016,2016-02-28,Chievo,1-0,Genoa,Regular Season,,3879764
3433,Serie A,2015/2016,2016-02-28,Juventus,2-0,Inter Milan,Regular Season,,3879759
3434,Serie A,2015/2016,2016-02-28,Palermo,0-0,Bologna,Regular Season,,3879760
3435,Serie A,2015/2016,2016-02-28,Sampdoria,2-0,Frosinone,Regular Season,,3879763
3436,Serie A,2015/2016,2016-02-28,Udinese,2-0,Hellas Verona,Regular Season,,3879762
3437,Serie A,2015/2016,2016-02-29,Fiorentina,1-1,Napoli,Regular Season,,3879765
3438,Serie A,2015/2016,2016-02-29,Lazio,0-2,Sassuolo,Regular Season,,3879766
3439,Serie A,2015/2016,2016-03-04,AS Roma,4-1,Fiorentina,Regular Season,,3879767
3440,Serie A,2015/2016,2016-03-05,Hellas Verona,0-3,Sampdoria,Regular Season,,3879768
3441,Serie A,2015/2016,2016-03-05,Napoli,3-1,Chievo,Regular Season,,3879769
3442,Serie A,2015/2016,2016-03-06,Atalanta,0-2,Juventus,Regular Season,,3879770
3443,Serie A,2015/2016,2016-03-06,Bologna,0-0,Carpi,Regular Season,,3879776
3444,Serie A,2015/2016,2016-03-06,Frosinone,2-0,Udinese,Regular Season,,3879773
3445,Serie A,2015/2016,2016-03-06,Genoa,1-0,Empoli,Regular Season,,3879775
3446,Serie A,2015/2016,2016-03-06,Inter Milan,3-1,Palermo,Regular Season,,3879774
3447,Serie A,2015/2016,2016-03-06,Sassuolo,2-0,AC Milan,Regular Season,,3879771
3448,Serie A,2015/2016,2016-03-06,Torino,1-1,Lazio,Regular Season,,3879772
3449,Serie A,2015/2016,2016-03-11,Juventus,1-0,Sassuolo,Regular Season,,3879777
3450,Serie A,2015/2016,2016-03-12,Empoli,1-1,Sampdoria,Regular Season,,3879778
3451,Serie A,2015/2016,2016-03-12,Inter Milan,2-1,Bologna,Regular Season,,3879779
3452,Serie A,2015/2016,2016-03-13,Carpi,2-1,Frosinone,Regular Season,,3879782
3453,Serie A,2015/2016,2016-03-13,Chievo,0-0,AC Milan,Regular Season,,3879781
3454,Serie A,2015/2016,2016-03-13,Fiorentina,1-1,Hellas Verona,Regular Season,,3879780
3455,Serie A,2015/2016,2016-03-13,Genoa,3-2,Torino,Regular Season,,3879784
3456,Serie A,2015/2016,2016-03-13,Lazio,2-0,Atalanta,Regular Season,,3879785
3457,Serie A,2015/2016,2016-03-13,Palermo,0-1,Napoli,Regular Season,,3879786
3458,Serie A,2015/2016,2016-03-13,Udinese,1-2,AS Roma,Regular Season,,3879783
3459,Serie A,2015/2016,2016-03-19,AS Roma,1-1,Inter Milan,Regular Season,,3879787
3460,Serie A,2015/2016,2016-03-19,Empoli,0-0,Palermo,Regular Season,,3879788
3461,Serie A,2015/2016,2016-03-20,AC Milan,1-1,Lazio,Regular Season,,3879791
3462,Serie A,2015/2016,2016-03-20,Atalanta,2-0,Bologna,Regular Season,,3879794
3463,Serie A,2015/2016,2016-03-20,Frosinone,0-0,Fiorentina,Regular Season,,3879789
3464,Serie A,2015/2016,2016-03-20,Hellas Verona,1-2,Carpi,Regular Season,,3879795
3465,Serie A,2015/2016,2016-03-20,Napoli,3-1,Genoa,Regular Season,,3879796
3466,Serie A,2015/2016,2016-03-20,Sampdoria,0-1,Chievo,Regular Season,,3879792
3467,Serie A,2015/2016,2016-03-20,Sassuolo,1-1,Udinese,Regular Season,,3879793
3468,Serie A,2015/2016,2016-03-20,Torino,1-4,Juventus,Regular Season,,3879790
3469,Serie A,2015/2016,2016-04-02,Carpi,1-3,Sassuolo,Regular Season,,3879797
3470,Serie A,2015/2016,2016-04-02,Juventus,1-0,Empoli,Regular Season,,3879798
3471,Serie A,2015/2016,2016-04-03,Atalanta,2-1,AC Milan,Regular Season,,3879805
3472,Serie A,2015/2016,2016-04-03,Chievo,3-1,Palermo,Regular Season,,3879802
3473,Serie A,2015/2016,2016-04-03,Fiorentina,1-1,Sampdoria,Regular Season,,3879800
3474,Serie A,2015/2016,2016-04-03,Genoa,4-0,Frosinone,Regular Season,,3879804
3475,Serie A,2015/2016,2016-04-03,Inter Milan,1-2,Torino,Regular Season,,3879801
3476,Serie A,2015/2016,2016-04-03,Lazio,1-4,AS Roma,Regular Season,,3879799
3477,Serie A,2015/2016,2016-04-03,Udinese,3-1,Napoli,Regular Season,,3879803
3478,Serie A,2015/2016,2016-04-04,Bologna,0-1,Hellas Verona,Regular Season,,3879806
3479,Serie A,2015/2016,2016-04-09,AC Milan,1-2,Juventus,Regular Season,,3879810
3480,Serie A,2015/2016,2016-04-09,Chievo,1-0,Carpi,Regular Season,,3879807
3481,Serie A,2015/2016,2016-04-09,Frosinone,0-1,Inter Milan,Regular Season,,3879808
3482,Serie A,2015/2016,2016-04-09,Sassuolo,0-1,Genoa,Regular Season,,3879809
3483,Serie A,2015/2016,2016-04-10,Empoli,2-0,Fiorentina,Regular Season,,3879814
3484,Serie A,2015/2016,2016-04-10,Napoli,3-0,Hellas Verona,Regular Season,,3879811
3485,Serie A,2015/2016,2016-04-10,Palermo,0-3,Lazio,Regular Season,,3879812
3486,Serie A,2015/2016,2016-04-10,Sampdoria,2-0,Udinese,Regular Season,,3879813
3487,Serie A,2015/2016,2016-04-10,Torino,2-1,Atalanta,Regular Season,,3879815
3488,Serie A,2015/2016,2016-04-11,AS Roma,1-1,Bologna,Regular Season,,3879816
3489,Serie A,2015/2016,2016-04-16,Bologna,0-1,Torino,Regular Season,,3879818
3490,Serie A,2015/2016,2016-04-16,Carpi,4-1,Genoa,Regular Season,,3879819
3491,Serie A,2015/2016,2016-04-16,Inter Milan,2-0,Napoli,Regular Season,,3879817
3492,Serie A,2015/2016,2016-04-17,Atalanta,3-3,AS Roma,Regular Season,,3879823
3493,Serie A,2015/2016,2016-04-17,Fiorentina,3-1,Sassuolo,Regular Season,,3879821
3494,Serie A,2015/2016,2016-04-17,Hellas Verona,1-2,Frosinone,Regular Season,,3879826
3495,Serie A,2015/2016,2016-04-17,Juventus,4-0,Palermo,Regular Season,,3879820
3496,Serie A,2015/2016,2016-04-17,Lazio,2-0,Empoli,Regular Season,,3879825
3497,Serie A,2015/2016,2016-04-17,Sampdoria,0-1,AC Milan,Regular Season,,3879824
3498,Serie A,2015/2016,2016-04-17,Udinese,0-0,Chievo,Regular Season,,3879822
3499,Serie A,2015/2016,2016-04-19,Napoli,6-0,Bologna,Regular Season,,3879827
3500,Serie A,2015/2016,2016-04-20,AS Roma,3-2,Torino,Regular Season,,3879828
3501,Serie A,2015/2016,2016-04-20,Chievo,5-1,Frosinone,Regular Season,,3879835
3502,Serie A,2015/2016,2016-04-20,Empoli,1-0,Hellas Verona,Regular Season,,3879829
3503,Serie A,2015/2016,2016-04-20,Genoa,1-0,Inter Milan,Regular Season,,3879830
3504,Serie A,2015/2016,2016-04-20,Juventus,3-0,Lazio,Regular Season,,3879833
3505,Serie A,2015/2016,2016-04-20,Palermo,2-2,Atalanta,Regular Season,,3879832
3506,Serie A,2015/2016,2016-04-20,Sassuolo,0-0,Sampdoria,Regular Season,,3879831
3507,Serie A,2015/2016,2016-04-20,Udinese,2-1,Fiorentina,Regular Season,,3879834
3508,Serie A,2015/2016,2016-04-21,AC Milan,0-0,Carpi,Regular Season,,3879836
3509,Serie A,2015/2016,2016-04-23,Inter Milan,3-1,Udinese,Regular Season,,3879837
3510,Serie A,2015/2016,2016-04-24,Atalanta,1-0,Chievo,Regular Season,,3879842
3511,Serie A,2015/2016,2016-04-24,Bologna,2-0,Genoa,Regular Season,,3879840
3512,Serie A,2015/2016,2016-04-24,Fiorentina,1-2,Juventus,Regular Season,,3879839
3513,Serie A,2015/2016,2016-04-24,Frosinone,0-2,Palermo,Regular Season,,3879841
3514,Serie A,2015/2016,2016-04-24,Sampdoria,2-1,Lazio,Regular Season,,3879838
3515,Serie A,2015/2016,2016-04-24,Torino,1-3,Sassuolo,Regular Season,,3879843
3516,Serie A,2015/2016,2016-04-25,AS Roma,1-0,Napoli,Regular Season,,3879845
3517,Serie A,2015/2016,2016-04-25,Carpi,1-0,Empoli,Regular Season,,3879844
3518,Serie A,2015/2016,2016-04-25,Hellas Verona,2-1,AC Milan,Regular Season,,3879846
3519,Serie A,2015/2016,2016-04-30,Chievo,0-0,Fiorentina,Regular Season,,3879848
3520,Serie A,2015/2016,2016-04-30,Udinese,1-5,Torino,Regular Season,,3879847
3521,Serie A,2015/2016,2016-05-01,AC Milan,3-3,Frosinone,Regular Season,,3879851
3522,Serie A,2015/2016,2016-05-01,Empoli,0-0,Bologna,Regular Season,,3879849
3523,Serie A,2015/2016,2016-05-01,Juventus,2-0,Carpi,Regular Season,,3879850
3524,Serie A,2015/2016,2016-05-01,Lazio,2-0,Inter Milan,Regular Season,,3879853
3525,Serie A,2015/2016,2016-05-01,Palermo,2-0,Sampdoria,Regular Season,,3879852
3526,Serie A,2015/2016,2016-05-01,Sassuolo,1-0,Hellas Verona,Regular Season,,3879854
3527,Serie A,2015/2016,2016-05-02,Genoa,2-3,AS Roma,Regular Season,,3879856
3528,Serie A,2015/2016,2016-05-02,Napoli,2-1,Atalanta,Regular Season,,3879855
3529,Serie A,2015/2016,2016-05-07,Bologna,0-1,AC Milan,Regular Season,,3879858
3530,Serie A,2015/2016,2016-05-07,Inter Milan,2-1,Empoli,Regular Season,,3879857
3531,Serie A,2015/2016,2016-05-08,AS Roma,3-0,Chievo,Regular Season,,3879866
3532,Serie A,2015/2016,2016-05-08,Atalanta,1-1,Udinese,Regular Season,,3879863
3533,Serie A,2015/2016,2016-05-08,Carpi,1-3,Lazio,Regular Season,,3879859
3534,Serie A,2015/2016,2016-05-08,Fiorentina,0-0,Palermo,Regular Season,,3879860
3535,Serie A,2015/2016,2016-05-08,Frosinone,0-1,Sassuolo,Regular Season,,3879861
3536,Serie A,2015/2016,2016-05-08,Hellas Verona,2-1,Juventus,Regular Season,,3879864
3537,Serie A,2015/2016,2016-05-08,Sampdoria,0-3,Genoa,Regular Season,,3879865
3538,Serie A,2015/2016,2016-05-08,Torino,1-2,Napoli,Regular Season,,3879862
3539,Serie A,2015/2016,2016-05-14,AC Milan,1-3,AS Roma,Regular Season,,3879869
3540,Serie A,2015/2016,2016-05-14,Juventus,5-0,Sampdoria,Regular Season,,3879870
3541,Serie A,2015/2016,2016-05-14,Napoli,4-0,Frosinone,Regular Season,,3879867
3542,Serie A,2015/2016,2016-05-14,Sassuolo,3-1,Inter Milan,Regular Season,,3879868
3543,Serie A,2015/2016,2016-05-15,Chievo,0-0,Bologna,Regular Season,,3879872
3544,Serie A,2015/2016,2016-05-15,Empoli,2-1,Torino,Regular Season,,3879873
3545,Serie A,2015/2016,2016-05-15,Genoa,1-2,Atalanta,Regular Season,,3879876
3546,Serie A,2015/2016,2016-05-15,Lazio,2-4,Fiorentina,Regular Season,,3879874
3547,Serie A,2015/2016,2016-05-15,Palermo,3-2,Hellas Verona,Regular Season,,3879875
3548,Serie A,2015/2016,2016-05-15,Udinese,1-2,Carpi,Regular Season,,3879871
3549,Serie A Women (F),2023/2024,2023-09-16,Fiorentina W,2-1,Sassuolo W,Regular Season,,3910621
3550,Serie A Women (F),2023/2024,2023-09-16,Pomigliano,2-3,Juventus W,Regular Season,,3910623
3551,Serie A Women (F),2023/2024,2023-09-17,AC Milan W,2-4,AS Roma W,Regular Season,,3910622
3552,Serie A Women (F),2023/2024,2023-09-17,Como W,2-1,Napoli W,Regular Season,,3910620
3553,Serie A Women (F),2023/2024,2023-09-17,Sampdoria W,0-2,FC Internazionale Milano W,Regular Season,,3910624
3554,Serie A Women (F),2023/2024,2023-09-30,AS Roma W,4-1,Como W,Regular Season,,3911869
3555,Serie A Women (F),2023/2024,2023-10-01,Juventus W,4-1,Sampdoria W,Regular Season,,3911872
3556,Serie A Women (F),2023/2024,2023-10-01,Napoli W,0-1,AC Milan W,Regular Season,,3911870
3557,Serie A Women (F),2023/2024,2023-10-01,Sassuolo W,1-1,Pomigliano,Regular Season,,3911871
3558,Serie A Women (F),2023/2024,2023-10-02,FC Internazionale Milano W,1-1,Fiorentina W,Regular Season,,3911873
3559,Serie A Women (F),2023/2024,2023-10-07,AC Milan W,0-1,Juventus W,Regular Season,,3912479
3560,Serie A Women (F),2023/2024,2023-10-07,Pomigliano,0-5,AS Roma W,Regular Season,,3912477
3561,Serie A Women (F),2023/2024,2023-10-07,Sampdoria W,1-2,Como W,Regular Season,,3912478
3562,Serie A Women (F),2023/2024,2023-10-08,Fiorentina W,2-0,Napoli W,Regular Season,,3912481
3563,Serie A Women (F),2023/2024,2023-10-08,Sassuolo W,1-2,FC Internazionale Milano W,Regular Season,,3912480
3564,Serie A Women (F),2023/2024,2023-10-14,Como W,0-0,AC Milan W,Regular Season,,3912483
3565,Serie A Women (F),2023/2024,2023-10-14,Napoli W,0-2,Sampdoria W,Regular Season,,3912485
3566,Serie A Women (F),2023/2024,2023-10-15,AS Roma W,2-0,FC Internazionale Milano W,Regular Season,,3912482
3567,Serie A Women (F),2023/2024,2023-10-15,Juventus W,4-0,Sassuolo W,Regular Season,,3912484
3568,Serie A Women (F),2023/2024,2023-10-15,Pomigliano,1-4,Fiorentina W,Regular Season,,3912486
3569,Serie A Women (F),2023/2024,2023-10-21,FC Internazionale Milano W,2-0,Napoli W,Regular Season,,3912489
3570,Serie A Women (F),2023/2024,2023-10-21,Sassuolo W,1-2,Como W,Regular Season,,3912491
3571,Serie A Women (F),2023/2024,2023-10-22,AC Milan W,4-1,Pomigliano,Regular Season,,3912488
3572,Serie A Women (F),2023/2024,2023-10-22,Fiorentina W,1-2,Juventus W,Regular Season,,3912490
3573,Serie A Women (F),2023/2024,2023-10-22,Sampdoria W,0-5,AS Roma W,Regular Season,,3912487
3574,Serie A Women (F),2023/2024,2023-11-04,Fiorentina W,1-0,AC Milan W,Regular Season,,3912492
3575,Serie A Women (F),2023/2024,2023-11-04,Pomigliano,0-1,Sampdoria W,Regular Season,,3912495
3576,Serie A Women (F),2023/2024,2023-11-05,Como W,2-1,FC Internazionale Milano W,Regular Season,,3912496
3577,Serie A Women (F),2023/2024,2023-11-05,Juventus W,1-3,AS Roma W,Regular Season,,3912493
3578,Serie A Women (F),2023/2024,2023-11-05,Napoli W,0-1,Sassuolo W,Regular Season,,3912494
3579,Serie A Women (F),2023/2024,2023-11-11,AC Milan W,1-1,Sassuolo W,Regular Season,,3912500
3580,Serie A Women (F),2023/2024,2023-11-11,AS Roma W,6-0,Napoli W,Regular Season,,3912497
3581,Serie A Women (F),2023/2024,2023-11-12,Como W,0-3,Juventus W,Regular Season,,3912498
3582,Serie A Women (F),2023/2024,2023-11-12,FC Internazionale Milano W,2-1,Pomigliano,Regular Season,,3912499
3583,Serie A Women (F),2023/2024,2023-11-12,Sampdoria W,0-1,Fiorentina W,Regular Season,,3912501
3584,Serie A Women (F),2023/2024,2023-11-18,AC Milan W,1-1,Sampdoria W,Regular Season,,3912504
3585,Serie A Women (F),2023/2024,2023-11-18,Fiorentina W,3-0,Como W,Regular Season,,3912506
3586,Serie A Women (F),2023/2024,2023-11-19,Juventus W,5-0,FC Internazionale Milano W,Regular Season,,3912505
3587,Serie A Women (F),2023/2024,2023-11-19,Pomigliano,2-1,Napoli W,Regular Season,,3912503
3588,Serie A Women (F),2023/2024,2023-11-19,Sassuolo W,0-2,AS Roma W,Regular Season,,3912502
3589,Serie A Women (F),2023/2024,2023-11-25,Como W,0-0,Pomigliano,Regular Season,,3912508
3590,Serie A Women (F),2023/2024,2023-11-25,FC Internazionale Milano W,1-0,AC Milan W,Regular Season,,3912510
3591,Serie A Women (F),2023/2024,2023-11-26,AS Roma W,2-1,Fiorentina W,Regular Season,,3912507
3592,Serie A Women (F),2023/2024,2023-11-26,Napoli W,1-3,Juventus W,Regular Season,,3912511
3593,Serie A Women (F),2023/2024,2023-11-26,Sampdoria W,0-4,Sassuolo W,Regular Season,,3912509
3594,Serie A Women (F),2023/2024,2023-12-09,FC Internazionale Milano W,1-1,Sampdoria W,Regular Season,,3912512
3595,Serie A Women (F),2023/2024,2023-12-09,Juventus W,4-0,Pomigliano,Regular Season,,3912516
3596,Serie A Women (F),2023/2024,2023-12-10,AS Roma W,2-1,AC Milan W,Regular Season,,3912515
3597,Serie A Women (F),2023/2024,2023-12-10,Napoli W,0-0,Como W,Regular Season,,3912513
3598,Serie A Women (F),2023/2024,2023-12-11,Sassuolo W,1-2,Fiorentina W,Regular Season,,3912514
3599,Serie A Women (F),2023/2024,2023-12-16,AC Milan W,1-1,Napoli W,Regular Season,,3912519
3600,Serie A Women (F),2023/2024,2023-12-16,Sampdoria W,1-0,Juventus W,Regular Season,,3912520
3601,Serie A Women (F),2023/2024,2023-12-17,Como W,2-3,AS Roma W,Regular Season,,3912518
3602,Serie A Women (F),2023/2024,2023-12-17,Pomigliano,0-2,Sassuolo W,Regular Season,,3912517
3603,Serie A Women (F),2023/2024,2023-12-18,Fiorentina W,4-2,FC Internazionale Milano W,Regular Season,,3912521
3604,Serie A Women (F),2023/2024,2024-01-13,AS Roma W,3-0,Pomigliano,Regular Season,,3912525
3605,Serie A Women (F),2023/2024,2024-01-13,Juventus W,2-1,AC Milan W,Regular Season,,3912524
3606,Serie A Women (F),2023/2024,2024-01-13,Napoli W,2-4,Fiorentina W,Regular Season,,3912523
3607,Serie A Women (F),2023/2024,2024-01-14,Como W,0-1,Sampdoria W,Regular Season,,3912526
3608,Serie A Women (F),2023/2024,2024-01-14,FC Internazionale Milano W,0-1,Sassuolo W,Regular Season,,3912522
3609,Serie A Women (F),2023/2024,2024-01-20,FC Internazionale Milano W,2-0,AS Roma W,Regular Season,,3912527
3610,Serie A Women (F),2023/2024,2024-01-20,Sampdoria W,0-0,Napoli W,Regular Season,,3912530
3611,Serie A Women (F),2023/2024,2024-01-21,Fiorentina W,3-1,Pomigliano,Regular Season,,3912531
3612,Serie A Women (F),2023/2024,2024-01-21,Sassuolo W,0-1,Juventus W,Regular Season,,3912529
3613,Serie A Women (F),2023/2024,2024-01-22,AC Milan W,3-2,Como W,Regular Season,,3912528
3614,Serie A Women (F),2023/2024,2024-01-27,AS Roma W,2-0,Sampdoria W,Regular Season,,3912536
3615,Serie A Women (F),2023/2024,2024-01-27,Napoli W,2-3,FC Internazionale Milano W,Regular Season,,3912534
3616,Serie A Women (F),2023/2024,2024-01-28,Como W,0-1,Sassuolo W,Regular Season,,3912532
3617,Serie A Women (F),2023/2024,2024-01-28,Pomigliano,0-0,AC Milan W,Regular Season,,3912535
3618,Serie A Women (F),2023/2024,2024-01-29,Juventus W,2-2,Fiorentina W,Regular Season,,3912533
3619,Serie A Women (F),2023/2024,2024-02-03,AC Milan W,2-2,Fiorentina W,Regular Season,,3912539
3620,Serie A Women (F),2023/2024,2024-02-03,FC Internazionale Milano W,2-3,Como W,Regular Season,,3912555
3621,Serie A Women (F),2023/2024,2024-02-03,Sassuolo W,2-0,Napoli W,Regular Season,,3912537
3622,Serie A Women (F),2023/2024,2024-02-04,AS Roma W,3-1,Juventus W,Regular Season,,3912538
3623,Serie A Women (F),2023/2024,2024-02-04,Sampdoria W,1-0,Pomigliano,Regular Season,,3912556
3624,Serie A Women (F),2023/2024,2024-02-10,Napoli W,0-1,AS Roma W,Regular Season,,3912543
3625,Serie A Women (F),2023/2024,2024-02-10,Sassuolo W,1-0,AC Milan W,Regular Season,,3912541
3626,Serie A Women (F),2023/2024,2024-02-11,Fiorentina W,2-1,Sampdoria W,Regular Season,,3912544
3627,Serie A Women (F),2023/2024,2024-02-11,Juventus W,5-0,Como W,Regular Season,,3912540
3628,Serie A Women (F),2023/2024,2024-02-11,Pomigliano,2-6,FC Internazionale Milano W,Regular Season,,3912542
3629,Serie A Women (F),2023/2024,2024-02-13,AS Roma W,3-0,Sassuolo W,Regular Season,,3912549
3630,Serie A Women (F),2023/2024,2024-02-14,Como W,0-1,Fiorentina W,Regular Season,,3912545
3631,Serie A Women (F),2023/2024,2024-02-14,FC Internazionale Milano W,0-2,Juventus W,Regular Season,,3912546
3632,Serie A Women (F),2023/2024,2024-02-14,Sampdoria W,1-3,AC Milan W,Regular Season,,3912547
3633,Serie A Women (F),2023/2024,2024-02-15,Napoli W,2-0,Pomigliano,Regular Season,,3912548
3634,Serie A Women (F),2023/2024,2024-02-17,Fiorentina W,0-1,AS Roma W,Regular Season,,3912551
3635,Serie A Women (F),2023/2024,2024-02-17,Sassuolo W,2-0,Sampdoria W,Regular Season,,3912552
3636,Serie A Women (F),2023/2024,2024-02-18,AC Milan W,2-1,FC Internazionale Milano W,Regular Season,,3912554
3637,Serie A Women (F),2023/2024,2024-02-18,Juventus W,4-1,Napoli W,Regular Season,,3912553
3638,Serie A Women (F),2023/2024,2024-02-18,Pomigliano,3-4,Como W,Regular Season,,3912550
3639,Serie A Women (F),2023/2024,2024-03-16,Pomigliano,0-5,Sampdoria W,Relegation Play-offs,,3928984
3640,Serie A Women (F),2023/2024,2024-03-16,Sassuolo W,1-0,Fiorentina W,Championship Round,,3928985
3641,Serie A Women (F),2023/2024,2024-03-17,Como W,1-1,Napoli W,Relegation Play-offs,,3928987
3642,Serie A Women (F),2023/2024,2024-03-17,FC Internazionale Milano W,3-3,Juventus W,Championship Round,,3928986
3643,Serie A Women (F),2023/2024,2024-03-23,AS Roma W,3-0,Sassuolo W,Championship Round,,3928989
3644,Serie A Women (F),2023/2024,2024-03-23,Sampdoria W,1-0,Como W,Relegation Play-offs,,3928988
3645,Serie A Women (F),2023/2024,2024-03-24,AC Milan W,4-0,Pomigliano,Relegation Play-offs,,3928991
3646,Serie A Women (F),2023/2024,2024-03-24,Fiorentina W,0-3,FC Internazionale Milano W,Championship Round,,3928990
3647,Serie A Women (F),2023/2024,2024-03-29,FC Internazionale Milano W,1-2,AS Roma W,Championship Round,,3928992
3648,Serie A Women (F),2023/2024,2024-03-30,Como W,1-4,AC Milan W,Relegation Play-offs,,3928993
3649,Serie A Women (F),2023/2024,2024-03-30,Juventus W,4-0,Fiorentina W,Championship Round,,3928994
3650,Serie A Women (F),2023/2024,2024-03-30,Napoli W,2-0,Sampdoria W,Relegation Play-offs,,3928995
3651,Serie A Women (F),2023/2024,2024-04-13,Sassuolo W,2-1,FC Internazionale Milano W,Championship Round,,3928998
3652,Serie A Women (F),2023/2024,2024-04-14,AC Milan W,3-2,Napoli W,Relegation Play-offs,,3928996
3653,Serie A Women (F),2023/2024,2024-04-14,Pomigliano,1-2,Como W,Relegation Play-offs,,3928999
3654,Serie A Women (F),2023/2024,2024-04-15,AS Roma W,2-1,Juventus W,Championship Round,,3928997
3655,Serie A Women (F),2023/2024,2024-04-20,Fiorentina W,0-0,AS Roma W,Championship Round,,3929000
3656,Serie A Women (F),2023/2024,2024-04-20,Juventus W,2-1,Sassuolo W,Championship Round,,3929003
3657,Serie A Women (F),2023/2024,2024-04-21,Napoli W,1-1,Pomigliano,Relegation Play-offs,,3929002
3658,Serie A Women (F),2023/2024,2024-04-21,Sampdoria W,1-3,AC Milan W,Relegation Play-offs,,3929001
3659,Serie A Women (F),2023/2024,2024-04-26,Juventus W,0-2,FC Internazionale Milano W,Championship Round,,3929004
3660,Serie A Women (F),2023/2024,2024-04-27,Fiorentina W,4-4,Sassuolo W,Championship Round,,3929005
3661,Serie A Women (F),2023/2024,2024-04-27,Napoli W,1-1,Como W,Relegation Play-offs,,3929007
3662,Serie A Women (F),2023/2024,2024-04-27,Sampdoria W,2-2,Pomigliano,Relegation Play-offs,,3929006
3663,Serie A Women (F),2023/2024,2024-05-01,Como W,3-1,Sampdoria W,Relegation Play-offs,,3929010
3664,Serie A Women (F),2023/2024,2024-05-01,FC Internazionale Milano W,2-2,Fiorentina W,Championship Round,,3929011
3665,Serie A Women (F),2023/2024,2024-05-01,Pomigliano,2-2,AC Milan W,Relegation Play-offs,,3929009
3666,Serie A Women (F),2023/2024,2024-05-01,Sassuolo W,5-6,AS Roma W,Championship Round,,3929008
3667,Serie A Women (F),2023/2024,2024-05-05,AC Milan W,1-0,Como W,Relegation Play-offs,,3929013
3668,Serie A Women (F),2023/2024,2024-05-05,AS Roma W,4-3,FC Internazionale Milano W,Championship Round,,3929015
3669,Serie A Women (F),2023/2024,2024-05-05,Sampdoria W,2-0,Napoli W,Relegation Play-offs,,3929014
3670,Serie A Women (F),2023/2024,2024-05-06,Fiorentina W,0-2,Juventus W,Championship Round,,3929012
3671,Serie A Women (F),2023/2024,2024-05-12,Como W,2-0,Pomigliano,Relegation Play-offs,,3929018
3672,Serie A Women (F),2023/2024,2024-05-12,FC Internazionale Milano W,2-4,Sassuolo W,Championship Round,,3929019
3673,Serie A Women (F),2023/2024,2024-05-12,Napoli W,1-1,AC Milan W,Relegation Play-offs,,3929016
3674,Serie A Women (F),2023/2024,2024-05-13,Juventus W,3-1,AS Roma W,Championship Round,,3929017
3675,Serie A Women (F),2023/2024,2024-05-18,AC Milan W,3-1,Sampdoria W,Relegation Play-offs,,3929022
3676,Serie A Women (F),2023/2024,2024-05-18,Sassuolo W,2-3,Juventus W,Championship Round,,3929023
3677,Serie A Women (F),2023/2024,2024-05-19,AS Roma W,5-0,Fiorentina W,Championship Round,,3929020
3678,Serie A Women (F),2023/2024,2024-05-19,Pomigliano,3-1,Napoli W,Relegation Play-offs,,3929021
3679,UEFA Euro,2020,2021-06-11,Turkey,0-3,Italy,Group Stage,si,3788741
3680,UEFA Euro,2020,2021-06-12,Belgium,3-0,Russia,Group Stage,si,3788743
3681,UEFA Euro,2020,2021-06-12,Denmark,0-1,Finland,Group Stage,si,3788742
3682,UEFA Euro,2020,2021-06-12,Wales,1-1,Switzerland,Group Stage,si,3788744
3683,UEFA Euro,2020,2021-06-13,Austria,3-1,North Macedonia,Group Stage,si,3788747
3684,UEFA Euro,2020,2021-06-13,England,1-0,Croatia,Group Stage,si,3788745
3685,UEFA Euro,2020,2021-06-13,Netherlands,3-2,Ukraine,Group Stage,si,3788746
3686,UEFA Euro,2020,2021-06-14,Poland,1-2,Slovakia,Group Stage,si,3788749
3687,UEFA Euro,2020,2021-06-14,Scotland,0-2,Czech Republic,Group Stage,si,3788748
3688,UEFA Euro,2020,2021-06-14,Spain,0-0,Sweden,Group Stage,si,3788750
3689,UEFA Euro,2020,2021-06-15,France,1-0,Germany,Group Stage,si,3788751
3690,UEFA Euro,2020,2021-06-15,Hungary,0-3,Portugal,Group Stage,si,3788752
3691,UEFA Euro,2020,2021-06-16,Finland,0-1,Russia,Group Stage,si,3788753
3692,UEFA Euro,2020,2021-06-16,Italy,3-0,Switzerland,Group Stage,si,3788754
3693,UEFA Euro,2020,2021-06-16,Turkey,0-2,Wales,Group Stage,si,3788755
3694,UEFA Euro,2020,2021-06-17,Denmark,1-2,Belgium,Group Stage,si,3788757
3695,UEFA Euro,2020,2021-06-17,Netherlands,2-0,Austria,Group Stage,si,3788756
3696,UEFA Euro,2020,2021-06-17,Ukraine,2-1,North Macedonia,Group Stage,si,3788758
3697,UEFA Euro,2020,2021-06-18,Croatia,1-1,Czech Republic,Group Stage,si,3788760
3698,UEFA Euro,2020,2021-06-18,England,0-0,Scotland,Group Stage,si,3788759
3699,UEFA Euro,2020,2021-06-18,Sweden,1-0,Slovakia,Group Stage,si,3788761
3700,UEFA Euro,2020,2021-06-19,Hungary,1-1,France,Group Stage,si,3788763
3701,UEFA Euro,2020,2021-06-19,Portugal,2-4,Germany,Group Stage,si,3788764
3702,UEFA Euro,2020,2021-06-19,Spain,1-1,Poland,Group Stage,si,3788762
3703,UEFA Euro,2020,2021-06-20,Italy,1-0,Wales,Group Stage,si,3788766
3704,UEFA Euro,2020,2021-06-20,Switzerland,3-1,Turkey,Group Stage,si,3788765
3705,UEFA Euro,2020,2021-06-21,Finland,0-2,Belgium,Group Stage,si,3788768
3706,UEFA Euro,2020,2021-06-21,North Macedonia,0-3,Netherlands,Group Stage,si,3788770
3707,UEFA Euro,2020,2021-06-21,Russia,1-4,Denmark,Group Stage,si,3788769
3708,UEFA Euro,2020,2021-06-21,Ukraine,0-1,Austria,Group Stage,si,3788767
3709,UEFA Euro,2020,2021-06-22,Croatia,3-1,Scotland,Group Stage,si,3788771
3710,UEFA Euro,2020,2021-06-22,Czech Republic,0-1,England,Group Stage,si,3788772
3711,UEFA Euro,2020,2021-06-23,Germany,2-2,Hungary,Group Stage,si,3788774
3712,UEFA Euro,2020,2021-06-23,Portugal,2-2,France,Group Stage,si,3788773
3713,UEFA Euro,2020,2021-06-23,Slovakia,0-5,Spain,Group Stage,si,3788775
3714,UEFA Euro,2020,2021-06-23,Sweden,3-2,Poland,Group Stage,si,3788776
3715,UEFA Euro,2020,2021-06-26,Italy,2-1,Austria,Round of 16,si,3794685
3716,UEFA Euro,2020,2021-06-26,Wales,0-4,Denmark,Round of 16,si,3794689
3717,UEFA Euro,2020,2021-06-27,Belgium,1-0,Portugal,Round of 16,si,3794687
3718,UEFA Euro,2020,2021-06-27,Netherlands,0-2,Czech Republic,Round of 16,si,3794690
3719,UEFA Euro,2020,2021-06-28,Croatia,3-5,Spain,Round of 16,si,3794686
3720,UEFA Euro,2020,2021-06-28,France,3-3,Switzerland,Round of 16,si,3794691
3721,UEFA Euro,2020,2021-06-29,England,2-0,Germany,Round of 16,si,3794688
3722,UEFA Euro,2020,2021-06-29,Sweden,1-2,Ukraine,Round of 16,si,3794692
3723,UEFA Euro,2020,2021-07-02,Belgium,1-2,Italy,Quarter-finals,si,3795107
3724,UEFA Euro,2020,2021-07-02,Switzerland,1-1,Spain,Quarter-finals,si,3795108
3725,UEFA Euro,2020,2021-07-03,Czech Republic,1-2,Denmark,Quarter-finals,si,3795109
3726,UEFA Euro,2020,2021-07-03,Ukraine,0-4,England,Quarter-finals,si,3795187
3727,UEFA Euro,2020,2021-07-06,Italy,1-1,Spain,Semi-finals,si,3795220
3728,UEFA Euro,2020,2021-07-07,England,2-1,Denmark,Semi-finals,si,3795221
3729,UEFA Euro,2020,2021-07-11,Italy,1-1,England,Final,si,3795506
3730,UEFA Euro,2024,2024-06-14,Germany,5-1,Scotland,Group Stage,si,3930158
3731,UEFA Euro,2024,2024-06-15,Hungary,1-3,Switzerland,Group Stage,si,3930159
3732,UEFA Euro,2024,2024-06-15,Italy,2-1,Albania,Group Stage,si,3930161
3733,UEFA Euro,2024,2024-06-15,Spain,3-0,Croatia,Group Stage,si,3930160
3734,UEFA Euro,2024,2024-06-16,Poland,1-2,Netherlands,Group Stage,si,3938637
3735,UEFA Euro,2024,2024-06-16,Serbia,0-1,England,Group Stage,si,3930163
3736,UEFA Euro,2024,2024-06-16,Slovenia,1-1,Denmark,Group Stage,si,3930162
3737,UEFA Euro,2024,2024-06-17,Austria,0-1,France,Group Stage,si,3930165
3738,UEFA Euro,2024,2024-06-17,Belgium,0-1,Slovakia,Group Stage,si,3930164
3739,UEFA Euro,2024,2024-06-17,Romania,3-0,Ukraine,Group Stage,si,3938638
3740,UEFA Euro,2024,2024-06-18,Portugal,2-1,Czech Republic,Group Stage,si,3930166
3741,UEFA Euro,2024,2024-06-18,Turkey,3-1,Georgia,Group Stage,si,3938639
3742,UEFA Euro,2024,2024-06-19,Croatia,2-2,Albania,Group Stage,si,3930167
3743,UEFA Euro,2024,2024-06-19,Germany,2-0,Hungary,Group Stage,si,3930168
3744,UEFA Euro,2024,2024-06-19,Scotland,1-1,Switzerland,Group Stage,si,3930169
3745,UEFA Euro,2024,2024-06-20,Denmark,1-1,England,Group Stage,si,3930171
3746,UEFA Euro,2024,2024-06-20,Slovenia,1-1,Serbia,Group Stage,si,3930170
3747,UEFA Euro,2024,2024-06-20,Spain,1-0,Italy,Group Stage,si,3930172
3748,UEFA Euro,2024,2024-06-21,Netherlands,0-0,France,Group Stage,si,3930173
3749,UEFA Euro,2024,2024-06-21,Poland,1-3,Austria,Group Stage,si,3938641
3750,UEFA Euro,2024,2024-06-21,Slovakia,1-2,Ukraine,Group Stage,si,3938640
3751,UEFA Euro,2024,2024-06-22,Belgium,2-0,Romania,Group Stage,si,3930175
3752,UEFA Euro,2024,2024-06-22,Georgia,1-1,Czech Republic,Group Stage,si,3938642
3753,UEFA Euro,2024,2024-06-22,Turkey,0-3,Portugal,Group Stage,si,3930174
3754,UEFA Euro,2024,2024-06-23,Scotland,0-1,Hungary,Group Stage,si,3930177
3755,UEFA Euro,2024,2024-06-23,Switzerland,1-1,Germany,Group Stage,si,3930176
3756,UEFA Euro,2024,2024-06-24,Albania,0-1,Spain,Group Stage,si,3930179
3757,UEFA Euro,2024,2024-06-24,Croatia,1-1,Italy,Group Stage,si,3930178
3758,UEFA Euro,2024,2024-06-25,Denmark,0-0,Serbia,Group Stage,si,3930182
3759,UEFA Euro,2024,2024-06-25,England,0-0,Slovenia,Group Stage,si,3930181
3760,UEFA Euro,2024,2024-06-25,France,1-1,Poland,Group Stage,si,3938643
3761,UEFA Euro,2024,2024-06-25,Netherlands,2-3,Austria,Group Stage,si,3930180
3762,UEFA Euro,2024,2024-06-26,Czech Republic,1-2,Turkey,Group Stage,si,3930184
3763,UEFA Euro,2024,2024-06-26,Georgia,2-0,Portugal,Group Stage,si,3938644
3764,UEFA Euro,2024,2024-06-26,Slovakia,1-1,Romania,Group Stage,si,3930183
3765,UEFA Euro,2024,2024-06-26,Ukraine,0-0,Belgium,Group Stage,si,3938645
3766,UEFA Euro,2024,2024-06-29,Germany,2-0,Denmark,Round of 16,si,3940983
3767,UEFA Euro,2024,2024-06-29,Switzerland,2-0,Italy,Round of 16,si,3940878
3768,UEFA Euro,2024,2024-06-30,England,2-1,Slovakia,Round of 16,si,3941017
3769,UEFA Euro,2024,2024-06-30,Spain,4-1,Georgia,Round of 16,si,3941018
3770,UEFA Euro,2024,2024-07-01,France,1-0,Belgium,Round of 16,si,3941019
3771,UEFA Euro,2024,2024-07-01,Portugal,0-0,Slovenia,Round of 16,si,3941020
3772,UEFA Euro,2024,2024-07-02,Austria,1-2,Turkey,Round of 16,si,3941022
3773,UEFA Euro,2024,2024-07-02,Romania,0-3,Netherlands,Round of 16,si,3941021
3774,UEFA Euro,2024,2024-07-05,Portugal,0-0,France,Quarter-finals,si,3942349
3775,UEFA Euro,2024,2024-07-05,Spain,2-1,Germany,Quarter-finals,si,3942226
3776,UEFA Euro,2024,2024-07-06,England,1-1,Switzerland,Quarter-finals,si,3942227
3777,UEFA Euro,2024,2024-07-06,Netherlands,2-1,Turkey,Quarter-finals,si,3942382
3778,UEFA Euro,2024,2024-07-09,Spain,2-1,France,Semi-finals,si,3942752
3779,UEFA Euro,2024,2024-07-10,Netherlands,1-2,England,Semi-finals,si,3942819
3780,UEFA Euro,2024,2024-07-14,Spain,2-1,England,Final,si,3943043
3781,UEFA Europa League,1988/1989,1989-03-15,Napoli,3-0,Juventus W,Quarter-finals,,3750245
3782,UEFA Europa League,1988/1989,1989-04-05,Napoli,2-0,Bayern Munich,Semi-finals,,3750244
3783,UEFA Europa League,1988/1989,1989-05-03,Napoli,2-1,VfB Stuttgart,Final,,3887188
3784,UEFA Women's Euro (F),2022,2022-07-06,England Women's,1-0,Austria Women's,Group Stage,si,3835319
3785,UEFA Women's Euro (F),2022,2022-07-07,Norway Women's,4-1,Northern Ireland W,Group Stage,si,3835320
3786,UEFA Women's Euro (F),2022,2022-07-08,Germany Women's,4-0,Denmark Women's,Group Stage,si,3835322
3787,UEFA Women's Euro (F),2022,2022-07-08,Spain Women's,4-1,WNT Finland,Group Stage,si,3835321
3788,UEFA Women's Euro (F),2022,2022-07-09,Netherlands Women's,1-1,Sweden Women's,Group Stage,si,3835324
3789,UEFA Women's Euro (F),2022,2022-07-09,Portugal Women's,2-2,Switzerland Women's,Group Stage,si,3835323
3790,UEFA Women's Euro (F),2022,2022-07-10,Belgium Women's,1-1,Iceland Women's,Group Stage,si,3835326
3791,UEFA Women's Euro (F),2022,2022-07-10,France Women's,5-1,Italy Women's,Group Stage,si,3835325
3792,UEFA Women's Euro (F),2022,2022-07-11,Austria Women's,2-0,Northern Ireland W,Group Stage,si,3835328
3793,UEFA Women's Euro (F),2022,2022-07-11,England Women's,8-0,Norway Women's,Group Stage,si,3835327
3794,UEFA Women's Euro (F),2022,2022-07-12,Denmark Women's,1-0,WNT Finland,Group Stage,si,3835329
3795,UEFA Women's Euro (F),2022,2022-07-12,Germany Women's,2-0,Spain Women's,Group Stage,si,3835330
3796,UEFA Women's Euro (F),2022,2022-07-13,Netherlands Women's,3-2,Portugal Women's,Group Stage,si,3835332
3797,UEFA Women's Euro (F),2022,2022-07-13,Sweden Women's,2-1,Switzerland Women's,Group Stage,si,3835331
3798,UEFA Women's Euro (F),2022,2022-07-14,France Women's,2-1,Belgium Women's,Group Stage,si,3835333
3799,UEFA Women's Euro (F),2022,2022-07-14,Italy Women's,1-1,Iceland Women's,Group Stage,si,3835334
3800,UEFA Women's Euro (F),2022,2022-07-15,Austria Women's,1-0,Norway Women's,Group Stage,si,3835336
3801,UEFA Women's Euro (F),2022,2022-07-15,Northern Ireland W,0-5,England Women's,Group Stage,si,3835335
3802,UEFA Women's Euro (F),2022,2022-07-16,Denmark Women's,0-1,Spain Women's,Group Stage,si,3835337
3803,UEFA Women's Euro (F),2022,2022-07-16,WNT Finland,0-3,Germany Women's,Group Stage,si,3835338
3804,UEFA Women's Euro (F),2022,2022-07-17,Sweden Women's,5-0,Portugal Women's,Group Stage,si,3835340
3805,UEFA Women's Euro (F),2022,2022-07-17,Switzerland Women's,1-4,Netherlands Women's,Group Stage,si,3835339
3806,UEFA Women's Euro (F),2022,2022-07-18,Iceland Women's,1-1,France Women's,Group Stage,si,3835342
3807,UEFA Women's Euro (F),2022,2022-07-18,Italy Women's,0-1,Belgium Women's,Group Stage,si,3835341
3808,UEFA Women's Euro (F),2022,2022-07-20,England Women's,2-1,Spain Women's,Quarter-finals,si,3844384
3809,UEFA Women's Euro (F),2022,2022-07-21,Germany Women's,2-0,Austria Women's,Quarter-finals,si,3844385
3810,UEFA Women's Euro (F),2022,2022-07-22,Sweden Women's,1-0,Belgium Women's,Quarter-finals,si,3844386
3811,UEFA Women's Euro (F),2022,2022-07-23,France Women's,1-0,Netherlands Women's,Quarter-finals,si,3844387
3812,UEFA Women's Euro (F),2022,2022-07-26,England Women's,4-0,Sweden Women's,Semi-finals,si,3845506
3813,UEFA Women's Euro (F),2022,2022-07-27,Germany Women's,2-1,France Women's,Semi-finals,si,3845507
3814,UEFA Women's Euro (F),2022,2022-07-31,England Women's,2-1,Germany Women's,Final,si,3847567
3815,UEFA Women's Euro (F),2025,2025-07-02,Iceland Women's,0-1,WNT Finland,Group Stage,si,3998836
3816,UEFA Women's Euro (F),2025,2025-07-02,Switzerland Women's,1-2,Norway Women's,Group Stage,si,3998837
3817,UEFA Women's Euro (F),2025,2025-07-03,Belgium Women's,0-1,Italy Women's,Group Stage,si,3998838
3818,UEFA Women's Euro (F),2025,2025-07-03,Spain Women's,5-0,Portugal Women's,Group Stage,si,3998839
3819,UEFA Women's Euro (F),2025,2025-07-04,Denmark Women's,0-1,Sweden Women's,Group Stage,si,3998841
3820,UEFA Women's Euro (F),2025,2025-07-04,Germany Women's,2-0,Poland Women's,Group Stage,si,3998840
3821,UEFA Women's Euro (F),2025,2025-07-05,France Women's,2-1,England Women's,Group Stage,si,3998843
3822,UEFA Women's Euro (F),2025,2025-07-05,Wales W,0-3,Netherlands Women's,Group Stage,si,3998842
3823,UEFA Women's Euro (F),2025,2025-07-06,Norway Women's,2-1,WNT Finland,Group Stage,si,3998845
3824,UEFA Women's Euro (F),2025,2025-07-06,Switzerland Women's,2-0,Iceland Women's,Group Stage,si,3998844
3825,UEFA Women's Euro (F),2025,2025-07-07,Portugal Women's,1-1,Italy Women's,Group Stage,si,3998846
3826,UEFA Women's Euro (F),2025,2025-07-07,Spain Women's,6-2,Belgium Women's,Group Stage,si,3998847
3827,UEFA Women's Euro (F),2025,2025-07-08,Germany Women's,2-1,Denmark Women's,Group Stage,si,3998849
3828,UEFA Women's Euro (F),2025,2025-07-08,Poland Women's,0-3,Sweden Women's,Group Stage,si,3998848
3829,UEFA Women's Euro (F),2025,2025-07-09,England Women's,4-0,Netherlands Women's,Group Stage,si,3998851
3830,UEFA Women's Euro (F),2025,2025-07-09,France Women's,4-1,Wales W,Group Stage,si,3998850
3831,UEFA Women's Euro (F),2025,2025-07-10,Norway Women's,4-3,Iceland Women's,Group Stage,si,3998853
3832,UEFA Women's Euro (F),2025,2025-07-10,WNT Finland,1-1,Switzerland Women's,Group Stage,si,3998852
3833,UEFA Women's Euro (F),2025,2025-07-11,Italy Women's,1-3,Spain Women's,Group Stage,si,3998855
3834,UEFA Women's Euro (F),2025,2025-07-11,Portugal Women's,1-2,Belgium Women's,Group Stage,si,3998854
3835,UEFA Women's Euro (F),2025,2025-07-12,Poland Women's,3-2,Denmark Women's,Group Stage,si,3998857
3836,UEFA Women's Euro (F),2025,2025-07-12,Sweden Women's,4-1,Germany Women's,Group Stage,si,3998856
3837,UEFA Women's Euro (F),2025,2025-07-13,England Women's,6-1,Wales W,Group Stage,si,3998858
3838,UEFA Women's Euro (F),2025,2025-07-13,Netherlands Women's,2-5,France Women's,Group Stage,si,3998859
3839,UEFA Women's Euro (F),2025,2025-07-16,Norway Women's,1-2,Italy Women's,Quarter-finals,si,4018354
3840,UEFA Women's Euro (F),2025,2025-07-17,Sweden Women's,2-2,England Women's,Quarter-finals,si,4018355
3841,UEFA Women's Euro (F),2025,2025-07-18,Spain Women's,2-0,Switzerland Women's,Quarter-finals,si,4018356
3842,UEFA Women's Euro (F),2025,2025-07-19,France Women's,1-1,Germany Women's,Quarter-finals,si,4018357
3843,UEFA Women's Euro (F),2025,2025-07-22,England Women's,2-1,Italy Women's,Semi-finals,si,4020005
3844,UEFA Women's Euro (F),2025,2025-07-23,Germany Women's,0-1,Spain Women's,Semi-finals,si,4020077
3845,UEFA Women's Euro (F),2025,2025-07-27,England Women's,1-1,Spain Women's,Final,si,4020846
3846,Women's World Cup (F),2019,2019-06-07,France Women's,4-0,Korea Republic Women's,Group Stage,,22921
3847,Women's World Cup (F),2019,2019-06-08,Germany Women's,1-0,China PR Women's,Group Stage,,22926
3848,Women's World Cup (F),2019,2019-06-08,Norway Women's,3-0,Nigeria Women's,Group Stage,,22924
3849,Women's World Cup (F),2019,2019-06-08,Spain Women's,3-1,South Africa Women's,Group Stage,,22930
3850,Women's World Cup (F),2019,2019-06-09,Australia Women's,1-2,Italy Women's,Group Stage,,22933
3851,Women's World Cup (F),2019,2019-06-09,Brazil Women's,3-0,Jamaica Women's,Group Stage,,22934
3852,Women's World Cup (F),2019,2019-06-09,England Women's,2-1,Scotland W,Group Stage,,22936
3853,Women's World Cup (F),2019,2019-06-10,Argentina Women's,0-0,Japan Women's,Group Stage,,22940
3854,Women's World Cup (F),2019,2019-06-10,Canada Women's,1-0,Cameroon W,Group Stage,,22939
3855,Women's World Cup (F),2019,2019-06-11,Chile Women's,0-2,Sweden Women's,Group Stage,,22944
3856,Women's World Cup (F),2019,2019-06-11,New Zealand Women's,0-1,Netherlands Women's,Group Stage,,22942
3857,Women's World Cup (F),2019,2019-06-11,United States Women's,13-0,Thailand W,Group Stage,,22943
3858,Women's World Cup (F),2019,2019-06-12,France Women's,2-1,Norway Women's,Group Stage,,22948
3859,Women's World Cup (F),2019,2019-06-12,Germany Women's,1-0,Spain Women's,Group Stage,,22949
3860,Women's World Cup (F),2019,2019-06-12,Nigeria Women's,2-0,Korea Republic Women's,Group Stage,,22945
3861,Women's World Cup (F),2019,2019-06-13,Australia Women's,3-2,Brazil Women's,Group Stage,,22955
3862,Women's World Cup (F),2019,2019-06-13,South Africa Women's,0-1,China PR Women's,Group Stage,,22956
3863,Women's World Cup (F),2019,2019-06-14,England Women's,1-0,Argentina Women's,Group Stage,,22962
3864,Women's World Cup (F),2019,2019-06-14,Jamaica Women's,0-5,Italy Women's,Group Stage,,22963
3865,Women's World Cup (F),2019,2019-06-14,Japan Women's,2-1,Scotland W,Group Stage,,22961
3866,Women's World Cup (F),2019,2019-06-15,Canada Women's,2-0,New Zealand Women's,Group Stage,,22966
3867,Women's World Cup (F),2019,2019-06-15,Netherlands Women's,3-1,Cameroon W,Group Stage,,22964
3868,Women's World Cup (F),2019,2019-06-16,Sweden Women's,5-1,Thailand W,Group Stage,,22973
3869,Women's World Cup (F),2019,2019-06-16,United States Women's,3-0,Chile Women's,Group Stage,,22974
3870,Women's World Cup (F),2019,2019-06-17,China PR Women's,0-0,Spain Women's,Group Stage,,22983
3871,Women's World Cup (F),2019,2019-06-17,Korea Republic Women's,1-2,Norway Women's,Group Stage,,22981
3872,Women's World Cup (F),2019,2019-06-17,Nigeria Women's,0-1,France Women's,Group Stage,,22980
3873,Women's World Cup (F),2019,2019-06-17,South Africa Women's,0-4,Germany Women's,Group Stage,,22984
3874,Women's World Cup (F),2019,2019-06-18,Italy Women's,0-1,Brazil Women's,Group Stage,,68312
3875,Women's World Cup (F),2019,2019-06-18,Jamaica Women's,1-4,Australia Women's,Group Stage,,68311
3876,Women's World Cup (F),2019,2019-06-19,Japan Women's,0-2,England Women's,Group Stage,,68337
3877,Women's World Cup (F),2019,2019-06-19,Scotland W,3-3,Argentina Women's,Group Stage,,68338
3878,Women's World Cup (F),2019,2019-06-20,Cameroon W,2-1,New Zealand Women's,Group Stage,,68346
3879,Women's World Cup (F),2019,2019-06-20,Netherlands Women's,2-1,Canada Women's,Group Stage,,68344
3880,Women's World Cup (F),2019,2019-06-20,Sweden Women's,0-2,United States Women's,Group Stage,,68345
3881,Women's World Cup (F),2019,2019-06-20,Thailand W,0-2,Chile Women's,Group Stage,,68343
3882,Women's World Cup (F),2019,2019-06-22,Germany Women's,3-0,Nigeria Women's,Round of 16,,68355
3883,Women's World Cup (F),2019,2019-06-22,Norway Women's,1-1,Australia Women's,Round of 16,,68357
3884,Women's World Cup (F),2019,2019-06-23,England Women's,3-0,Cameroon W,Round of 16,,68362
3885,Women's World Cup (F),2019,2019-06-23,France Women's,2-1,Brazil Women's,Round of 16,,69137
3886,Women's World Cup (F),2019,2019-06-24,Spain Women's,1-2,United States Women's,Round of 16,,69161
3887,Women's World Cup (F),2019,2019-06-24,Sweden Women's,1-0,Canada Women's,Round of 16,,69163
3888,Women's World Cup (F),2019,2019-06-25,Italy Women's,2-0,China PR Women's,Round of 16,,69191
3889,Women's World Cup (F),2019,2019-06-25,Netherlands Women's,2-1,Japan Women's,Round of 16,,69188
3890,Women's World Cup (F),2019,2019-06-27,Norway Women's,0-3,England Women's,Quarter-finals,,69199
3891,Women's World Cup (F),2019,2019-06-28,France Women's,1-2,United States Women's,Quarter-finals,,69202
3892,Women's World Cup (F),2019,2019-06-29,Germany Women's,1-2,Sweden Women's,Quarter-finals,,69208
3893,Women's World Cup (F),2019,2019-06-29,Italy Women's,0-2,Netherlands Women's,Quarter-finals,,69205
3894,Women's World Cup (F),2019,2019-07-02,England Women's,1-2,United States Women's,Semi-finals,,69258
3895,Women's World Cup (F),2019,2019-07-03,Netherlands Women's,1-0,Sweden Women's,Semi-finals,,69284
3896,Women's World Cup (F),2019,2019-07-06,England Women's,1-2,Sweden Women's,3rd Place Final,,69301
3897,Women's World Cup (F),2019,2019-07-07,United States Women's,2-0,Netherlands Women's,Final,,69321
3898,Women's World Cup (F),2023,2023-07-20,Australia Women's,1-0,Republic of Ireland Women's,Group Stage,si,3893788
3899,Women's World Cup (F),2023,2023-07-20,New Zealand Women's,1-0,Norway Women's,Group Stage,si,3893787
3900,Women's World Cup (F),2023,2023-07-21,Nigeria Women's,0-0,Canada Women's,Group Stage,si,3893790
3901,Women's World Cup (F),2023,2023-07-21,Philippines Women's,0-2,Switzerland Women's,Group Stage,si,3893789
3902,Women's World Cup (F),2023,2023-07-21,Spain Women's,3-0,Costa Rica Women's,Group Stage,si,3893791
3903,Women's World Cup (F),2023,2023-07-22,Denmark Women's,1-0,China PR Women's,Group Stage,si,3893795
3904,Women's World Cup (F),2023,2023-07-22,England Women's,1-0,Haiti Women's,Group Stage,si,3893794
3905,Women's World Cup (F),2023,2023-07-22,United States Women's,3-0,Vietnam Women's,Group Stage,si,3893792
3906,Women's World Cup (F),2023,2023-07-22,Zambia W,0-5,Japan Women's,Group Stage,si,3893793
3907,Women's World Cup (F),2023,2023-07-23,France Women's,0-0,Jamaica Women's,Group Stage,si,3893798
3908,Women's World Cup (F),2023,2023-07-23,Netherlands Women's,1-0,Portugal Women's,Group Stage,si,3893797
3909,Women's World Cup (F),2023,2023-07-23,Sweden Women's,2-1,South Africa Women's,Group Stage,si,3893796
3910,Women's World Cup (F),2023,2023-07-24,Brazil Women's,4-0,Panama Women's,Group Stage,si,3893801
3911,Women's World Cup (F),2023,2023-07-24,Germany Women's,6-0,Morocco Women's,Group Stage,si,3893799
3912,Women's World Cup (F),2023,2023-07-24,Italy Women's,1-0,Argentina Women's,Group Stage,si,3893800
3913,Women's World Cup (F),2023,2023-07-25,Colombia Women's,2-0,Korea Republic Women's,Group Stage,si,3893802
3914,Women's World Cup (F),2023,2023-07-25,New Zealand Women's,0-1,Philippines Women's,Group Stage,si,3893803
3915,Women's World Cup (F),2023,2023-07-25,Switzerland Women's,0-0,Norway Women's,Group Stage,si,3893804
3916,Women's World Cup (F),2023,2023-07-26,Canada Women's,2-1,Republic of Ireland Women's,Group Stage,si,3893807
3917,Women's World Cup (F),2023,2023-07-26,Japan Women's,2-0,Costa Rica Women's,Group Stage,si,3893805
3918,Women's World Cup (F),2023,2023-07-26,Spain Women's,5-0,Zambia W,Group Stage,si,3893806
3919,Women's World Cup (F),2023,2023-07-27,Australia Women's,2-3,Nigeria Women's,Group Stage,si,3893809
3920,Women's World Cup (F),2023,2023-07-27,Portugal Women's,2-0,Vietnam Women's,Group Stage,si,3893810
3921,Women's World Cup (F),2023,2023-07-27,United States Women's,1-1,Netherlands Women's,Group Stage,si,3893808
3922,Women's World Cup (F),2023,2023-07-28,Argentina Women's,2-2,South Africa Women's,Group Stage,si,3893812
3923,Women's World Cup (F),2023,2023-07-28,China PR Women's,1-0,Haiti Women's,Group Stage,si,3893813
3924,Women's World Cup (F),2023,2023-07-28,England Women's,1-0,Denmark Women's,Group Stage,si,3893811
3925,Women's World Cup (F),2023,2023-07-29,France Women's,2-1,Brazil Women's,Group Stage,si,3893815
3926,Women's World Cup (F),2023,2023-07-29,Panama Women's,0-1,Jamaica Women's,Group Stage,si,3893816
3927,Women's World Cup (F),2023,2023-07-29,Sweden Women's,5-0,Italy Women's,Group Stage,si,3893814
3928,Women's World Cup (F),2023,2023-07-30,Germany Women's,1-2,Colombia Women's,Group Stage,si,3893818
3929,Women's World Cup (F),2023,2023-07-30,Korea Republic Women's,0-1,Morocco Women's,Group Stage,si,3893819
3930,Women's World Cup (F),2023,2023-07-30,Norway Women's,6-0,Philippines Women's,Group Stage,si,3893820
3931,Women's World Cup (F),2023,2023-07-30,Switzerland Women's,0-0,New Zealand Women's,Group Stage,si,3893817
3932,Women's World Cup (F),2023,2023-07-31,Canada Women's,0-4,Australia Women's,Group Stage,si,3893821
3933,Women's World Cup (F),2023,2023-07-31,Costa Rica Women's,1-3,Zambia W,Group Stage,si,3893823
3934,Women's World Cup (F),2023,2023-07-31,Japan Women's,4-0,Spain Women's,Group Stage,si,3893822
3935,Women's World Cup (F),2023,2023-07-31,Republic of Ireland Women's,0-0,Nigeria Women's,Group Stage,si,3893824
3936,Women's World Cup (F),2023,2023-08-01,China PR Women's,1-6,England Women's,Group Stage,si,3893828
3937,Women's World Cup (F),2023,2023-08-01,Haiti Women's,0-2,Denmark Women's,Group Stage,si,3893825
3938,Women's World Cup (F),2023,2023-08-01,Portugal Women's,0-0,United States Women's,Group Stage,si,3893826
3939,Women's World Cup (F),2023,2023-08-01,Vietnam Women's,0-7,Netherlands Women's,Group Stage,si,3893827
3940,Women's World Cup (F),2023,2023-08-02,Argentina Women's,0-2,Sweden Women's,Group Stage,si,3893830
3941,Women's World Cup (F),2023,2023-08-02,Jamaica Women's,0-0,Brazil Women's,Group Stage,si,3893832
3942,Women's World Cup (F),2023,2023-08-02,Panama Women's,3-6,France Women's,Group Stage,si,3893829
3943,Women's World Cup (F),2023,2023-08-02,South Africa Women's,3-2,Italy Women's,Group Stage,si,3893831
3944,Women's World Cup (F),2023,2023-08-03,Korea Republic Women's,1-1,Germany Women's,Group Stage,si,3893833
3945,Women's World Cup (F),2023,2023-08-03,Morocco Women's,1-0,Colombia Women's,Group Stage,si,3893834
3946,Women's World Cup (F),2023,2023-08-05,Japan Women's,3-1,Norway Women's,Round of 16,si,3901734
3947,Women's World Cup (F),2023,2023-08-05,Switzerland Women's,1-5,Spain Women's,Round of 16,si,3901733
3948,Women's World Cup (F),2023,2023-08-06,Netherlands Women's,2-0,South Africa Women's,Round of 16,si,3901796
3949,Women's World Cup (F),2023,2023-08-06,Sweden Women's,0-0,United States Women's,Round of 16,si,3901797
3950,Women's World Cup (F),2023,2023-08-07,Australia Women's,2-0,Denmark Women's,Round of 16,si,3901736
3951,Women's World Cup (F),2023,2023-08-07,England Women's,0-0,Nigeria Women's,Round of 16,si,3901735
3952,Women's World Cup (F),2023,2023-08-08,Colombia Women's,1-0,Jamaica Women's,Round of 16,si,3901832
3953,Women's World Cup (F),2023,2023-08-08,France Women's,4-0,Morocco Women's,Round of 16,si,3901833
3954,Women's World Cup (F),2023,2023-08-11,Japan Women's,1-2,Sweden Women's,Quarter-finals,si,3902239
3955,Women's World Cup (F),2023,2023-08-11,Spain Women's,2-1,Netherlands Women's,Quarter-finals,si,3902240
3956,Women's World Cup (F),2023,2023-08-12,Australia Women's,0-0,France Women's,Quarter-finals,si,3902968
3957,Women's World Cup (F),2023,2023-08-12,England Women's,2-1,Colombia Women's,Quarter-finals,si,3902967
3958,Women's World Cup (F),2023,2023-08-15,Spain Women's,2-1,Sweden Women's,Semi-finals,si,3904628
3959,Women's World Cup (F),2023,2023-08-16,Australia Women's,1-3,England Women's,Semi-finals,si,3904629
3960,Women's World Cup (F),2023,2023-08-19,Sweden Women's,2-0,Australia Women's,3rd Place Final,si,3906389
3961,Women's World Cup (F),2023,2023-08-20,Spain Women's,1-0,England Women's,Final,si,3906390
