n,data,squadra,elo_pre,elo_post,prob_vittoria_attesa,partite_storia
1,2015-08-15,Bayer Leverkusen,1500,1512,58.5,0
1,2015-08-15,Hoffenheim,1500,1488,41.5,0
2,2015-08-22,Bayer Leverkusen,1512,1529,43.2,1
2,2015-08-22,Hannover 96,1500,1483,56.8,0
3,2015-08-29,Bayer Leverkusen,1529,1504,49.1,2
3,2015-08-29,Bayern Munich,1476,1502,50.9,4
4,2015-09-12,Bayer Leverkusen,1504,1486,59.1,3
4,2015-09-12,Darmstadt 98,1500,1518,40.9,0
5,2015-09-20,Bayer Leverkusen,1486,1464,41.8,4
5,2015-09-20,Borussia Dortmund,1483,1505,58.2,1
6,2015-09-23,Bayer Leverkusen,1464,1478,53.5,5
6,2015-09-23,FSV Mainz 05,1500,1486,46.5,0
7,2015-09-26,Bayer Leverkusen,1478,1510,38.4,6
7,2015-09-26,Werder Bremen,1500,1468,61.6,0
8,2015-10-04,Augsburg,1500,1503,40.0,0
8,2015-10-04,Bayer Leverkusen,1510,1507,60.0,7
9,2015-10-17,Bayer Leverkusen,1507,1510,42.5,8
9,2015-10-17,Hamburger SV,1500,1498,57.5,0
10,2015-10-24,Bayer Leverkusen,1510,1521,61.5,9
10,2015-10-24,VfB Stuttgart,1488,1476,38.5,1
11,2015-10-31,Bayer Leverkusen,1521,1508,44.4,10
11,2015-10-31,Wolfsburg,1500,1513,55.6,0
12,2015-11-07,Bayer Leverkusen,1508,1490,59.6,11
12,2015-11-07,FC Köln,1500,1518,40.4,0
13,2015-11-21,Bayer Leverkusen,1490,1517,40.0,12
13,2015-11-21,Eintracht Frankfurt,1500,1473,60.0,0
14,2015-11-29,Bayer Leverkusen,1517,1514,60.9,13
14,2015-11-29,Schalke 04,1500,1503,39.1,0
15,2015-12-05,Bayer Leverkusen,1514,1501,43.4,14
15,2015-12-05,Hertha Berlin,1500,1513,56.6,0
16,2015-12-12,Bayer Leverkusen,1501,1525,58.6,15
16,2015-12-12,Borussia Mönchengladbach,1500,1475,41.4,0
17,2015-12-19,Bayer Leverkusen,1525,1542,45.0,16
17,2015-12-19,Ingolstadt,1500,1484,55.0,0
18,2016-01-23,Bayer Leverkusen,1542,1542,49.2,17
18,2016-01-23,Hoffenheim,1488,1487,50.8,1
19,2016-01-30,Bayer Leverkusen,1542,1560,66.5,18
19,2016-01-30,Hannover 96,1483,1465,33.5,1
20,2016-02-06,Bayer Leverkusen,1560,1555,66.4,19
20,2016-02-06,Bayern Munich,1502,1507,33.6,5
21,2016-02-13,Bayer Leverkusen,1555,1571,46.7,20
21,2016-02-13,Darmstadt 98,1518,1502,53.3,1
22,2016-02-21,Bayer Leverkusen,1571,1551,67.3,21
22,2016-02-21,Borussia Dortmund,1505,1525,32.7,2
23,2016-02-28,Bayer Leverkusen,1551,1528,50.7,22
23,2016-02-28,FSV Mainz 05,1486,1509,49.3,1
24,2016-03-02,Bayer Leverkusen,1528,1493,66.6,23
24,2016-03-02,Werder Bremen,1468,1503,33.4,1
25,2016-03-05,Augsburg,1503,1500,60.0,1
25,2016-03-05,Bayer Leverkusen,1493,1496,40.0,24
26,2016-03-13,Bayer Leverkusen,1496,1508,58.3,25
26,2016-03-13,Hamburger SV,1498,1485,41.7,1
27,2016-03-20,Bayer Leverkusen,1508,1533,46.0,26
27,2016-03-20,VfB Stuttgart,1476,1452,54.0,2
28,2016-04-01,Bayer Leverkusen,1533,1553,61.2,27
28,2016-04-01,Wolfsburg,1513,1493,38.8,1
29,2016-04-10,Bayer Leverkusen,1553,1577,46.4,28
29,2016-04-10,FC Köln,1518,1494,53.6,1
30,2016-04-16,Bayer Leverkusen,1577,1592,72.0,29
30,2016-04-16,Eintracht Frankfurt,1473,1458,28.0,1
31,2016-04-23,Bayer Leverkusen,1592,1606,54.1,30
31,2016-04-23,Schalke 04,1503,1489,45.9,1
32,2016-04-30,Bayer Leverkusen,1606,1614,70.6,31
32,2016-04-30,Hertha Berlin,1513,1504,29.4,1
33,2016-05-07,Bayer Leverkusen,1614,1596,61.2,32
33,2016-05-07,Borussia Mönchengladbach,1475,1494,38.8,1
34,2016-05-14,Bayer Leverkusen,1596,1604,73.0,33
34,2016-05-14,Ingolstadt,1484,1475,27.0,1
35,2023-08-19,Bayer Leverkusen,1604,1613,72.0,34
35,2023-08-19,RB Leipzig,1500,1492,28.0,0
36,2023-08-26,Bayer Leverkusen,1613,1634,58.4,35
36,2023-08-26,Borussia Mönchengladbach,1494,1472,41.6,2
37,2023-09-02,Bayer Leverkusen,1634,1648,75.2,36
37,2023-09-02,Darmstadt 98,1502,1488,24.8,2
38,2023-09-15,Bayer Leverkusen,1648,1645,61.6,37
38,2023-09-15,Bayern Munich,1507,1510,38.4,6
39,2023-09-24,Bayer Leverkusen,1645,1657,76.5,38
39,2023-09-24,FC Heidenheim,1500,1488,23.5,0
40,2023-09-30,Bayer Leverkusen,1657,1677,62.5,39
40,2023-09-30,FSV Mainz 05,1509,1489,37.5,2
41,2023-10-08,Bayer Leverkusen,1677,1687,80.2,40
41,2023-10-08,FC Köln,1494,1483,19.8,2
42,2023-10-21,Bayer Leverkusen,1687,1697,68.4,41
42,2023-10-21,Wolfsburg,1493,1483,31.6,2
43,2023-10-29,Bayer Leverkusen,1697,1702,81.4,42
43,2023-10-29,Freiburg,1500,1494,18.6,0
44,2023-11-04,Bayer Leverkusen,1702,1711,70.9,43
44,2023-11-04,Hoffenheim,1487,1479,29.1,2
45,2023-11-12,Bayer Leverkusen,1711,1721,82.6,44
45,2023-11-12,Union Berlin,1500,1490,17.4,0
46,2023-11-25,Bayer Leverkusen,1721,1736,71.3,45
46,2023-11-25,Werder Bremen,1503,1488,28.7,2
47,2023-12-03,Bayer Leverkusen,1736,1726,82.6,46
47,2023-12-03,Borussia Dortmund,1525,1535,17.4,3
48,2023-12-10,Bayer Leverkusen,1726,1718,77.4,47
48,2023-12-10,VfB Stuttgart,1452,1460,22.6,3
49,2023-12-17,Bayer Leverkusen,1718,1725,86.3,48
49,2023-12-17,Eintracht Frankfurt,1458,1451,13.7,2
50,2023-12-20,Bayer Leverkusen,1725,1734,83.8,49
50,2023-12-20,Bochum,1500,1491,16.2,0
51,2024-01-13,Augsburg,1500,1492,26.8,2
51,2024-01-13,Bayer Leverkusen,1734,1742,73.2,50
52,2024-01-20,Bayer Leverkusen,1742,1750,75.0,51
52,2024-01-20,RB Leipzig,1492,1484,25.0,1
53,2024-01-27,Bayer Leverkusen,1750,1739,87.5,52
53,2024-01-27,Borussia Mönchengladbach,1472,1483,12.5,3
54,2024-02-03,Bayer Leverkusen,1739,1750,75.0,53
54,2024-02-03,Darmstadt 98,1488,1477,25.0,3
55,2024-02-10,Bayer Leverkusen,1750,1758,84.9,54
55,2024-02-10,Bayern Munich,1510,1502,15.1,7
56,2024-02-17,Bayer Leverkusen,1758,1765,77.0,55
56,2024-02-17,FC Heidenheim,1488,1481,23.0,1
57,2024-02-23,Bayer Leverkusen,1765,1768,87.3,56
57,2024-02-23,FSV Mainz 05,1489,1485,12.7,3
58,2024-03-03,Bayer Leverkusen,1768,1778,78.5,57
58,2024-03-03,FC Köln,1483,1474,21.5,3
59,2024-03-10,Bayer Leverkusen,1778,1783,88.5,58
59,2024-03-10,Wolfsburg,1483,1478,11.5,3
60,2024-03-17,Bayer Leverkusen,1783,1790,78.9,59
60,2024-03-17,Freiburg,1494,1488,21.1,1
61,2024-03-30,Bayer Leverkusen,1790,1793,89.4,60
61,2024-03-30,Hoffenheim,1479,1475,10.6,3
62,2024-04-06,Bayer Leverkusen,1793,1799,80.2,61
62,2024-04-06,Union Berlin,1490,1484,19.8,1
63,2024-04-14,Bayer Leverkusen,1799,1805,89.4,62
63,2024-04-14,Werder Bremen,1488,1481,10.6,3
64,2024-04-21,Bayer Leverkusen,1805,1797,77.0,63
64,2024-04-21,Borussia Dortmund,1535,1543,23.0,4
65,2024-04-27,Bayer Leverkusen,1797,1785,90.7,64
65,2024-04-27,VfB Stuttgart,1460,1473,9.3,4
66,2024-05-05,Bayer Leverkusen,1785,1794,82.8,65
66,2024-05-05,Eintracht Frankfurt,1451,1441,17.2,3
67,2024-05-12,Bayer Leverkusen,1794,1806,80.2,66
67,2024-05-12,Bochum,1491,1479,19.8,1
68,2024-05-18,Augsburg,1492,1489,10.4,3
68,2024-05-18,Bayer Leverkusen,1806,1809,89.6,67
69,2024-01-13,Côte d'Ivoire,1500,1522,50.0,0
69,2024-01-13,Guinea-Bissau,1500,1478,50.0,0
70,2024-01-14,Egypt,1449,1452,42.8,3
70,2024-01-14,Mozambique,1500,1498,57.2,0
71,2024-01-14,Cape Verde Islands,1500,1514,53.1,0
71,2024-01-14,Ghana,1478,1464,46.9,3
72,2024-01-14,Equatorial Guinea,1500,1499,51.8,0
72,2024-01-14,Nigeria,1487,1488,48.2,3
73,2024-01-15,Algeria,1500,1500,50.0,0
73,2024-01-15,Angola,1500,1500,50.0,0
74,2024-01-15,Cameroon,1506,1506,50.9,3
74,2024-01-15,Guinea,1500,1500,49.1,0
75,2024-01-15,Gambia,1500,1474,49.8,0
75,2024-01-15,Senegal,1501,1528,50.2,7
76,2024-01-16,Burkina Faso,1500,1515,50.0,0
76,2024-01-16,Mauritania,1500,1485,50.0,0
77,2024-01-16,Mali,1500,1522,50.0,0
77,2024-01-16,South Africa,1500,1478,50.0,0
78,2024-01-16,Namibia,1500,1514,52.7,0
78,2024-01-16,Tunisia,1481,1467,47.3,6
79,2024-01-17,Congo DR,1500,1500,50.0,0
79,2024-01-17,Zambia,1500,1500,50.0,0
80,2024-01-17,Morocco,1506,1532,50.9,10
80,2024-01-17,Tanzania,1500,1474,49.1,0
81,2024-01-18,Côte d'Ivoire,1522,1506,55.0,1
81,2024-01-18,Nigeria,1488,1504,45.0,4
82,2024-01-18,Egypt,1452,1452,48.2,4
82,2024-01-18,Ghana,1464,1463,51.8,4
83,2024-01-18,Equatorial Guinea,1499,1521,53.2,1
83,2024-01-18,Guinea-Bissau,1478,1456,46.8,1
84,2024-01-19,Cape Verde Islands,1514,1539,52.3,1
84,2024-01-19,Mozambique,1498,1473,47.7,1
85,2024-01-19,Gambia,1474,1460,46.2,1
85,2024-01-19,Guinea,1500,1514,53.8,1
86,2024-01-19,Cameroon,1506,1485,46.9,4
86,2024-01-19,Senegal,1528,1549,53.1,8
87,2024-01-20,Algeria,1500,1501,47.8,1
87,2024-01-20,Burkina Faso,1515,1514,52.2,1
88,2024-01-20,Angola,1500,1514,52.2,1
88,2024-01-20,Mauritania,1485,1471,47.8,1
89,2024-01-20,Mali,1522,1520,57.9,1
89,2024-01-20,Tunisia,1467,1469,42.1,7
90,2024-01-21,Congo DR,1500,1501,45.4,1
90,2024-01-21,Morocco,1532,1530,54.6,11
91,2024-01-21,Namibia,1514,1483,55.3,1
91,2024-01-21,South Africa,1478,1509,44.7,1
92,2024-01-21,Tanzania,1474,1475,46.3,1
92,2024-01-21,Zambia,1500,1499,53.7,1
93,2024-01-22,Cape Verde Islands,1539,1535,62.3,2
93,2024-01-22,Egypt,1452,1456,37.7,5
94,2024-01-22,Côte d'Ivoire,1506,1479,47.9,2
94,2024-01-22,Equatorial Guinea,1521,1547,52.1,2
95,2024-01-22,Guinea-Bissau,1456,1443,43.2,2
95,2024-01-22,Nigeria,1504,1517,56.8,5
96,2024-01-22,Ghana,1463,1464,48.7,5
96,2024-01-22,Mozambique,1473,1472,51.3,2
97,2024-01-23,Angola,1514,1537,50.0,2
97,2024-01-23,Burkina Faso,1514,1492,50.0,2
98,2024-01-23,Cameroon,1485,1499,53.6,5
98,2024-01-23,Gambia,1460,1446,46.4,2
99,2024-01-23,Guinea,1514,1494,45.0,2
99,2024-01-23,Senegal,1549,1569,55.0,9
100,2024-01-23,Algeria,1501,1484,54.3,2
100,2024-01-23,Mauritania,1471,1487,45.7,2
101,2024-01-24,Mali,1520,1519,55.3,2
101,2024-01-24,Namibia,1483,1485,44.7,2
102,2024-01-24,South Africa,1509,1507,55.6,2
102,2024-01-24,Tunisia,1469,1471,44.4,8
103,2024-01-24,Congo DR,1501,1500,53.7,2
103,2024-01-24,Tanzania,1475,1476,46.3,2
104,2024-01-24,Morocco,1530,1544,54.5,12
104,2024-01-24,Zambia,1499,1485,45.5,2
105,2024-01-27,Angola,1537,1559,57.4,3
105,2024-01-27,Namibia,1485,1462,42.6,3
106,2024-01-27,Cameroon,1499,1478,47.4,6
106,2024-01-27,Nigeria,1517,1538,52.6,6
107,2024-01-28,Congo DR,1500,1498,56.4,3
107,2024-01-28,Egypt,1456,1458,43.6,6
108,2024-01-28,Equatorial Guinea,1547,1530,57.7,3
108,2024-01-28,Guinea,1494,1511,42.3,3
109,2024-01-29,Cape Verde Islands,1535,1548,56.9,3
109,2024-01-29,Mauritania,1487,1474,43.1,3
110,2024-01-29,Côte d'Ivoire,1479,1483,37.3,3
110,2024-01-29,Senegal,1569,1565,62.7,10
111,2024-01-30,Burkina Faso,1492,1478,46.2,3
111,2024-01-30,Mali,1519,1532,53.8,3
112,2024-01-30,Morocco,1544,1519,55.3,13
112,2024-01-30,South Africa,1507,1532,44.7,3
113,2024-02-02,Congo DR,1498,1522,48.2,4
113,2024-02-02,Guinea,1511,1488,51.8,4
114,2024-02-02,Angola,1559,1543,53.0,4
114,2024-02-02,Nigeria,1538,1554,47.0,7
115,2024-02-03,Cape Verde Islands,1548,1548,52.4,4
115,2024-02-03,South Africa,1532,1533,47.6,4
116,2024-02-03,Côte d'Ivoire,1483,1500,42.9,4
116,2024-02-03,Mali,1532,1515,57.1,4
117,2024-02-07,Congo DR,1522,1506,53.1,5
117,2024-02-07,Côte d'Ivoire,1500,1516,46.9,5
118,2024-02-07,Nigeria,1554,1553,53.1,8
118,2024-02-07,South Africa,1533,1533,46.9,5
119,2024-02-10,Congo DR,1506,1507,46.0,6
119,2024-02-10,South Africa,1533,1532,54.0,6
120,2024-02-11,Côte d'Ivoire,1516,1533,44.6,6
120,2024-02-11,Nigeria,1553,1537,55.4,9
121,1971-06-02,Ajax,1500,1522,50.0,0
121,1971-06-02,Panathinaikos,1500,1478,50.0,0
122,1972-05-31,Ajax,1522,1544,53.2,1
122,1972-05-31,Inter Milan,1500,1479,46.8,0
123,1973-05-30,Ajax,1544,1557,56.2,2
123,1973-05-30,Juventus,1500,1487,43.8,0
124,1999-11-23,Fiorentina,1500,1522,50.0,0
124,1999-11-23,Manchester United,1500,1478,50.0,0
125,2004-05-26,AS Monaco,1500,1474,50.0,0
125,2004-05-26,FC Porto,1500,1526,50.0,0
126,2005-05-25,AC Milan,1500,1499,53.0,0
126,2005-05-25,Liverpool,1479,1480,47.0,2
127,2007-05-23,AC Milan,1499,1513,52.7,1
127,2007-05-23,Liverpool,1480,1466,47.3,3
128,2009-05-27,Barcelona,1780,1787,84.2,112
128,2009-05-27,Manchester United,1490,1483,15.8,3
129,2010-05-22,Bayern Munich,1481,1458,50.3,1
129,2010-05-22,Inter Milan,1479,1502,49.7,1
130,2011-05-28,Barcelona,1873,1877,90.4,181
130,2011-05-28,Manchester United,1483,1478,9.6,4
131,2012-05-19,Bayern Munich,1458,1459,46.5,2
131,2012-05-19,Chelsea,1483,1482,53.5,2
132,2013-05-25,Bayern Munich,1459,1476,44.1,3
132,2013-05-25,Borussia Dortmund,1500,1483,55.9,0
133,2014-05-24,Atlético Madrid,1552,1525,50.4,16
133,2014-05-24,Real Madrid,1549,1575,49.6,18
134,2015-06-06,Barcelona,1849,1854,90.3,320
134,2015-06-06,Juventus,1461,1457,9.7,2
135,2016-05-28,Atlético Madrid,1731,1734,40.2,57
135,2016-05-28,Real Madrid,1800,1797,59.8,59
136,2017-06-03,Juventus,1760,1735,46.5,41
136,2017-06-03,Real Madrid,1784,1809,53.5,62
137,2018-05-26,Liverpool,1559,1550,20.9,42
137,2018-05-26,Real Madrid,1791,1800,79.1,65
138,2019-06-01,Liverpool,1550,1577,40.2,43
138,2019-06-01,Tottenham Hotspur,1618,1592,59.8,40
139,2024-06-21,Argentina,1582,1596,67.7,16
139,2024-06-21,Canada,1453,1439,32.3,3
140,2024-06-22,Ecuador,1510,1494,51.4,3
140,2024-06-22,Venezuela,1500,1515,48.6,0
141,2024-06-22,Chile,1500,1499,52.8,0
141,2024-06-22,Peru,1480,1481,47.2,4
142,2024-06-23,Jamaica,1500,1483,55.3,0
142,2024-06-23,Mexico,1463,1480,44.7,8
143,2024-06-23,Bolivia,1500,1478,49.8,0
143,2024-06-23,United States,1502,1524,50.2,4
144,2024-06-24,Colombia,1525,1539,53.7,4
144,2024-06-24,Paraguay,1500,1486,46.3,0
145,2024-06-24,Panama,1429,1413,36.0,3
145,2024-06-24,Uruguay,1529,1545,64.0,9
146,2024-06-25,Brazil,1644,1636,76.3,21
146,2024-06-25,Costa Rica,1441,1449,23.7,6
147,2024-06-25,Canada,1439,1455,43.9,4
147,2024-06-25,Peru,1481,1464,56.1,5
148,2024-06-26,Argentina,1596,1607,63.6,17
148,2024-06-26,Chile,1499,1488,36.4,1
149,2024-06-26,Ecuador,1494,1516,51.6,4
149,2024-06-26,Jamaica,1483,1462,48.4,1
150,2024-06-27,Panama,1413,1433,34.5,4
150,2024-06-27,United States,1524,1504,65.5,5
151,2024-06-27,Mexico,1480,1466,44.9,9
151,2024-06-27,Venezuela,1515,1529,55.1,1
152,2024-06-28,Colombia,1539,1559,62.7,5
152,2024-06-28,Costa Rica,1449,1429,37.3,7
153,2024-06-28,Bolivia,1478,1453,40.4,1
153,2024-06-28,Uruguay,1545,1569,59.6,10
154,2024-06-29,Brazil,1636,1651,70.3,22
154,2024-06-29,Paraguay,1486,1471,29.7,1
155,2024-06-30,Argentina,1607,1621,69.4,18
155,2024-06-30,Peru,1464,1451,30.6,6
156,2024-06-30,Canada,1455,1457,45.3,5
156,2024-06-30,Chile,1488,1487,54.7,2
157,2024-07-01,Jamaica,1462,1440,40.4,2
157,2024-07-01,Venezuela,1529,1550,59.6,2
158,2024-07-01,Ecuador,1516,1514,57.1,5
158,2024-07-01,Mexico,1466,1468,42.9,10
159,2024-07-02,Bolivia,1453,1430,53.0,2
159,2024-07-02,Panama,1433,1456,47.0,5
160,2024-07-02,United States,1504,1492,40.8,6
160,2024-07-02,Uruguay,1569,1582,59.2,11
161,2024-07-03,Brazil,1651,1648,63.0,23
161,2024-07-03,Colombia,1559,1563,37.0,6
162,2024-07-03,Costa Rica,1429,1446,44.1,8
162,2024-07-03,Paraguay,1471,1454,55.9,2
163,2024-07-05,Argentina,1621,1616,64.9,19
163,2024-07-05,Ecuador,1514,1518,35.1,6
164,2024-07-06,Colombia,1563,1584,64.8,7
164,2024-07-06,Panama,1456,1435,35.2,6
165,2024-07-06,Canada,1457,1461,36.9,6
165,2024-07-06,Venezuela,1550,1546,63.1,3
166,2024-07-07,Brazil,1648,1645,59.4,24
166,2024-07-07,Uruguay,1582,1584,40.6,12
167,2024-07-10,Argentina,1616,1629,71.0,20
167,2024-07-10,Canada,1461,1448,29.0,7
168,2024-07-11,Colombia,1584,1599,49.9,8
168,2024-07-11,Uruguay,1584,1569,50.1,13
169,2024-07-14,Canada,1448,1453,33.2,8
169,2024-07-14,Uruguay,1569,1564,66.8,14
170,2024-07-15,Argentina,1629,1643,54.4,21
170,2024-07-15,Colombia,1599,1585,45.6,9
171,1978-04-19,Barcelona,1535,1555,55.0,1
171,1978-04-19,Las Palmas,1500,1480,45.0,0
172,1983-06-04,Barcelona,1555,1567,62.7,2
172,1983-06-04,Real Madrid,1465,1454,37.3,1
173,1984-05-05,Athletic Club,1500,1518,40.5,0
173,1984-05-05,Barcelona,1567,1549,59.5,3
174,2018-09-09,Arsenal WFC,1500,1525,58.5,0
174,2018-09-09,Liverpool WFC,1500,1475,41.5,0
175,2018-09-09,Birmingham City WFC,1500,1512,58.5,0
175,2018-09-09,Everton LFC,1500,1488,41.5,0
176,2018-09-09,Brighton & Hove Albion WFC,1500,1482,58.5,0
176,2018-09-09,Bristol City WFC,1500,1518,41.5,0
177,2018-09-09,Chelsea FCW,1500,1497,58.5,0
177,2018-09-09,Manchester City WFC,1500,1503,41.5,0
178,2018-09-09,Reading WFC,1500,1523,58.5,0
178,2018-09-09,Yeovil Town LFC,1500,1477,41.5,0
179,2018-09-19,Bristol City WFC,1518,1514,61.3,1
179,2018-09-19,Chelsea FCW,1497,1501,38.7,1
180,2018-09-19,Reading WFC,1523,1525,44.7,1
180,2018-09-19,West Ham United LFC,1500,1498,55.3,0
181,2018-09-19,Arsenal WFC,1525,1560,48.3,1
181,2018-09-19,Yeovil Town LFC,1477,1442,51.7,1
182,2018-09-20,Everton LFC,1488,1456,56.4,1
182,2018-09-20,Manchester City WFC,1503,1534,43.6,1
183,2018-09-23,Arsenal WFC,1560,1570,66.8,2
183,2018-09-23,West Ham United LFC,1498,1488,33.2,1
184,2018-09-23,Brighton & Hove Albion WFC,1482,1465,59.6,1
184,2018-09-23,Liverpool WFC,1475,1493,40.4,1
185,2018-09-23,Chelsea FCW,1501,1501,47.8,2
185,2018-09-23,Everton LFC,1456,1455,52.2,2
186,2018-09-23,Bristol City WFC,1514,1518,38.7,2
186,2018-09-23,Manchester City WFC,1534,1531,61.3,2
187,2018-09-23,Birmingham City WFC,1512,1531,39.7,1
187,2018-09-23,Reading WFC,1525,1507,60.3,2
188,2018-09-30,Birmingham City WFC,1531,1513,58.5,2
188,2018-09-30,Manchester City WFC,1531,1548,41.5,3
189,2018-09-30,Brighton & Hove Albion WFC,1465,1448,36.4,2
189,2018-09-30,Chelsea FCW,1501,1518,63.6,3
190,2018-09-30,Liverpool WFC,1493,1476,56.6,2
190,2018-09-30,Reading WFC,1507,1524,43.4,3
191,2018-09-30,West Ham United LFC,1488,1499,64.9,2
191,2018-09-30,Yeovil Town LFC,1442,1431,35.1,2
192,2018-10-14,Birmingham City WFC,1513,1531,40.8,3
192,2018-10-14,Bristol City WFC,1518,1500,59.2,3
193,2018-10-14,Arsenal WFC,1570,1600,48.8,3
193,2018-10-14,Chelsea FCW,1518,1487,51.2,4
194,2018-10-14,Brighton & Hove Albion WFC,1448,1451,40.5,3
194,2018-10-14,Everton LFC,1455,1452,59.5,3
195,2018-10-14,Liverpool WFC,1476,1487,64.6,3
195,2018-10-14,Yeovil Town LFC,1431,1421,35.4,3
196,2018-10-14,Manchester City WFC,1548,1571,65.3,4
196,2018-10-14,West Ham United LFC,1499,1477,34.7,3
197,2018-10-21,Arsenal WFC,1600,1620,68.7,4
197,2018-10-21,Reading WFC,1524,1504,31.3,4
198,2018-10-21,Birmingham City WFC,1531,1526,64.5,4
198,2018-10-21,Chelsea FCW,1487,1492,35.5,5
199,2018-10-21,Brighton & Hove Albion WFC,1451,1425,41.5,4
199,2018-10-21,Manchester City WFC,1571,1597,58.5,5
200,2018-10-21,Liverpool WFC,1487,1504,42.8,4
200,2018-10-21,West Ham United LFC,1477,1460,57.2,4
201,2018-10-21,Bristol City WFC,1500,1514,52.8,4
201,2018-10-21,Yeovil Town LFC,1421,1406,47.2,4
202,2018-10-26,Manchester City WFC,1597,1591,70.7,6
202,2018-10-26,Reading WFC,1504,1510,29.3,5
203,2018-10-28,Brighton & Hove Albion WFC,1425,1436,61.1,5
203,2018-10-28,Yeovil Town LFC,1406,1395,38.9,5
204,2018-10-28,Arsenal WFC,1620,1645,56.6,5
204,2018-10-28,Bristol City WFC,1514,1490,43.4,5
205,2018-10-28,Chelsea FCW,1492,1504,56.8,6
205,2018-10-28,Liverpool WFC,1504,1491,43.2,5
206,2018-10-28,Everton LFC,1452,1435,57.5,4
206,2018-10-28,West Ham United LFC,1460,1477,42.5,5
207,2018-11-04,Arsenal WFC,1645,1657,73.6,6
207,2018-11-04,Birmingham City WFC,1526,1515,26.4,5
208,2018-11-04,Liverpool WFC,1491,1468,44.3,6
208,2018-11-04,Manchester City WFC,1591,1614,55.7,7
209,2018-11-04,Bristol City WFC,1490,1469,38.6,6
209,2018-11-04,Reading WFC,1510,1530,61.4,6
210,2018-11-04,Chelsea FCW,1504,1529,45.3,7
210,2018-11-04,West Ham United LFC,1477,1452,54.7,6
211,2018-11-04,Everton LFC,1435,1421,47.2,5
211,2018-11-04,Yeovil Town LFC,1395,1409,52.8,6
212,2018-11-17,Bristol City WFC,1469,1482,58.8,7
212,2018-11-17,Liverpool WFC,1468,1455,41.2,7
213,2018-11-18,Birmingham City WFC,1515,1532,66.9,6
213,2018-11-18,West Ham United LFC,1452,1435,33.1,7
214,2018-11-18,Brighton & Hove Albion WFC,1436,1413,45.1,6
214,2018-11-18,Reading WFC,1530,1554,54.9,7
215,2018-11-18,Chelsea FCW,1529,1545,73.8,8
215,2018-11-18,Yeovil Town LFC,1409,1393,26.2,7
216,2018-11-18,Arsenal WFC,1657,1672,73.3,7
216,2018-11-18,Everton LFC,1421,1406,26.7,6
217,2018-11-25,Arsenal WFC,1672,1679,86.3,8
217,2018-11-25,Brighton & Hove Albion WFC,1413,1405,13.7,7
218,2018-11-25,Birmingham City WFC,1532,1553,52.4,7
218,2018-11-25,Liverpool WFC,1455,1434,47.6,8
219,2018-11-25,Everton LFC,1406,1399,23.2,7
219,2018-11-25,Reading WFC,1554,1561,76.8,8
220,2018-11-25,Bristol City WFC,1482,1460,48.1,8
220,2018-11-25,West Ham United LFC,1435,1457,51.9,8
221,2018-11-25,Manchester City WFC,1614,1630,71.6,8
221,2018-11-25,Yeovil Town LFC,1393,1377,28.4,8
222,2018-12-02,Birmingham City WFC,1553,1559,79.6,8
222,2018-12-02,Yeovil Town LFC,1377,1371,20.4,9
223,2018-12-02,Brighton & Hove Albion WFC,1405,1390,51.3,8
223,2018-12-02,West Ham United LFC,1457,1472,48.7,9
224,2018-12-02,Chelsea FCW,1545,1558,56.3,9
224,2018-12-02,Reading WFC,1561,1548,43.7,9
225,2018-12-02,Everton LFC,1399,1413,53.6,8
225,2018-12-02,Liverpool WFC,1434,1420,46.4,9
226,2018-12-02,Arsenal WFC,1679,1657,48.4,9
226,2018-12-02,Manchester City WFC,1630,1652,51.6,9
227,2018-12-09,Brighton & Hove Albion WFC,1390,1370,35.0,9
227,2018-12-09,Chelsea FCW,1558,1578,65.0,10
228,2018-12-09,Bristol City WFC,1460,1483,48.2,9
228,2018-12-09,Everton LFC,1413,1390,51.8,9
229,2018-12-09,Birmingham City WFC,1559,1551,29.4,9
229,2018-12-09,Manchester City WFC,1652,1661,70.6,10
230,2018-12-09,Liverpool WFC,1420,1427,25.3,10
230,2018-12-09,Reading WFC,1548,1540,74.7,10
231,2018-12-09,West Ham United LFC,1472,1498,55.9,10
231,2018-12-09,Yeovil Town LFC,1371,1345,44.1,10
232,2019-01-06,Birmingham City WFC,1551,1563,60.0,10
232,2019-01-06,Reading WFC,1540,1528,40.0,11
233,2019-01-06,Bristol City WFC,1483,1488,33.7,10
233,2019-01-06,Manchester City WFC,1661,1656,66.3,11
234,2019-01-06,Chelsea FCW,1578,1588,80.7,11
234,2019-01-06,Everton LFC,1390,1379,19.3,10
235,2019-01-06,Brighton & Hove Albion WFC,1370,1400,33.8,10
235,2019-01-06,Liverpool WFC,1427,1397,66.2,11
236,2019-01-06,Arsenal WFC,1657,1673,63.8,10
236,2019-01-06,West Ham United LFC,1498,1482,36.2,11
237,2019-01-13,Arsenal WFC,1673,1652,69.8,11
237,2019-01-13,Chelsea FCW,1588,1609,30.2,12
238,2019-01-13,Birmingham City WFC,1563,1542,68.4,11
238,2019-01-13,Bristol City WFC,1488,1509,31.6,11
239,2019-01-13,Brighton & Hove Albion WFC,1400,1397,61.4,11
239,2019-01-13,Everton LFC,1379,1383,38.6,11
240,2019-01-13,Manchester City WFC,1656,1671,65.8,12
240,2019-01-13,West Ham United LFC,1482,1467,34.2,12
241,2019-01-13,Liverpool WFC,1397,1413,49.0,12
241,2019-01-13,Yeovil Town LFC,1345,1329,51.0,11
242,2019-01-27,Bristol City WFC,1509,1515,79.9,12
242,2019-01-27,Yeovil Town LFC,1329,1323,20.1,12
243,2019-01-27,Birmingham City WFC,1542,1562,32.6,12
243,2019-01-27,Chelsea FCW,1609,1588,67.4,13
244,2019-01-27,Brighton & Hove Albion WFC,1397,1390,12.7,12
244,2019-01-27,Manchester City WFC,1671,1678,87.3,13
245,2019-01-27,Arsenal WFC,1652,1674,59.1,12
245,2019-01-27,Reading WFC,1528,1507,40.9,12
246,2019-01-28,Liverpool WFC,1413,1428,50.9,13
246,2019-01-28,West Ham United LFC,1467,1452,49.1,13
247,2019-02-10,Brighton & Hove Albion WFC,1390,1397,25.7,13
247,2019-02-10,Bristol City WFC,1515,1508,74.3,13
248,2019-02-10,Chelsea FCW,1588,1594,29.7,14
248,2019-02-10,Manchester City WFC,1678,1672,70.3,14
249,2019-02-20,Arsenal WFC,1674,1678,91.4,13
249,2019-02-20,Yeovil Town LFC,1323,1319,8.6,13
250,2019-02-20,Birmingham City WFC,1562,1543,64.7,13
250,2019-02-20,Brighton & Hove Albion WFC,1397,1417,35.3,14
251,2019-02-20,Bristol City WFC,1508,1488,30.0,14
251,2019-02-20,Chelsea FCW,1594,1614,70.0,15
252,2019-02-20,Everton LFC,1383,1377,11.8,12
252,2019-02-20,Manchester City WFC,1672,1677,88.2,15
253,2019-02-20,Reading WFC,1507,1487,66.0,13
253,2019-02-20,West Ham United LFC,1452,1472,34.0,14
254,2019-03-13,Chelsea FCW,1614,1632,67.4,16
254,2019-03-13,Liverpool WFC,1428,1409,32.6,14
255,2019-03-13,Manchester City WFC,1677,1687,67.9,16
255,2019-03-13,Reading WFC,1487,1478,32.1,14
256,2019-03-13,Everton LFC,1377,1399,29.1,13
256,2019-03-13,West Ham United LFC,1472,1451,70.9,15
257,2019-03-13,Brighton & Hove Albion WFC,1417,1415,55.4,15
257,2019-03-13,Yeovil Town LFC,1319,1320,44.6,14
258,2019-03-14,Arsenal WFC,1678,1689,80.8,14
258,2019-03-14,Bristol City WFC,1488,1478,19.2,15
259,2019-03-24,Bristol City WFC,1478,1487,69.0,16
259,2019-03-24,Everton LFC,1399,1389,31.0,14
260,2019-03-24,Arsenal WFC,1689,1702,78.0,15
260,2019-03-24,Liverpool WFC,1409,1397,22.0,15
261,2019-03-31,Arsenal WFC,1702,1712,63.8,16
261,2019-03-31,Birmingham City WFC,1543,1532,36.2,14
262,2019-03-31,Bristol City WFC,1487,1469,59.9,17
262,2019-03-31,Reading WFC,1478,1495,40.1,15
263,2019-03-31,Chelsea FCW,1632,1623,80.1,17
263,2019-03-31,West Ham United LFC,1451,1460,19.9,16
264,2019-03-31,Everton LFC,1389,1369,67.8,15
264,2019-03-31,Yeovil Town LFC,1320,1341,32.2,15
265,2019-03-31,Liverpool WFC,1397,1393,11.8,16
265,2019-03-31,Manchester City WFC,1687,1690,88.2,17
266,2019-04-17,Birmingham City WFC,1532,1548,64.4,15
266,2019-04-17,Everton LFC,1369,1353,35.6,16
267,2019-04-17,Reading WFC,1495,1518,63.3,16
267,2019-04-17,Yeovil Town LFC,1341,1319,36.7,16
268,2019-04-20,Brighton & Hove Albion WFC,1415,1407,28.2,16
268,2019-04-20,Reading WFC,1518,1526,71.8,17
269,2019-04-21,Arsenal WFC,1712,1715,91.8,17
269,2019-04-21,Everton LFC,1353,1351,8.2,17
270,2019-04-21,Bristol City WFC,1469,1442,52.2,18
270,2019-04-21,Liverpool WFC,1393,1421,47.8,17
271,2019-04-21,Birmingham City WFC,1548,1562,54.1,16
271,2019-04-21,West Ham United LFC,1460,1446,45.9,17
272,2019-04-28,Birmingham City WFC,1562,1573,76.1,17
272,2019-04-28,Liverpool WFC,1421,1410,23.9,18
273,2019-04-28,Arsenal WFC,1715,1726,80.7,18
273,2019-04-28,Brighton & Hove Albion WFC,1407,1396,19.3,17
274,2019-04-28,Bristol City WFC,1442,1424,57.9,19
274,2019-04-28,West Ham United LFC,1446,1463,42.1,18
275,2019-04-28,Everton LFC,1351,1370,34.0,18
275,2019-04-28,Reading WFC,1526,1506,66.0,18
276,2019-04-28,Manchester City WFC,1690,1693,92.3,18
276,2019-04-28,Yeovil Town LFC,1319,1316,7.7,17
277,2019-05-11,Arsenal WFC,1726,1737,63.1,19
277,2019-05-11,Manchester City WFC,1693,1681,36.9,19
278,2019-05-11,Chelsea FCW,1623,1636,58.1,18
278,2019-05-11,Reading WFC,1506,1494,41.9,19
279,2019-05-11,Brighton & Hove Albion WFC,1396,1434,32.4,18
279,2019-05-11,West Ham United LFC,1463,1425,67.6,19
280,2019-05-11,Birmingham City WFC,1573,1584,75.6,18
280,2019-05-11,Yeovil Town LFC,1316,1305,24.4,18
281,2019-09-07,Brighton & Hove Albion WFC,1434,1436,42.8,19
281,2019-09-07,Bristol City WFC,1424,1422,57.2,20
282,2019-09-07,Manchester City WFC,1681,1687,80.1,20
282,2019-09-07,Manchester United W,1500,1494,19.9,0
283,2019-09-08,Arsenal WFC,1737,1740,89.5,20
283,2019-09-08,West Ham United LFC,1425,1422,10.5,20
284,2019-09-08,Birmingham City WFC,1584,1559,82.8,19
284,2019-09-08,Everton LFC,1370,1395,17.2,19
285,2019-09-08,Chelsea FCW,1636,1643,75.5,19
285,2019-09-08,Tottenham Hotspur Women,1500,1493,24.5,0
286,2019-09-08,Liverpool WFC,1410,1396,46.6,19
286,2019-09-08,Reading WFC,1494,1508,53.4,20
287,2019-09-15,Brighton & Hove Albion WFC,1436,1442,30.0,20
287,2019-09-15,Chelsea FCW,1643,1637,70.0,20
288,2019-09-15,Bristol City WFC,1422,1402,45.2,21
288,2019-09-15,Everton LFC,1395,1416,54.8,20
289,2019-09-15,Manchester City WFC,1687,1703,66.6,21
289,2019-09-15,Reading WFC,1508,1493,33.4,21
290,2019-09-15,Liverpool WFC,1396,1387,28.9,20
290,2019-09-15,Tottenham Hotspur Women,1493,1501,71.1,1
291,2019-09-15,Birmingham City WFC,1559,1541,60.9,20
291,2019-09-15,West Ham United LFC,1422,1440,39.1,21
292,2019-09-16,Arsenal WFC,1740,1748,74.5,21
292,2019-09-16,Manchester United W,1494,1486,25.5,1
293,2019-09-28,Liverpool WFC,1387,1374,28.6,21
293,2019-09-28,Manchester United W,1486,1499,71.4,2
294,2019-09-29,Arsenal WFC,1748,1754,89.1,22
294,2019-09-29,Brighton & Hove Albion WFC,1442,1436,10.9,21
295,2019-09-29,Bristol City WFC,1402,1387,26.7,22
295,2019-09-29,Chelsea FCW,1637,1652,73.3,21
296,2019-09-29,Everton LFC,1416,1409,21.3,21
296,2019-09-29,Manchester City WFC,1703,1709,78.7,22
297,2019-09-29,Tottenham Hotspur Women,1501,1524,50.1,2
297,2019-09-29,West Ham United LFC,1440,1418,49.9,22
298,2019-10-12,Birmingham City WFC,1541,1529,21.2,21
298,2019-10-12,Manchester City WFC,1709,1720,78.8,23
299,2019-10-13,Brighton & Hove Albion WFC,1436,1408,61.0,22
299,2019-10-13,West Ham United LFC,1418,1445,39.0,23
300,2019-10-13,Arsenal WFC,1754,1737,56.0,23
300,2019-10-13,Chelsea FCW,1652,1669,44.0,22
301,2019-10-13,Bristol City WFC,1387,1389,43.2,23
301,2019-10-13,Liverpool WFC,1374,1372,56.8,22
302,2019-10-13,Everton LFC,1409,1400,30.5,22
302,2019-10-13,Reading WFC,1493,1502,69.5,22
303,2019-10-13,Manchester United W,1499,1532,38.1,3
303,2019-10-13,Tottenham Hotspur Women,1524,1491,61.9,3
304,2019-10-27,Arsenal WFC,1737,1749,60.9,24
304,2019-10-27,Manchester City WFC,1720,1708,39.1,24
305,2019-10-27,Birmingham City WFC,1529,1539,77.7,22
305,2019-10-27,Liverpool WFC,1372,1362,22.3,23
306,2019-10-27,Bristol City WFC,1389,1375,43.9,24
306,2019-10-27,Tottenham Hotspur Women,1491,1504,56.1,4
307,2019-10-27,Brighton & Hove Albion WFC,1408,1389,42.6,23
307,2019-10-27,Everton LFC,1400,1419,57.4,23
308,2019-10-27,Manchester United W,1532,1549,62.7,4
308,2019-10-27,Reading WFC,1502,1485,37.3,23
309,2019-10-27,Chelsea FCW,1669,1681,71.9,23
309,2019-10-27,West Ham United LFC,1445,1433,28.1,24
310,2019-11-17,Birmingham City WFC,1539,1507,62.7,23
310,2019-11-17,Brighton & Hove Albion WFC,1389,1422,37.3,24
311,2019-11-17,Chelsea FCW,1681,1689,75.2,24
311,2019-11-17,Manchester United W,1549,1541,24.8,5
312,2019-11-17,Everton LFC,1419,1434,49.6,24
312,2019-11-17,Liverpool WFC,1362,1347,50.4,24
313,2019-11-17,Manchester City WFC,1708,1716,87.3,25
313,2019-11-17,West Ham United LFC,1433,1425,12.7,25
314,2019-11-17,Bristol City WFC,1375,1382,27.4,25
314,2019-11-17,Reading WFC,1485,1478,72.6,24
315,2019-11-17,Arsenal WFC,1749,1760,74.3,25
315,2019-11-17,Tottenham Hotspur Women,1504,1493,25.7,5
316,2019-11-24,Arsenal WFC,1760,1762,93.8,26
316,2019-11-24,Liverpool WFC,1347,1345,6.2,25
317,2019-11-24,Birmingham City WFC,1507,1485,33.1,24
317,2019-11-24,Chelsea FCW,1689,1710,66.9,25
318,2019-11-24,Bristol City WFC,1382,1372,17.1,26
318,2019-11-24,Manchester City WFC,1716,1726,82.9,26
319,2019-11-24,Everton LFC,1434,1457,50.2,25
319,2019-11-24,Tottenham Hotspur Women,1493,1470,49.8,6
320,2019-11-24,Brighton & Hove Albion WFC,1422,1407,26.3,25
320,2019-11-24,Manchester United W,1541,1556,73.7,6
321,2019-11-24,Reading WFC,1478,1493,49.0,25
321,2019-11-24,West Ham United LFC,1425,1410,51.0,26
322,2019-11-29,Brighton & Hove Albion WFC,1407,1408,46.2,26
322,2019-11-29,Reading WFC,1493,1492,53.8,26
323,2019-12-01,Arsenal WFC,1762,1768,93.0,27
323,2019-12-01,Bristol City WFC,1372,1366,7.0,27
324,2019-12-01,Liverpool WFC,1345,1343,7.3,26
324,2019-12-01,Manchester City WFC,1726,1728,92.7,27
325,2019-12-01,Manchester United W,1556,1537,62.1,7
325,2019-12-01,West Ham United LFC,1410,1428,37.9,27
326,2019-12-04,Birmingham City WFC,1485,1482,60.6,25
326,2019-12-04,Tottenham Hotspur Women,1470,1474,39.4,7
327,2019-12-08,Birmingham City WFC,1482,1501,58.0,26
327,2019-12-08,Bristol City WFC,1366,1348,42.0,28
328,2019-12-08,Chelsea FCW,1710,1723,55.9,26
328,2019-12-08,Manchester City WFC,1728,1715,44.1,28
329,2019-12-08,Liverpool WFC,1343,1344,46.4,27
329,2019-12-08,West Ham United LFC,1428,1427,53.6,28
330,2019-12-08,Everton LFC,1457,1443,30.8,26
330,2019-12-08,Manchester United W,1537,1551,69.2,8
331,2019-12-08,Arsenal WFC,1768,1779,77.5,28
331,2019-12-08,Reading WFC,1492,1480,22.5,27
332,2019-12-08,Brighton & Hove Albion WFC,1408,1399,32.7,27
332,2019-12-08,Tottenham Hotspur Women,1474,1483,67.3,8
333,2019-12-15,Arsenal WFC,1779,1787,83.1,29
333,2019-12-15,Everton LFC,1443,1435,16.9,27
334,2019-12-15,Chelsea FCW,1723,1712,86.2,27
334,2019-12-15,Liverpool WFC,1344,1355,13.8,28
335,2019-12-15,Brighton & Hove Albion WFC,1399,1392,10.3,28
335,2019-12-15,Manchester City WFC,1715,1721,89.7,29
336,2019-12-15,Reading WFC,1480,1499,58.1,28
336,2019-12-15,Tottenham Hotspur Women,1483,1465,41.9,9
337,2020-01-05,Arsenal WFC,1787,1792,88.0,30
337,2020-01-05,Birmingham City WFC,1501,1496,12.0,27
338,2020-01-05,Brighton & Hove Albion WFC,1392,1403,63.6,29
338,2020-01-05,Liverpool WFC,1355,1344,36.4,29
339,2020-01-05,Chelsea FCW,1712,1720,82.8,28
339,2020-01-05,Reading WFC,1499,1492,17.2,29
340,2020-01-05,Bristol City WFC,1348,1372,18.0,29
340,2020-01-05,Manchester United W,1551,1527,82.0,9
341,2020-01-05,Manchester City WFC,1721,1734,75.6,30
341,2020-01-05,Tottenham Hotspur Women,1465,1452,24.4,10
342,2020-01-11,Everton LFC,1435,1430,11.3,28
342,2020-01-11,Manchester City WFC,1734,1739,88.7,31
343,2020-01-12,Arsenal WFC,1792,1800,86.9,31
343,2020-01-12,Brighton & Hove Albion WFC,1403,1396,13.1,30
344,2020-01-12,Bristol City WFC,1372,1367,8.7,30
344,2020-01-12,Chelsea FCW,1720,1725,91.3,29
345,2020-01-12,Birmingham City WFC,1496,1483,42.0,28
345,2020-01-12,Reading WFC,1492,1504,58.0,30
346,2020-01-12,Tottenham Hotspur Women,1452,1463,61.9,11
346,2020-01-12,West Ham United LFC,1427,1416,38.1,29
347,2020-01-19,Arsenal WFC,1800,1764,68.4,32
347,2020-01-19,Chelsea FCW,1725,1761,31.6,30
348,2020-01-19,Birmingham City WFC,1483,1472,24.4,29
348,2020-01-19,Manchester City WFC,1739,1750,75.6,32
349,2020-01-19,Bristol City WFC,1367,1348,61.7,31
349,2020-01-19,Liverpool WFC,1344,1363,38.3,30
350,2020-01-19,Everton LFC,1430,1454,48.0,29
350,2020-01-19,Reading WFC,1504,1481,52.0,31
351,2020-01-19,Manchester United W,1527,1544,67.0,10
351,2020-01-19,Tottenham Hotspur Women,1463,1446,33.0,12
352,2020-01-19,Brighton & Hove Albion WFC,1396,1384,38.7,31
352,2020-01-19,West Ham United LFC,1416,1428,61.3,30
353,2020-02-02,Brighton & Hove Albion WFC,1384,1400,48.7,32
353,2020-02-02,Everton LFC,1454,1438,51.3,30
354,2020-02-02,Chelsea FCW,1761,1768,90.6,31
354,2020-02-02,West Ham United LFC,1428,1421,9.4,31
355,2020-02-02,Arsenal WFC,1764,1751,43.4,33
355,2020-02-02,Manchester City WFC,1750,1763,56.6,33
356,2020-02-02,Manchester United W,1544,1544,50.4,11
356,2020-02-02,Reading WFC,1481,1481,49.6,32
357,2020-02-12,Brighton & Hove Albion WFC,1400,1403,38.2,33
357,2020-02-12,Manchester United W,1544,1540,61.8,12
358,2020-02-12,Birmingham City WFC,1472,1467,11.4,30
358,2020-02-12,Chelsea FCW,1768,1773,88.6,32
359,2020-02-12,Bristol City WFC,1348,1347,6.1,32
359,2020-02-12,Manchester City WFC,1763,1765,93.9,34
360,2020-02-12,Reading WFC,1481,1496,66.6,33
360,2020-02-12,West Ham United LFC,1421,1406,33.4,32
361,2020-02-12,Everton LFC,1438,1441,40.4,31
361,2020-02-12,Tottenham Hotspur Women,1446,1443,59.6,13
362,2020-02-13,Arsenal WFC,1751,1755,86.9,34
362,2020-02-13,Liverpool WFC,1363,1359,13.1,31
363,2020-02-23,Birmingham City WFC,1467,1445,73.9,31
363,2020-02-23,Bristol City WFC,1347,1369,26.1,33
364,2020-02-23,Brighton & Hove Albion WFC,1403,1387,52.9,34
364,2020-02-23,Tottenham Hotspur Women,1443,1459,47.1,14
365,2020-02-23,Everton LFC,1441,1428,44.4,32
365,2020-02-23,Manchester United W,1540,1553,55.6,13
366,2020-02-23,Chelsea FCW,1773,1775,42.6,33
366,2020-02-23,Manchester City WFC,1765,1763,57.4,35
367,2020-02-23,Liverpool WFC,1359,1343,35.1,32
367,2020-02-23,West Ham United LFC,1406,1422,64.9,33
368,2020-09-05,Aston Villa W,1500,1489,23.7,0
368,2020-09-05,Manchester City WFC,1763,1773,76.3,36
369,2020-09-06,Arsenal WFC,1755,1763,86.2,35
369,2020-09-06,Reading WFC,1496,1488,13.8,34
370,2020-09-06,Birmingham City WFC,1445,1423,49.6,32
370,2020-09-06,Brighton & Hove Albion WFC,1387,1410,50.4,35
371,2020-09-06,Bristol City WFC,1369,1341,50.1,34
371,2020-09-06,Everton LFC,1428,1456,49.9,33
372,2020-09-06,Chelsea FCW,1775,1769,71.7,34
372,2020-09-06,Manchester United W,1553,1560,28.3,14
373,2020-09-06,Tottenham Hotspur Women,1459,1455,63.6,15
373,2020-09-06,West Ham United LFC,1422,1426,36.4,34
374,2020-09-12,Arsenal WFC,1763,1775,83.1,36
374,2020-09-12,West Ham United LFC,1426,1414,16.9,35
375,2020-09-13,Birmingham City WFC,1423,1402,39.0,33
375,2020-09-13,Manchester United W,1560,1580,61.0,15
376,2020-09-13,Bristol City WFC,1341,1336,5.7,35
376,2020-09-13,Chelsea FCW,1769,1773,94.3,35
377,2020-09-13,Everton LFC,1456,1468,58.7,34
377,2020-09-13,Tottenham Hotspur Women,1455,1442,41.3,16
378,2020-09-13,Brighton & Hove Albion WFC,1410,1422,8.0,36
378,2020-09-13,Manchester City WFC,1773,1761,92.0,37
379,2020-09-13,Aston Villa W,1489,1471,41.7,1
379,2020-09-13,Reading WFC,1488,1506,58.3,35
380,2020-10-03,Aston Villa W,1471,1433,58.9,2
380,2020-10-03,Everton LFC,1468,1506,41.1,35
381,2020-10-04,Arsenal WFC,1775,1777,94.6,37
381,2020-10-04,Bristol City WFC,1336,1334,5.4,36
382,2020-10-04,Birmingham City WFC,1402,1398,14.3,34
382,2020-10-04,Chelsea FCW,1773,1777,85.7,36
383,2020-10-04,Manchester City WFC,1761,1766,89.8,38
383,2020-10-04,Tottenham Hotspur Women,1442,1437,10.2,17
384,2020-10-04,Brighton & Hove Albion WFC,1422,1411,22.2,37
384,2020-10-04,Manchester United W,1580,1592,77.8,16
385,2020-10-04,Reading WFC,1506,1520,54.7,36
385,2020-10-04,West Ham United LFC,1414,1400,45.3,36
386,2020-10-10,Manchester United W,1592,1603,63.3,17
386,2020-10-10,Tottenham Hotspur Women,1437,1426,36.7,18
387,2020-10-11,Arsenal WFC,1777,1786,85.4,38
387,2020-10-11,Brighton & Hove Albion WFC,1411,1402,14.6,38
388,2020-10-11,Chelsea FCW,1777,1795,60.1,37
388,2020-10-11,Manchester City WFC,1766,1748,39.9,39
389,2020-10-11,Everton LFC,1506,1518,72.2,36
389,2020-10-11,West Ham United LFC,1400,1388,27.8,37
390,2020-10-11,Birmingham City WFC,1398,1420,25.9,35
390,2020-10-11,Reading WFC,1520,1498,74.1,37
391,2020-10-18,Arsenal WFC,1786,1791,91.8,39
391,2020-10-18,Tottenham Hotspur Women,1426,1421,8.2,19
392,2020-10-18,Birmingham City WFC,1420,1446,53.7,36
392,2020-10-18,Bristol City WFC,1334,1308,46.3,37
393,2020-10-18,Brighton & Hove Albion WFC,1402,1409,26.6,39
393,2020-10-18,Everton LFC,1518,1511,73.4,37
394,2020-10-18,Manchester City WFC,1748,1741,75.0,40
394,2020-10-18,Reading WFC,1498,1505,25.0,38
395,2020-10-18,Manchester United W,1603,1616,71.0,18
395,2020-10-18,West Ham United LFC,1388,1375,29.0,38
396,2020-11-07,Bristol City WFC,1308,1304,5.5,38
396,2020-11-07,Manchester City WFC,1741,1744,94.5,41
397,2020-11-07,Reading WFC,1505,1504,53.5,39
397,2020-11-07,Tottenham Hotspur Women,1421,1422,46.5,20
398,2020-11-08,Birmingham City WFC,1446,1426,68.1,37
398,2020-11-08,West Ham United LFC,1375,1395,31.9,39
399,2020-11-08,Aston Villa W,1433,1458,44.8,3
399,2020-11-08,Brighton & Hove Albion WFC,1409,1384,55.2,40
400,2020-11-08,Chelsea FCW,1795,1802,87.9,38
400,2020-11-08,Everton LFC,1511,1505,12.1,38
401,2020-11-08,Arsenal WFC,1791,1771,66.0,40
401,2020-11-08,Manchester United W,1616,1636,34.0,19
402,2020-11-14,Aston Villa W,1458,1439,63.0,4
402,2020-11-14,Birmingham City WFC,1426,1444,37.0,38
403,2020-11-14,Bristol City WFC,1304,1307,41.7,39
403,2020-11-14,Tottenham Hotspur Women,1422,1420,58.3,21
404,2020-11-14,Everton LFC,1505,1502,58.6,39
404,2020-11-14,Reading WFC,1504,1507,41.4,40
405,2020-11-14,Manchester City WFC,1744,1742,56.9,42
405,2020-11-14,Manchester United W,1636,1638,43.1,20
406,2020-11-15,Arsenal WFC,1771,1770,54.2,41
406,2020-11-15,Chelsea FCW,1802,1803,45.8,39
407,2020-11-15,Brighton & Hove Albion WFC,1384,1402,40.0,41
407,2020-11-15,West Ham United LFC,1395,1377,60.0,40
408,2020-12-05,Aston Villa W,1439,1425,31.0,5
408,2020-12-05,Manchester United W,1638,1652,69.0,21
409,2020-12-06,Arsenal WFC,1770,1775,90.2,42
409,2020-12-06,Birmingham City WFC,1444,1439,9.8,39
410,2020-12-06,Chelsea FCW,1803,1805,94.3,40
410,2020-12-06,West Ham United LFC,1377,1375,5.7,41
411,2020-12-06,Everton LFC,1502,1488,26.1,40
411,2020-12-06,Manchester City WFC,1742,1756,73.9,43
412,2020-12-06,Bristol City WFC,1307,1316,18.3,40
412,2020-12-06,Reading WFC,1507,1497,81.7,41
413,2020-12-06,Brighton & Hove Albion WFC,1402,1385,39.0,42
413,2020-12-06,Tottenham Hotspur Women,1420,1437,61.0,22
414,2020-12-09,Aston Villa W,1425,1449,57.0,6
414,2020-12-09,Bristol City WFC,1316,1292,43.0,41
415,2020-12-13,Brighton & Hove Albion WFC,1385,1381,11.2,43
415,2020-12-13,Chelsea FCW,1805,1808,88.8,41
416,2020-12-13,Bristol City WFC,1292,1266,46.7,42
416,2020-12-13,West Ham United LFC,1375,1401,53.3,42
417,2020-12-13,Arsenal WFC,1775,1762,44.1,43
417,2020-12-13,Manchester City WFC,1756,1769,55.9,44
418,2020-12-13,Manchester United W,1652,1663,63.3,22
418,2020-12-13,Reading WFC,1497,1486,36.7,42
419,2020-12-13,Aston Villa W,1449,1430,43.1,7
419,2020-12-13,Tottenham Hotspur Women,1437,1457,56.9,23
420,2020-12-20,Arsenal WFC,1762,1769,87.2,44
420,2020-12-20,Everton LFC,1488,1481,12.8,41
421,2020-12-20,Brighton & Hove Albion WFC,1381,1362,43.6,44
421,2020-12-20,Reading WFC,1486,1506,56.4,43
422,2020-12-20,Bristol City WFC,1266,1262,6.7,43
422,2020-12-20,Manchester United W,1663,1667,93.3,23
423,2021-01-10,Chelsea FCW,1808,1820,80.2,42
423,2021-01-10,Reading WFC,1506,1494,19.8,44
424,2021-01-17,Birmingham City WFC,1439,1434,68.8,40
424,2021-01-17,Brighton & Hove Albion WFC,1362,1367,31.2,45
425,2021-01-17,Chelsea FCW,1820,1827,77.3,43
425,2021-01-17,Manchester United W,1667,1660,22.7,24
426,2021-01-17,Bristol City WFC,1262,1252,16.7,44
426,2021-01-17,Everton LFC,1481,1490,83.3,42
427,2021-01-17,Aston Villa W,1430,1424,9.1,8
427,2021-01-17,Manchester City WFC,1769,1776,90.9,45
428,2021-01-17,Arsenal WFC,1769,1761,77.5,45
428,2021-01-17,Reading WFC,1494,1502,22.5,45
429,2021-01-17,Tottenham Hotspur Women,1457,1472,49.3,24
429,2021-01-17,West Ham United LFC,1401,1386,50.7,43
430,2021-01-23,Aston Villa W,1424,1424,47.3,9
430,2021-01-23,Reading WFC,1502,1501,52.7,46
431,2021-01-24,Brighton & Hove Albion WFC,1367,1360,11.9,46
431,2021-01-24,Manchester City WFC,1776,1783,88.1,46
432,2021-01-24,Birmingham City WFC,1434,1426,16.1,41
432,2021-01-24,Manchester United W,1660,1667,83.9,25
433,2021-01-27,Aston Villa W,1424,1418,12.2,10
433,2021-01-27,Chelsea FCW,1827,1834,87.8,44
434,2021-01-30,Brighton & Hove Albion WFC,1360,1330,56.8,47
434,2021-01-30,Bristol City WFC,1252,1282,43.2,45
435,2021-01-31,Chelsea FCW,1834,1839,91.9,45
435,2021-01-31,Tottenham Hotspur Women,1472,1467,8.1,25
436,2021-01-31,Everton LFC,1490,1475,33.8,43
436,2021-01-31,Manchester United W,1667,1683,66.2,26
437,2021-01-31,Manchester City WFC,1783,1787,93.3,47
437,2021-01-31,West Ham United LFC,1386,1382,6.7,44
438,2021-02-06,Aston Villa W,1418,1432,51.5,11
438,2021-02-06,Tottenham Hotspur Women,1467,1453,48.5,26
439,2021-02-07,Arsenal WFC,1761,1744,54.9,46
439,2021-02-07,Manchester City WFC,1787,1803,45.1,48
440,2021-02-07,Brighton & Hove Albion WFC,1330,1359,3.7,48
440,2021-02-07,Chelsea FCW,1839,1810,96.3,46
441,2021-02-07,Birmingham City WFC,1426,1431,34.8,42
441,2021-02-07,Everton LFC,1475,1471,65.2,44
442,2021-02-07,Manchester United W,1683,1647,80.0,27
442,2021-02-07,Reading WFC,1501,1537,20.0,47
443,2021-02-07,Bristol City WFC,1282,1289,28.4,46
443,2021-02-07,West Ham United LFC,1382,1376,71.6,45
444,2021-02-10,Brighton & Hove Albion WFC,1359,1372,56.1,49
444,2021-02-10,West Ham United LFC,1376,1363,43.9,46
445,2021-02-10,Arsenal WFC,1744,1727,32.7,47
445,2021-02-10,Chelsea FCW,1810,1827,67.3,47
446,2021-02-12,Manchester City WFC,1803,1815,77.7,49
446,2021-02-12,Manchester United W,1647,1635,22.3,28
447,2021-02-14,Bristol City WFC,1289,1285,6.0,47
447,2021-02-14,Chelsea FCW,1827,1830,94.0,48
448,2021-02-14,Everton LFC,1471,1476,32.5,45
448,2021-02-14,Reading WFC,1537,1532,67.5,48
449,2021-02-28,Arsenal WFC,1727,1739,79.5,48
449,2021-02-28,Aston Villa W,1432,1421,20.5,12
450,2021-02-28,Birmingham City WFC,1431,1423,13.4,43
450,2021-02-28,Manchester City WFC,1815,1823,86.6,50
451,2021-02-28,Everton LFC,1476,1493,44.7,46
451,2021-02-28,Tottenham Hotspur Women,1453,1436,55.3,27
452,2021-03-07,Arsenal WFC,1739,1749,81.3,49
452,2021-03-07,Birmingham City WFC,1423,1413,18.7,44
453,2021-03-07,Brighton & Hove Albion WFC,1372,1395,49.4,50
453,2021-03-07,Tottenham Hotspur Women,1436,1413,50.6,28
454,2021-03-07,Everton LFC,1493,1490,9.6,47
454,2021-03-07,Manchester City WFC,1823,1825,90.4,51
455,2021-03-07,Aston Villa W,1421,1412,17.1,13
455,2021-03-07,Manchester United W,1635,1644,82.9,29
456,2021-03-07,Chelsea FCW,1830,1834,91.3,49
456,2021-03-07,West Ham United LFC,1363,1359,8.7,47
457,2021-03-08,Bristol City WFC,1285,1307,25.4,48
457,2021-03-08,Reading WFC,1532,1510,74.6,49
458,2021-03-11,Birmingham City WFC,1413,1386,47.6,45
458,2021-03-11,Everton LFC,1490,1516,52.4,48
459,2021-03-14,Reading WFC,1510,1504,71.1,50
459,2021-03-14,Tottenham Hotspur Women,1413,1420,28.9,29
460,2021-03-17,Aston Villa W,1412,1384,60.9,14
460,2021-03-17,Brighton & Hove Albion WFC,1395,1422,39.1,51
461,2021-03-17,Bristol City WFC,1307,1304,6.7,49
461,2021-03-17,Manchester City WFC,1825,1829,93.3,52
462,2021-03-17,Chelsea FCW,1834,1844,81.5,50
462,2021-03-17,Everton LFC,1516,1507,18.5,49
463,2021-03-17,Birmingham City WFC,1386,1388,45.3,46
463,2021-03-17,West Ham United LFC,1359,1358,54.7,48
464,2021-03-19,Arsenal WFC,1749,1762,72.2,50
464,2021-03-19,Manchester United W,1644,1631,27.8,30
465,2021-03-21,Bristol City WFC,1304,1311,26.6,50
465,2021-03-21,Tottenham Hotspur Women,1420,1413,73.4,30
466,2021-03-27,Manchester City WFC,1829,1832,90.2,53
466,2021-03-27,Reading WFC,1504,1501,9.8,51
467,2021-03-27,Manchester United W,1631,1637,87.2,31
467,2021-03-27,West Ham United LFC,1358,1352,12.8,49
468,2021-03-27,Arsenal WFC,1762,1770,84.1,51
468,2021-03-27,Tottenham Hotspur Women,1413,1404,15.9,31
469,2021-03-28,Birmingham City WFC,1388,1382,68.7,47
469,2021-03-28,Bristol City WFC,1311,1316,31.3,51
470,2021-03-28,Brighton & Hove Albion WFC,1422,1394,46.5,52
470,2021-03-28,Everton LFC,1507,1535,53.5,50
471,2021-03-28,Aston Villa W,1384,1382,4.8,15
471,2021-03-28,Chelsea FCW,1844,1846,95.2,51
472,2021-04-03,Reading WFC,1501,1454,76.9,52
472,2021-04-03,West Ham United LFC,1352,1398,23.1,50
473,2021-04-04,Brighton & Hove Albion WFC,1394,1417,25.9,53
473,2021-04-04,Manchester United W,1637,1615,74.1,32
474,2021-04-04,Arsenal WFC,1770,1775,90.6,52
474,2021-04-04,Bristol City WFC,1316,1311,9.4,52
475,2021-04-04,Birmingham City WFC,1382,1379,4.7,48
475,2021-04-04,Chelsea FCW,1846,1849,95.3,52
476,2021-04-04,Aston Villa W,1382,1372,22.7,16
476,2021-04-04,Everton LFC,1535,1545,77.3,51
477,2021-04-04,Manchester City WFC,1832,1838,89.2,54
477,2021-04-04,Tottenham Hotspur Women,1404,1399,10.8,32
478,2021-04-20,Aston Villa W,1372,1375,37.9,17
478,2021-04-20,West Ham United LFC,1398,1394,62.1,51
479,2021-04-21,Chelsea FCW,1849,1851,43.1,53
479,2021-04-21,Manchester City WFC,1838,1835,56.9,55
480,2021-04-24,Aston Villa W,1375,1370,67.2,18
480,2021-04-24,Bristol City WFC,1311,1316,32.8,53
481,2021-04-25,Arsenal WFC,1775,1779,91.8,53
481,2021-04-25,Brighton & Hove Albion WFC,1417,1413,8.2,54
482,2021-04-25,Birmingham City WFC,1379,1380,47.8,49
482,2021-04-25,Reading WFC,1454,1454,52.2,53
483,2021-04-25,Manchester United W,1615,1624,83.1,33
483,2021-04-25,Tottenham Hotspur Women,1399,1390,16.9,33
484,2021-04-25,Everton LFC,1545,1541,62.8,52
484,2021-04-25,West Ham United LFC,1394,1398,37.2,52
485,2021-04-28,Arsenal WFC,1779,1782,92.7,54
485,2021-04-28,West Ham United LFC,1398,1395,7.3,53
486,2021-04-28,Aston Villa W,1370,1373,40.2,19
486,2021-04-28,Birmingham City WFC,1380,1377,59.8,50
487,2021-05-02,Aston Villa W,1373,1372,55.5,20
487,2021-05-02,West Ham United LFC,1395,1396,44.5,54
488,2021-05-02,Bristol City WFC,1316,1311,19.4,54
488,2021-05-02,Manchester United W,1624,1630,80.6,34
489,2021-05-02,Arsenal WFC,1782,1790,74.0,55
489,2021-05-02,Everton LFC,1541,1533,26.0,53
490,2021-05-02,Birmingham City WFC,1377,1374,4.8,51
490,2021-05-02,Manchester City WFC,1835,1838,95.2,56
491,2021-05-02,Brighton & Hove Albion WFC,1413,1402,35.9,55
491,2021-05-02,Reading WFC,1454,1465,64.1,54
492,2021-05-05,Chelsea FCW,1851,1855,91.0,54
492,2021-05-05,Tottenham Hotspur Women,1390,1386,9.0,34
493,2021-05-09,Arsenal WFC,1790,1777,94.0,56
493,2021-05-09,Aston Villa W,1372,1385,6.0,21
494,2021-05-09,Birmingham City WFC,1374,1357,56.9,52
494,2021-05-09,Tottenham Hotspur Women,1386,1403,43.1,35
495,2021-05-09,Brighton & Hove Albion WFC,1402,1415,70.5,56
495,2021-05-09,Bristol City WFC,1311,1297,29.5,55
496,2021-05-09,Chelsea FCW,1855,1859,93.1,55
496,2021-05-09,Reading WFC,1465,1460,6.9,55
497,2021-05-09,Everton LFC,1533,1520,28.9,54
497,2021-05-09,Manchester United W,1630,1643,71.1,35
498,2021-05-09,Manchester City WFC,1838,1841,90.0,57
498,2021-05-09,West Ham United LFC,1396,1393,10.0,55
499,2023-10-01,Arsenal WFC,1777,1749,94.5,57
499,2023-10-01,Liverpool WFC,1343,1371,5.5,33
500,2023-10-01,Aston Villa W,1385,1378,24.3,22
500,2023-10-01,Manchester United W,1643,1650,75.7,36
501,2023-10-01,Bristol City WFC,1297,1284,30.5,56
501,2023-10-01,Leicester City WFC,1500,1514,69.5,0
502,2023-10-01,Chelsea FCW,1859,1861,95.1,56
502,2023-10-01,Tottenham Hotspur Women,1403,1401,4.9,36
503,2023-10-01,Brighton & Hove Albion WFC,1415,1437,27.9,57
503,2023-10-01,Everton LFC,1520,1499,72.1,55
504,2023-10-01,Manchester City WFC,1841,1846,90.3,58
504,2023-10-01,West Ham United LFC,1393,1389,9.7,56
505,2023-10-06,Arsenal WFC,1749,1747,55.6,58
505,2023-10-06,Manchester United W,1650,1652,44.4,37
506,2023-10-08,Brighton & Hove Albion WFC,1437,1408,65.0,58
506,2023-10-08,West Ham United LFC,1389,1418,35.0,57
507,2023-10-08,Everton LFC,1499,1487,39.3,56
507,2023-10-08,Leicester City WFC,1514,1526,60.7,1
508,2023-10-08,Aston Villa W,1378,1359,42.3,23
508,2023-10-08,Liverpool WFC,1371,1390,57.7,34
509,2023-10-08,Chelsea FCW,1861,1863,43.6,57
509,2023-10-08,Manchester City WFC,1846,1844,56.4,59
510,2023-10-08,Bristol City WFC,1284,1272,26.4,57
510,2023-10-08,Tottenham Hotspur Women,1401,1413,73.6,37
511,2023-10-14,Chelsea FCW,1863,1865,94.8,58
511,2023-10-14,West Ham United LFC,1418,1416,5.2,58
512,2023-10-15,Arsenal WFC,1747,1749,93.0,59
512,2023-10-15,Aston Villa W,1359,1356,7.0,24
513,2023-10-15,Brighton & Hove Albion WFC,1408,1382,57.8,59
513,2023-10-15,Tottenham Hotspur Women,1413,1439,42.2,38
514,2023-10-15,Everton LFC,1487,1500,55.2,57
514,2023-10-15,Liverpool WFC,1390,1377,44.8,35
515,2023-10-15,Bristol City WFC,1272,1270,2.6,58
515,2023-10-15,Manchester City WFC,1844,1845,97.4,60
516,2023-10-15,Leicester City WFC,1526,1533,25.5,2
516,2023-10-15,Manchester United W,1652,1644,74.5,38
517,2023-10-21,Aston Villa W,1356,1335,46.7,25
517,2023-10-21,Tottenham Hotspur Women,1439,1460,53.3,39
518,2023-10-21,Leicester City WFC,1533,1527,19.0,3
518,2023-10-21,Manchester City WFC,1845,1851,81.0,61
519,2023-10-22,Arsenal WFC,1749,1752,91.8,60
519,2023-10-22,Bristol City WFC,1270,1268,8.2,59
520,2023-10-22,Brighton & Hove Albion WFC,1382,1380,4.2,60
520,2023-10-22,Chelsea FCW,1865,1867,95.8,59
521,2023-10-22,Everton LFC,1500,1477,38.1,58
521,2023-10-22,Manchester United W,1644,1667,61.9,39
522,2023-10-22,Liverpool WFC,1377,1381,36.1,36
522,2023-10-22,West Ham United LFC,1416,1412,63.9,59
523,2023-11-04,Aston Villa W,1335,1331,6.2,26
523,2023-11-04,Chelsea FCW,1867,1871,93.8,60
524,2023-11-05,Arsenal WFC,1752,1768,44.4,61
524,2023-11-05,Manchester City WFC,1851,1834,55.6,62
525,2023-11-05,Brighton & Hove Albion WFC,1380,1388,21.3,61
525,2023-11-05,Manchester United W,1667,1658,78.7,40
526,2023-11-05,Leicester City WFC,1527,1509,62.1,4
526,2023-11-05,Liverpool WFC,1381,1400,37.9,37
527,2023-11-05,Everton LFC,1477,1479,43.8,59
527,2023-11-05,Tottenham Hotspur Women,1460,1458,56.2,40
528,2023-11-05,Bristol City WFC,1268,1291,23.6,60
528,2023-11-05,West Ham United LFC,1412,1389,76.4,60
529,2023-11-12,Aston Villa W,1331,1355,47.3,27
529,2023-11-12,Bristol City WFC,1291,1267,52.7,61
530,2023-11-12,Chelsea FCW,1871,1878,87.1,61
530,2023-11-12,Everton LFC,1479,1472,12.9,60
531,2023-11-12,Arsenal WFC,1768,1782,75.9,62
531,2023-11-12,Leicester City WFC,1509,1495,24.1,5
532,2023-11-12,Brighton & Hove Albion WFC,1388,1417,5.2,62
532,2023-11-12,Manchester City WFC,1834,1806,94.8,63
533,2023-11-12,Manchester United W,1658,1666,87.0,41
533,2023-11-12,West Ham United LFC,1389,1381,13.0,61
534,2023-11-12,Liverpool WFC,1400,1405,33.6,38
534,2023-11-12,Tottenham Hotspur Women,1458,1454,66.4,41
535,2023-11-18,Chelsea FCW,1878,1880,95.6,62
535,2023-11-18,Liverpool WFC,1405,1402,4.4,39
536,2023-11-19,Arsenal WFC,1782,1790,85.3,63
536,2023-11-19,Brighton & Hove Albion WFC,1417,1409,14.7,63
537,2023-11-19,Bristol City WFC,1267,1276,17.8,62
537,2023-11-19,Everton LFC,1472,1463,82.2,61
538,2023-11-19,Leicester City WFC,1495,1491,64.2,6
538,2023-11-19,Tottenham Hotspur Women,1454,1458,35.8,42
539,2023-11-19,Manchester City WFC,1806,1823,61.2,64
539,2023-11-19,Manchester United W,1666,1649,38.8,42
540,2023-11-19,Aston Villa W,1355,1374,37.9,28
540,2023-11-19,West Ham United LFC,1381,1362,62.1,62
541,2023-11-26,Arsenal WFC,1790,1793,94.3,64
541,2023-11-26,West Ham United LFC,1362,1359,5.7,63
542,2023-11-26,Aston Villa W,1374,1360,45.8,29
542,2023-11-26,Everton LFC,1463,1477,54.2,62
543,2023-11-26,Bristol City WFC,1276,1270,14.2,63
543,2023-11-26,Manchester United W,1649,1655,85.8,43
544,2023-11-26,Chelsea FCW,1880,1884,93.0,63
544,2023-11-26,Leicester City WFC,1491,1487,7.0,7
545,2023-11-26,Brighton & Hove Albion WFC,1409,1385,42.4,64
545,2023-11-26,Liverpool WFC,1402,1426,57.6,40
546,2023-11-26,Manchester City WFC,1823,1829,92.0,65
546,2023-11-26,Tottenham Hotspur Women,1458,1452,8.0,43
547,2023-12-09,Aston Villa W,1360,1359,4.6,30
547,2023-12-09,Manchester City WFC,1829,1830,95.4,66
548,2023-12-10,Arsenal WFC,1793,1821,45.5,65
548,2023-12-10,Chelsea FCW,1884,1855,54.5,64
549,2023-12-10,Brighton & Hove Albion WFC,1385,1387,44.0,65
549,2023-12-10,Leicester City WFC,1487,1485,56.0,8
550,2023-12-10,Bristol City WFC,1270,1278,22.4,64
550,2023-12-10,Liverpool WFC,1426,1418,77.6,41
551,2023-12-10,Manchester United W,1655,1672,69.5,44
551,2023-12-10,Tottenham Hotspur Women,1452,1435,30.5,44
552,2023-12-10,Everton LFC,1477,1489,58.1,63
552,2023-12-10,West Ham United LFC,1359,1347,41.9,64
553,2023-12-16,Arsenal WFC,1821,1795,86.7,66
553,2023-12-16,Tottenham Hotspur Women,1435,1461,13.3,45
554,2023-12-17,Aston Villa W,1359,1372,54.5,31
554,2023-12-17,Brighton & Hove Albion WFC,1387,1373,45.5,66
555,2023-12-17,Bristol City WFC,1278,1276,4.9,65
555,2023-12-17,Chelsea FCW,1855,1858,95.1,65
556,2023-12-17,Everton LFC,1489,1480,16.6,64
556,2023-12-17,Manchester City WFC,1830,1839,83.4,67
557,2023-12-17,Leicester City WFC,1485,1478,75.8,9
557,2023-12-17,West Ham United LFC,1347,1355,24.2,65
558,2023-12-17,Liverpool WFC,1418,1444,14.1,42
558,2023-12-17,Manchester United W,1672,1647,85.9,45
559,2024-01-19,Aston Villa W,1372,1394,27.9,32
559,2024-01-19,Leicester City WFC,1478,1456,72.1,10
560,2024-01-20,Arsenal WFC,1795,1798,89.6,67
560,2024-01-20,Everton LFC,1480,1477,10.4,65
561,2024-01-21,Brighton & Hove Albion WFC,1373,1382,71.2,67
561,2024-01-21,Bristol City WFC,1276,1267,28.8,66
562,2024-01-21,Chelsea FCW,1858,1866,82.7,66
562,2024-01-21,Manchester United W,1647,1639,17.3,46
563,2024-01-21,Liverpool WFC,1444,1440,6.8,43
563,2024-01-21,Manchester City WFC,1839,1842,93.2,68
564,2024-01-21,Tottenham Hotspur Women,1461,1474,56.7,46
564,2024-01-21,West Ham United LFC,1355,1342,43.3,66
565,2024-01-27,Brighton & Hove Albion WFC,1382,1378,8.0,68
565,2024-01-27,Chelsea FCW,1866,1870,92.0,67
566,2024-01-28,Bristol City WFC,1267,1253,47.9,67
566,2024-01-28,West Ham United LFC,1342,1356,52.1,67
567,2024-01-28,Everton LFC,1477,1459,61.5,66
567,2024-01-28,Leicester City WFC,1456,1474,38.5,11
568,2024-01-28,Arsenal WFC,1798,1805,84.8,68
568,2024-01-28,Liverpool WFC,1440,1433,15.2,44
569,2024-01-28,Aston Villa W,1394,1390,14.7,33
569,2024-01-28,Manchester United W,1639,1643,85.3,47
570,2024-01-28,Manchester City WFC,1842,1849,85.5,69
570,2024-01-28,Tottenham Hotspur Women,1474,1468,14.5,47
571,2024-02-03,Aston Villa W,1390,1382,75.6,34
571,2024-02-03,Bristol City WFC,1253,1260,24.4,68
572,2024-02-04,Chelsea FCW,1870,1873,93.8,68
572,2024-02-04,Everton LFC,1459,1456,6.2,67
573,2024-02-04,Liverpool WFC,1433,1432,53.6,45
573,2024-02-04,Tottenham Hotspur Women,1468,1469,46.4,48
574,2024-02-04,Leicester City WFC,1474,1471,7.6,12
574,2024-02-04,Manchester City WFC,1849,1852,92.4,70
575,2024-02-04,Brighton & Hove Albion WFC,1378,1372,13.3,69
575,2024-02-04,Manchester United W,1643,1649,86.7,48
576,2024-02-04,Arsenal WFC,1805,1778,90.4,69
576,2024-02-04,West Ham United LFC,1356,1383,9.6,68
577,2024-02-16,Chelsea FCW,1873,1855,61.4,69
577,2024-02-16,Manchester City WFC,1852,1871,38.6,71
578,2024-02-17,Arsenal WFC,1778,1789,74.8,70
578,2024-02-17,Manchester United W,1649,1638,25.2,49
579,2024-02-18,Brighton & Hove Albion WFC,1372,1357,50.0,70
579,2024-02-18,Liverpool WFC,1432,1447,50.0,46
580,2024-02-18,Everton LFC,1456,1470,68.2,68
580,2024-02-18,West Ham United LFC,1383,1369,31.8,69
581,2024-02-18,Bristol City WFC,1260,1251,17.4,69
581,2024-02-18,Leicester City WFC,1471,1480,82.6,13
582,2024-02-18,Aston Villa W,1382,1403,30.0,35
582,2024-02-18,Tottenham Hotspur Women,1469,1448,70.0,49
583,2024-03-02,Everton LFC,1470,1468,6.6,69
583,2024-03-02,Manchester City WFC,1871,1873,93.4,72
584,2024-03-03,Arsenal WFC,1789,1792,91.0,71
584,2024-03-03,Tottenham Hotspur Women,1448,1445,9.0,50
585,2024-03-03,Aston Villa W,1403,1375,52.3,36
585,2024-03-03,Liverpool WFC,1447,1474,47.7,47
586,2024-03-03,Brighton & Hove Albion WFC,1357,1381,56.5,71
586,2024-03-03,Bristol City WFC,1251,1227,43.5,70
587,2024-03-03,Chelsea FCW,1855,1863,86.0,70
587,2024-03-03,Leicester City WFC,1480,1472,14.0,14
588,2024-03-03,Manchester United W,1638,1630,76.9,50
588,2024-03-03,West Ham United LFC,1369,1377,23.1,70
589,2024-03-15,Arsenal WFC,1792,1778,32.0,72
589,2024-03-15,Chelsea FCW,1863,1877,68.0,71
590,2024-03-16,Aston Villa W,1375,1397,29.4,37
590,2024-03-16,Everton LFC,1468,1447,70.6,70
591,2024-03-17,Brighton & Hove Albion WFC,1381,1377,7.7,72
591,2024-03-17,Manchester City WFC,1873,1877,92.3,73
592,2024-03-17,Liverpool WFC,1474,1487,71.2,48
592,2024-03-17,West Ham United LFC,1377,1364,28.8,71
593,2024-03-17,Bristol City WFC,1227,1224,6.5,71
593,2024-03-17,Manchester United W,1630,1633,93.5,51
594,2024-03-17,Leicester City WFC,1472,1459,45.3,15
594,2024-03-17,Tottenham Hotspur Women,1445,1459,54.7,51
595,2024-03-23,Manchester City WFC,1877,1883,85.2,74
595,2024-03-23,Manchester United W,1633,1626,14.8,52
596,2024-03-24,Arsenal WFC,1778,1784,86.4,73
596,2024-03-24,Aston Villa W,1397,1390,13.6,38
597,2024-03-24,Bristol City WFC,1224,1216,26.8,72
597,2024-03-24,Tottenham Hotspur Women,1459,1467,73.2,52
598,2024-03-24,Everton LFC,1447,1446,52.8,71
598,2024-03-24,Liverpool WFC,1487,1488,47.2,49
599,2024-03-24,Brighton & Hove Albion WFC,1377,1398,30.7,73
599,2024-03-24,Leicester City WFC,1459,1438,69.3,16
600,2024-03-24,Chelsea FCW,1877,1880,93.1,72
600,2024-03-24,West Ham United LFC,1364,1361,6.9,72
601,2024-03-30,Aston Villa W,1390,1390,51.8,39
601,2024-03-30,Leicester City WFC,1438,1438,48.2,17
602,2024-03-30,Liverpool WFC,1488,1481,12.7,50
602,2024-03-30,Manchester City WFC,1883,1890,87.3,75
603,2024-03-31,Everton LFC,1446,1435,20.1,72
603,2024-03-31,Manchester United W,1626,1637,79.9,53
604,2024-03-31,Brighton & Hove Albion WFC,1398,1399,46.7,74
604,2024-03-31,West Ham United LFC,1361,1360,53.3,73
605,2024-04-14,Arsenal WFC,1784,1785,97.4,74
605,2024-04-14,Bristol City WFC,1216,1214,2.6,73
606,2024-04-17,Aston Villa W,1390,1388,4.0,40
606,2024-04-17,Chelsea FCW,1880,1882,96.0,73
607,2024-04-19,Brighton & Hove Albion WFC,1399,1383,53.4,75
607,2024-04-19,Everton LFC,1435,1451,46.6,73
608,2024-04-20,Bristol City WFC,1214,1207,23.3,74
608,2024-04-20,Liverpool WFC,1481,1488,76.7,51
609,2024-04-21,Arsenal WFC,1785,1790,91.2,75
609,2024-04-21,Leicester City WFC,1438,1434,8.8,18
610,2024-04-21,Manchester City WFC,1890,1892,96.8,76
610,2024-04-21,West Ham United LFC,1360,1358,3.2,74
611,2024-04-21,Manchester United W,1637,1628,79.0,54
611,2024-04-21,Tottenham Hotspur Women,1467,1475,21.0,53
612,2024-04-28,Aston Villa W,1388,1384,62.7,41
612,2024-04-28,West Ham United LFC,1358,1362,37.3,75
613,2024-04-28,Bristol City WFC,1207,1206,2.7,75
613,2024-04-28,Manchester City WFC,1892,1894,97.3,77
614,2024-04-28,Arsenal WFC,1790,1780,83.3,76
614,2024-04-28,Everton LFC,1451,1461,16.7,74
615,2024-04-28,Leicester City WFC,1434,1424,31.6,19
615,2024-04-28,Manchester United W,1628,1637,68.4,55
616,2024-04-28,Brighton & Hove Albion WFC,1383,1389,29.4,76
616,2024-04-28,Tottenham Hotspur Women,1475,1469,70.6,54
617,2024-05-01,Chelsea FCW,1882,1856,87.2,74
617,2024-05-01,Liverpool WFC,1488,1515,12.8,52
618,2024-05-04,Aston Villa W,1384,1402,40.7,42
618,2024-05-04,Brighton & Hove Albion WFC,1389,1371,59.3,77
619,2024-05-04,Everton LFC,1461,1459,57.4,75
619,2024-05-04,Tottenham Hotspur Women,1469,1471,42.6,55
620,2024-05-05,Bristol City WFC,1206,1205,1.6,76
620,2024-05-05,Chelsea FCW,1856,1857,98.4,75
621,2024-05-05,Liverpool WFC,1515,1532,41.1,53
621,2024-05-05,Manchester United W,1637,1620,58.9,56
622,2024-05-05,Arsenal WFC,1780,1802,26.9,77
622,2024-05-05,Manchester City WFC,1894,1872,73.1,78
623,2024-05-05,Leicester City WFC,1424,1424,50.4,20
623,2024-05-05,West Ham United LFC,1362,1362,49.6,76
624,2024-05-15,Chelsea FCW,1857,1861,86.7,76
624,2024-05-15,Tottenham Hotspur Women,1471,1467,13.3,56
625,2024-05-18,Arsenal WFC,1802,1805,94.4,78
625,2024-05-18,Brighton & Hove Albion WFC,1371,1368,5.6,78
626,2024-05-18,Aston Villa W,1402,1399,8.6,43
626,2024-05-18,Manchester City WFC,1872,1874,91.4,79
627,2024-05-18,Bristol City WFC,1205,1191,24.6,77
627,2024-05-18,Everton LFC,1459,1473,75.4,76
628,2024-05-18,Leicester City WFC,1424,1400,43.1,21
628,2024-05-18,Liverpool WFC,1532,1557,56.9,54
629,2024-05-18,Chelsea FCW,1861,1878,74.0,77
629,2024-05-18,Manchester United W,1620,1603,26.0,57
630,2024-05-18,Tottenham Hotspur Women,1467,1480,72.2,57
630,2024-05-18,West Ham United LFC,1362,1349,27.8,77
631,1979-09-07,Argentina U20,1500,1522,50.0,0
631,1979-09-07,Soviet Union U20,1500,1478,50.0,0
632,1958-06-24,Brazil,1500,1526,50.0,0
632,1958-06-24,France,1500,1474,50.0,0
633,1958-06-29,Brazil,1526,1551,53.8,1
633,1958-06-29,Sweden,1500,1476,46.2,0
634,1962-05-30,Brazil,1551,1570,57.2,2
634,1962-05-30,Mexico,1500,1481,42.8,0
635,1970-06-03,Brazil,1570,1591,59.9,3
635,1970-06-03,Czechoslovakia,1500,1479,40.1,0
636,1970-06-07,Brazil,1591,1602,62.8,4
636,1970-06-07,England,1500,1489,37.2,0
637,1970-06-09,Brazil,1602,1613,64.3,5
637,1970-06-09,Romania,1500,1489,35.7,0
638,1970-06-14,Brazil,1613,1628,65.7,6
638,1970-06-14,Peru,1500,1485,34.3,0
639,1970-06-17,Brazil,1628,1643,67.6,7
639,1970-06-17,Uruguay,1500,1485,32.4,0
640,1970-06-21,Brazil,1643,1659,69.5,8
640,1970-06-21,Italy,1500,1484,30.5,0
641,1974-06-19,Netherlands,1500,1499,53.5,0
641,1974-06-19,Sweden,1476,1477,46.5,1
642,1974-06-22,German DR,1500,1515,50.0,0
642,1974-06-22,Germany,1500,1485,50.0,0
643,1974-06-26,Argentina,1500,1472,50.2,0
643,1974-06-26,Netherlands,1499,1527,49.8,1
644,1974-06-30,German DR,1515,1493,48.3,1
644,1974-06-30,Netherlands,1527,1549,51.7,2
645,1974-07-03,Brazil,1659,1629,65.3,9
645,1974-07-03,Netherlands,1549,1578,34.7,3
646,1974-07-07,Germany,1485,1504,36.9,1
646,1974-07-07,Netherlands,1578,1559,63.1,4
647,1986-06-22,Argentina,1472,1488,47.5,1
647,1986-06-22,England,1489,1473,52.5,1
648,1986-06-25,Argentina,1488,1511,48.2,2
648,1986-06-25,Belgium,1500,1477,51.8,0
649,1986-06-29,Argentina,1511,1526,51.0,3
649,1986-06-29,Germany,1504,1489,49.0,2
650,1990-06-24,Argentina,1526,1545,35.5,4
650,1990-06-24,Brazil,1629,1610,64.5,10
651,2018-06-14,Russia,1500,1530,50.0,0
651,2018-06-14,Saudi Arabia,1500,1470,50.0,0
652,2018-06-15,Egypt,1500,1484,52.1,0
652,2018-06-15,Uruguay,1485,1501,47.9,1
653,2018-06-15,Iran,1500,1515,50.0,0
653,2018-06-15,Morocco,1500,1485,50.0,0
654,2018-06-15,Portugal,1500,1500,50.0,0
654,2018-06-15,Spain,1500,1500,50.0,0
655,2018-06-16,Argentina,1545,1543,56.4,5
655,2018-06-16,Iceland,1500,1502,43.6,0
656,2018-06-16,Croatia,1500,1522,50.0,0
656,2018-06-16,Nigeria,1500,1478,50.0,0
657,2018-06-16,Australia,1500,1484,53.8,0
657,2018-06-16,France,1474,1490,46.2,1
658,2018-06-16,Denmark,1500,1514,52.2,0
658,2018-06-16,Peru,1485,1470,47.8,1
659,2018-06-17,Brazil,1610,1605,65.3,11
659,2018-06-17,Switzerland,1500,1505,34.7,0
660,2018-06-17,Costa Rica,1500,1485,50.0,0
660,2018-06-17,Serbia,1500,1515,50.0,0
661,2018-06-17,Germany,1489,1474,51.2,3
661,2018-06-17,Mexico,1481,1496,48.8,1
662,2018-06-18,Belgium,1477,1505,46.7,1
662,2018-06-18,Panama,1500,1472,53.3,0
663,2018-06-18,South Korea,1500,1484,53.3,0
663,2018-06-18,Sweden,1477,1493,46.7,2
664,2018-06-18,England,1473,1489,46.1,2
664,2018-06-18,Tunisia,1500,1484,53.9,0
665,2018-06-19,Colombia,1500,1485,50.0,0
665,2018-06-19,Japan,1500,1515,50.0,0
666,2018-06-19,Poland,1500,1485,50.0,0
666,2018-06-19,Senegal,1500,1515,50.0,0
667,2018-06-19,Egypt,1484,1465,43.5,1
667,2018-06-19,Russia,1530,1550,56.5,1
668,2018-06-20,Iran,1515,1499,52.2,1
668,2018-06-20,Spain,1500,1516,47.8,1
669,2018-06-20,Morocco,1485,1471,47.8,1
669,2018-06-20,Portugal,1500,1514,52.2,1
670,2018-06-20,Saudi Arabia,1470,1456,45.5,1
670,2018-06-20,Uruguay,1501,1515,54.5,2
671,2018-06-21,Argentina,1543,1515,52.9,6
671,2018-06-21,Croatia,1522,1550,47.1,1
672,2018-06-21,Australia,1484,1485,45.6,1
672,2018-06-21,Denmark,1514,1513,54.4,1
673,2018-06-21,France,1490,1504,52.8,2
673,2018-06-21,Peru,1470,1456,47.2,2
674,2018-06-22,Brazil,1605,1620,66.7,12
674,2018-06-22,Costa Rica,1485,1470,33.3,1
675,2018-06-22,Iceland,1502,1478,53.5,1
675,2018-06-22,Nigeria,1478,1502,46.5,1
676,2018-06-22,Serbia,1515,1500,51.5,1
676,2018-06-22,Switzerland,1505,1520,48.5,1
677,2018-06-23,Belgium,1505,1529,53.0,2
677,2018-06-23,Tunisia,1484,1459,47.0,1
678,2018-06-23,Germany,1474,1490,47.3,4
678,2018-06-23,Sweden,1493,1477,52.7,3
679,2018-06-23,Mexico,1496,1511,51.7,2
679,2018-06-23,South Korea,1484,1470,48.3,1
680,2018-06-24,England,1489,1518,52.5,3
680,2018-06-24,Panama,1472,1443,47.5,1
681,2018-06-24,Japan,1515,1515,50.0,1
681,2018-06-24,Senegal,1515,1515,50.0,1
682,2018-06-24,Colombia,1485,1511,50.0,1
682,2018-06-24,Poland,1485,1459,50.0,1
683,2018-06-25,Iran,1499,1500,47.8,2
683,2018-06-25,Portugal,1514,1514,52.2,2
684,2018-06-25,Egypt,1465,1449,51.2,2
684,2018-06-25,Saudi Arabia,1456,1472,48.8,2
685,2018-06-25,Morocco,1471,1473,43.6,2
685,2018-06-25,Spain,1516,1514,56.4,2
686,2018-06-25,Russia,1550,1521,55.0,2
686,2018-06-25,Uruguay,1515,1544,45.0,3
687,2018-06-26,Australia,1485,1461,54.2,2
687,2018-06-26,Peru,1456,1480,45.8,3
688,2018-06-26,Denmark,1513,1513,51.3,2
688,2018-06-26,France,1504,1504,48.7,3
689,2018-06-26,Croatia,1550,1562,60.3,2
689,2018-06-26,Iceland,1478,1466,39.7,2
690,2018-06-26,Argentina,1515,1530,52.0,7
690,2018-06-26,Nigeria,1502,1487,48.0,2
691,2018-06-27,Mexico,1511,1482,54.8,3
691,2018-06-27,Sweden,1477,1506,45.2,4
692,2018-06-27,Brazil,1620,1635,66.7,13
692,2018-06-27,Serbia,1500,1485,33.3,2
693,2018-06-27,Germany,1490,1466,52.9,5
693,2018-06-27,South Korea,1470,1493,47.1,2
694,2018-06-27,Costa Rica,1470,1472,42.8,2
694,2018-06-27,Switzerland,1520,1518,57.2,2
695,2018-06-28,Belgium,1529,1544,51.7,3
695,2018-06-28,England,1518,1503,48.3,4
696,2018-06-28,Japan,1515,1498,58.0,2
696,2018-06-28,Poland,1459,1476,42.0,2
697,2018-06-28,Panama,1443,1429,47.7,2
697,2018-06-28,Tunisia,1459,1473,52.3,2
698,2018-06-28,Colombia,1511,1526,49.5,2
698,2018-06-28,Senegal,1515,1500,50.5,2
699,2018-06-30,Argentina,1530,1513,53.6,8
699,2018-06-30,France,1504,1521,46.4,4
700,2018-06-30,Portugal,1514,1500,45.7,3
700,2018-06-30,Uruguay,1544,1557,54.3,4
701,2018-07-01,Croatia,1562,1560,57.1,3
701,2018-07-01,Denmark,1513,1515,42.9,3
702,2018-07-01,Russia,1521,1520,51.0,3
702,2018-07-01,Spain,1514,1514,49.0,3
703,2018-07-02,Belgium,1544,1557,56.6,4
703,2018-07-02,Japan,1498,1485,43.4,3
704,2018-07-02,Brazil,1635,1649,70.8,14
704,2018-07-02,Mexico,1482,1469,29.2,4
705,2018-07-03,Colombia,1526,1525,53.3,3
705,2018-07-03,England,1503,1504,46.7,5
706,2018-07-03,Sweden,1506,1521,48.3,5
706,2018-07-03,Switzerland,1518,1502,51.7,3
707,2018-07-06,Belgium,1557,1576,37.1,5
707,2018-07-06,Brazil,1649,1630,62.9,15
708,2018-07-06,France,1521,1545,44.7,5
708,2018-07-06,Uruguay,1557,1532,55.3,5
709,2018-07-07,Croatia,1560,1558,55.7,4
709,2018-07-07,Russia,1520,1522,44.3,4
710,2018-07-07,England,1504,1528,47.6,6
710,2018-07-07,Sweden,1521,1498,52.4,6
711,2018-07-10,Belgium,1576,1559,54.4,6
711,2018-07-10,France,1545,1562,45.6,6
712,2018-07-11,Croatia,1558,1572,54.4,5
712,2018-07-11,England,1528,1514,45.6,7
713,2018-07-14,Belgium,1559,1579,56.5,7
713,2018-07-14,England,1514,1495,43.5,8
714,2018-07-15,Croatia,1572,1549,51.5,6
714,2018-07-15,France,1562,1585,48.5,7
715,2022-11-20,Ecuador,1500,1522,50.0,0
715,2022-11-20,Qatar,1500,1478,50.0,0
716,2022-11-21,England,1585,1606,62.0,16
716,2022-11-21,Iran,1500,1479,38.0,3
717,2022-11-21,Netherlands,1579,1597,61.2,9
717,2022-11-21,Senegal,1500,1482,38.8,3
718,2022-11-21,United States,1500,1499,53.0,0
718,2022-11-21,Wales,1479,1480,47.0,4
719,2022-11-22,Argentina,1513,1497,56.0,9
719,2022-11-22,Saudi Arabia,1472,1488,44.0,3
720,2022-11-22,Denmark,1544,1541,60.0,10
720,2022-11-22,Tunisia,1473,1476,40.0,3
721,2022-11-22,Australia,1461,1443,33.2,3
721,2022-11-22,France,1582,1600,66.8,12
722,2022-11-22,Mexico,1469,1468,52.5,5
722,2022-11-22,Poland,1452,1452,47.5,6
723,2022-11-23,Belgium,1619,1629,66.5,13
723,2022-11-23,Canada,1500,1490,33.5,0
724,2022-11-23,Germany,1463,1449,46.9,10
724,2022-11-23,Japan,1485,1499,53.1,4
725,2022-11-23,Croatia,1527,1525,57.8,11
725,2022-11-23,Morocco,1473,1475,42.2,3
726,2022-11-23,Costa Rica,1472,1447,37.4,3
726,2022-11-23,Spain,1562,1587,62.6,10
727,2022-11-24,Brazil,1630,1643,69.7,16
727,2022-11-24,Serbia,1485,1471,30.3,3
728,2022-11-24,Ghana,1500,1485,51.0,0
728,2022-11-24,Portugal,1493,1509,49.0,8
729,2022-11-24,Cameroon,1500,1485,49.4,0
729,2022-11-24,Switzerland,1504,1519,50.6,9
730,2022-11-24,South Korea,1493,1495,44.4,3
730,2022-11-24,Uruguay,1532,1531,55.6,6
731,2022-11-25,England,1606,1602,64.9,17
731,2022-11-25,United States,1499,1504,35.1,1
732,2022-11-25,Ecuador,1522,1526,39.5,1
732,2022-11-25,Netherlands,1597,1594,60.5,10
733,2022-11-25,Qatar,1478,1455,49.3,1
733,2022-11-25,Senegal,1482,1505,50.7,4
734,2022-11-25,Iran,1479,1501,49.8,4
734,2022-11-25,Wales,1480,1458,50.2,5
735,2022-11-26,Argentina,1497,1517,54.1,10
735,2022-11-26,Mexico,1468,1447,45.9,6
736,2022-11-26,Denmark,1541,1529,41.6,11
736,2022-11-26,France,1600,1612,58.4,13
737,2022-11-26,Poland,1452,1477,44.8,7
737,2022-11-26,Saudi Arabia,1488,1464,55.2,4
738,2022-11-26,Australia,1443,1460,45.2,4
738,2022-11-26,Tunisia,1476,1460,54.8,4
739,2022-11-27,Belgium,1629,1597,70.8,14
739,2022-11-27,Morocco,1475,1507,29.2,4
740,2022-11-27,Canada,1490,1466,45.0,1
740,2022-11-27,Croatia,1525,1548,55.0,12
741,2022-11-27,Costa Rica,1447,1464,42.6,4
741,2022-11-27,Japan,1499,1481,57.4,5
742,2022-11-27,Germany,1449,1455,31.1,11
742,2022-11-27,Spain,1587,1581,68.9,11
743,2022-11-28,Brazil,1643,1653,67.2,17
743,2022-11-28,Switzerland,1519,1509,32.8,10
744,2022-11-28,Cameroon,1485,1485,52.0,1
744,2022-11-28,Serbia,1471,1472,48.0,4
745,2022-11-28,Portugal,1509,1532,46.8,9
745,2022-11-28,Uruguay,1531,1507,53.2,7
746,2022-11-28,Ghana,1485,1500,48.5,1
746,2022-11-28,South Korea,1495,1480,51.5,4
747,2022-11-29,Ecuador,1526,1510,53.0,2
747,2022-11-29,Senegal,1505,1520,47.0,5
748,2022-11-29,Iran,1501,1486,49.7,5
748,2022-11-29,United States,1504,1518,50.3,2
749,2022-11-29,Netherlands,1594,1608,68.9,11
749,2022-11-29,Qatar,1455,1441,31.1,2
750,2022-11-29,England,1602,1618,69.6,18
750,2022-11-29,Wales,1458,1442,30.4,6
751,2022-11-30,Australia,1460,1478,40.2,5
751,2022-11-30,Denmark,1529,1511,59.8,12
752,2022-11-30,Argentina,1517,1537,55.8,11
752,2022-11-30,Poland,1477,1457,44.2,8
753,2022-11-30,Mexico,1447,1463,47.6,7
753,2022-11-30,Saudi Arabia,1464,1448,52.4,5
754,2022-11-30,France,1612,1591,70.6,14
754,2022-11-30,Tunisia,1460,1481,29.4,5
755,2022-12-01,Canada,1466,1453,44.2,2
755,2022-12-01,Morocco,1507,1520,55.8,5
756,2022-12-01,Costa Rica,1464,1441,51.4,5
756,2022-12-01,Germany,1455,1478,48.6,12
757,2022-12-01,Belgium,1597,1595,57.0,15
757,2022-12-01,Croatia,1548,1551,43.0,13
758,2022-12-01,Japan,1481,1501,36.0,6
758,2022-12-01,Spain,1581,1562,64.0,12
759,2022-12-02,Brazil,1653,1631,72.5,18
759,2022-12-02,Cameroon,1485,1506,27.5,2
760,2022-12-02,Ghana,1500,1478,49.0,2
760,2022-12-02,Uruguay,1507,1529,51.0,8
761,2022-12-02,Serbia,1472,1458,44.6,5
761,2022-12-02,Switzerland,1509,1522,55.4,11
762,2022-12-02,Portugal,1532,1515,57.6,10
762,2022-12-02,South Korea,1480,1497,42.4,5
763,2022-12-03,Argentina,1537,1550,58.5,12
763,2022-12-03,Australia,1478,1465,41.5,6
764,2022-12-03,Netherlands,1608,1624,62.5,12
764,2022-12-03,United States,1518,1502,37.5,3
765,2022-12-04,England,1618,1637,63.6,19
765,2022-12-04,Senegal,1520,1501,36.4,6
766,2022-12-04,France,1591,1605,68.4,15
766,2022-12-04,Poland,1457,1443,31.6,9
767,2022-12-05,Brazil,1631,1648,68.4,19
767,2022-12-05,South Korea,1497,1480,31.6,6
768,2022-12-05,Croatia,1551,1548,57.1,14
768,2022-12-05,Japan,1501,1503,42.9,7
769,2022-12-06,Morocco,1520,1522,44.0,6
769,2022-12-06,Spain,1562,1560,56.0,13
770,2022-12-06,Portugal,1515,1546,49.0,11
770,2022-12-06,Switzerland,1522,1492,51.0,12
771,2022-12-09,Brazil,1648,1644,63.9,20
771,2022-12-09,Croatia,1548,1553,36.1,15
772,2022-12-09,Argentina,1550,1553,39.4,13
772,2022-12-09,Netherlands,1624,1621,60.6,13
773,2022-12-10,England,1637,1620,54.5,20
773,2022-12-10,France,1605,1622,45.5,16
774,2022-12-10,Morocco,1522,1538,46.6,7
774,2022-12-10,Portugal,1546,1530,53.4,12
775,2022-12-13,Argentina,1553,1579,50.0,14
775,2022-12-13,Croatia,1553,1526,50.0,16
776,2022-12-14,France,1622,1639,61.8,17
776,2022-12-14,Morocco,1538,1521,38.2,8
777,2022-12-17,Croatia,1526,1541,50.8,17
777,2022-12-17,Morocco,1521,1506,49.2,9
778,2022-12-18,Argentina,1579,1582,41.5,15
778,2022-12-18,France,1639,1636,58.5,18
779,2023-09-15,Bayern München W,1500,1503,41.5,0
779,2023-09-15,SC Freiburg,1500,1497,58.5,0
780,2023-09-16,Duisburg WFC,1500,1469,41.5,0
780,2023-09-16,Hoffenheim W,1500,1531,58.5,0
781,2023-09-16,Nürnberg W,1500,1467,58.5,0
781,2023-09-16,SV Werder Bremen,1500,1533,41.5,0
782,2023-09-17,Köln,1500,1512,58.5,0
782,2023-09-17,RB Leipzig W,1500,1488,41.5,0
783,2023-09-17,Eintracht Frankfurt W,1500,1481,41.5,0
783,2023-09-17,SGS Essen 19/68,1500,1519,58.5,0
784,2023-09-17,TSV Bayer 04 Leverkusen,1500,1478,41.5,0
784,2023-09-17,VfL Wolfsburg WFC,1500,1522,58.5,0
785,2023-09-29,RB Leipzig W,1488,1501,54.2,1
785,2023-09-29,SGS Essen 19/68,1519,1505,45.8,1
786,2023-09-30,Hoffenheim W,1531,1558,41.2,1
786,2023-09-30,SV Werder Bremen,1533,1506,58.8,1
787,2023-09-30,Nürnberg W,1467,1442,39.9,1
787,2023-09-30,TSV Bayer 04 Leverkusen,1478,1504,60.1,1
788,2023-10-01,Duisburg WFC,1469,1468,54.5,1
788,2023-10-01,SC Freiburg,1497,1499,45.5,1
789,2023-10-01,Eintracht Frankfurt W,1481,1458,52.8,1
789,2023-10-01,VfL Wolfsburg WFC,1522,1546,47.2,1
790,2023-10-02,Bayern München W,1503,1522,57.2,1
790,2023-10-02,Köln,1512,1493,42.8,1
791,2023-10-06,Nürnberg W,1442,1433,28.0,2
791,2023-10-06,VfL Wolfsburg WFC,1546,1554,72.0,2
792,2023-10-07,Eintracht Frankfurt W,1458,1479,52.3,2
792,2023-10-07,RB Leipzig W,1501,1480,47.7,2
793,2023-10-07,Duisburg WFC,1468,1448,37.9,2
793,2023-10-07,Köln,1493,1513,62.1,2
794,2023-10-08,SC Freiburg,1499,1512,57.5,2
794,2023-10-08,SV Werder Bremen,1506,1494,42.5,2
795,2023-10-08,Bayern München W,1522,1547,43.8,2
795,2023-10-08,SGS Essen 19/68,1505,1480,56.2,2
796,2023-10-09,Hoffenheim W,1558,1553,65.8,2
796,2023-10-09,TSV Bayer 04 Leverkusen,1504,1508,34.2,2
797,2023-10-13,Hoffenheim W,1553,1575,58.5,3
797,2023-10-13,Nürnberg W,1433,1411,41.5,3
798,2023-10-14,Bayern München W,1547,1542,67.6,3
798,2023-10-14,Eintracht Frankfurt W,1479,1484,32.4,3
799,2023-10-14,Köln,1513,1490,44.2,3
799,2023-10-14,SV Werder Bremen,1494,1517,55.8,3
800,2023-10-15,RB Leipzig W,1480,1458,48.0,3
800,2023-10-15,VfL Wolfsburg WFC,1554,1576,52.0,3
801,2023-10-15,SC Freiburg,1512,1490,41.9,3
801,2023-10-15,TSV Bayer 04 Leverkusen,1508,1530,58.1,3
802,2023-10-16,Duisburg WFC,1448,1431,54.0,3
802,2023-10-16,SGS Essen 19/68,1480,1496,46.0,3
803,2023-10-20,Köln,1490,1474,52.8,4
803,2023-10-20,TSV Bayer 04 Leverkusen,1530,1546,47.2,4
804,2023-10-21,Nürnberg W,1411,1442,31.1,4
804,2023-10-21,SC Freiburg,1490,1459,68.9,4
805,2023-10-21,SGS Essen 19/68,1496,1494,55.6,4
805,2023-10-21,SV Werder Bremen,1517,1519,44.4,4
806,2023-10-22,Duisburg WFC,1431,1412,34.3,4
806,2023-10-22,Eintracht Frankfurt W,1484,1504,65.7,4
807,2023-10-22,Bayern München W,1542,1566,53.4,4
807,2023-10-22,RB Leipzig W,1458,1434,46.6,4
808,2023-10-22,Hoffenheim W,1575,1577,41.3,4
808,2023-10-22,VfL Wolfsburg WFC,1576,1573,58.7,4
809,2023-11-03,Duisburg WFC,1412,1410,55.5,5
809,2023-11-03,RB Leipzig W,1434,1435,44.5,5
810,2023-11-04,Hoffenheim W,1577,1555,73.7,5
810,2023-11-04,SC Freiburg,1459,1481,26.3,5
811,2023-11-04,SGS Essen 19/68,1494,1499,34.4,5
811,2023-11-04,TSV Bayer 04 Leverkusen,1546,1542,65.6,5
812,2023-11-05,Bayern München W,1566,1579,57.6,5
812,2023-11-05,VfL Wolfsburg WFC,1573,1560,42.4,5
813,2023-11-05,Köln,1474,1498,45.9,5
813,2023-11-05,Nürnberg W,1442,1418,54.1,5
814,2023-11-06,Eintracht Frankfurt W,1504,1522,39.4,5
814,2023-11-06,SV Werder Bremen,1519,1500,60.6,5
815,2023-11-10,Eintracht Frankfurt W,1522,1520,55.8,6
815,2023-11-10,TSV Bayer 04 Leverkusen,1542,1543,44.2,6
816,2023-11-11,RB Leipzig W,1435,1406,49.3,6
816,2023-11-11,SV Werder Bremen,1500,1530,50.7,6
817,2023-11-11,Nürnberg W,1418,1400,30.8,6
817,2023-11-11,SGS Essen 19/68,1499,1517,69.2,6
818,2023-11-12,Bayern München W,1579,1589,78.8,6
818,2023-11-12,Duisburg WFC,1410,1401,21.2,6
819,2023-11-12,SC Freiburg,1481,1463,30.9,6
819,2023-11-12,VfL Wolfsburg WFC,1560,1578,69.1,6
820,2023-11-13,Hoffenheim W,1555,1570,49.5,6
820,2023-11-13,Köln,1498,1483,50.5,6
821,2023-11-17,Hoffenheim W,1570,1536,65.7,7
821,2023-11-17,SGS Essen 19/68,1517,1552,34.3,7
822,2023-11-18,Eintracht Frankfurt W,1520,1539,58.6,7
822,2023-11-18,Nürnberg W,1400,1381,41.4,7
823,2023-11-18,Duisburg WFC,1401,1392,20.4,7
823,2023-11-18,VfL Wolfsburg WFC,1578,1587,79.6,7
824,2023-11-19,Bayern München W,1589,1611,49.8,7
824,2023-11-19,SV Werder Bremen,1530,1507,50.2,7
825,2023-11-19,RB Leipzig W,1406,1414,24.3,7
825,2023-11-19,TSV Bayer 04 Leverkusen,1543,1536,75.7,7
826,2023-11-20,Köln,1483,1485,44.3,7
826,2023-11-20,SC Freiburg,1463,1462,55.7,7
827,2023-12-08,Nürnberg W,1381,1385,37.0,8
827,2023-12-08,RB Leipzig W,1414,1410,63.0,8
828,2023-12-09,Köln,1485,1462,44.0,8
828,2023-12-09,VfL Wolfsburg WFC,1587,1610,56.0,8
829,2023-12-09,SC Freiburg,1462,1483,29.6,8
829,2023-12-09,SGS Essen 19/68,1552,1531,70.4,8
830,2023-12-10,Duisburg WFC,1392,1373,42.1,8
830,2023-12-10,SV Werder Bremen,1507,1526,57.9,8
831,2023-12-10,Eintracht Frankfurt W,1539,1557,59.0,8
831,2023-12-10,Hoffenheim W,1536,1517,41.0,8
832,2023-12-11,Bayern München W,1611,1628,68.6,8
832,2023-12-11,TSV Bayer 04 Leverkusen,1536,1519,31.4,8
833,2023-12-15,Duisburg WFC,1373,1361,23.4,9
833,2023-12-15,TSV Bayer 04 Leverkusen,1519,1531,76.6,9
834,2023-12-16,Köln,1462,1447,48.7,9
834,2023-12-16,SGS Essen 19/68,1531,1545,51.3,9
835,2023-12-16,Eintracht Frankfurt W,1557,1584,52.1,9
835,2023-12-16,SC Freiburg,1483,1456,47.9,9
836,2023-12-17,Hoffenheim W,1517,1526,72.4,9
836,2023-12-17,RB Leipzig W,1410,1401,27.6,9
837,2023-12-17,Bayern München W,1628,1620,74.1,9
837,2023-12-17,Nürnberg W,1385,1392,25.9,9
838,2023-12-18,SV Werder Bremen,1526,1517,30.4,9
838,2023-12-18,VfL Wolfsburg WFC,1610,1619,69.6,9
839,2024-01-26,SV Werder Bremen,1517,1530,56.6,10
839,2024-01-26,TSV Bayer 04 Leverkusen,1531,1518,43.4,10
840,2024-01-27,Bayern München W,1620,1629,70.9,10
840,2024-01-27,Hoffenheim W,1526,1517,29.1,10
841,2024-01-27,RB Leipzig W,1401,1379,50.8,10
841,2024-01-27,SC Freiburg,1456,1479,49.2,10
842,2024-01-28,Duisburg WFC,1361,1344,54.1,10
842,2024-01-28,Nürnberg W,1392,1408,45.9,10
843,2024-01-28,Eintracht Frankfurt W,1584,1591,75.6,10
843,2024-01-28,Köln,1447,1440,24.4,10
844,2024-01-29,SGS Essen 19/68,1545,1524,48.0,10
844,2024-01-29,VfL Wolfsburg WFC,1619,1641,52.0,10
845,2024-02-02,Duisburg WFC,1344,1329,34.4,11
845,2024-02-02,Hoffenheim W,1517,1532,65.6,11
846,2024-02-03,Köln,1440,1425,50.2,11
846,2024-02-03,RB Leipzig W,1379,1394,49.8,11
847,2024-02-03,Nürnberg W,1408,1394,26.0,11
847,2024-02-03,SV Werder Bremen,1530,1545,74.0,11
848,2024-02-04,Eintracht Frankfurt W,1591,1601,67.6,11
848,2024-02-04,SGS Essen 19/68,1524,1514,32.4,11
849,2024-02-04,TSV Bayer 04 Leverkusen,1518,1521,41.1,11
849,2024-02-04,VfL Wolfsburg WFC,1641,1638,58.9,11
850,2024-02-05,Bayern München W,1629,1642,77.1,11
850,2024-02-05,SC Freiburg,1479,1466,22.9,11
851,2024-02-09,RB Leipzig W,1394,1401,26.1,12
851,2024-02-09,SGS Essen 19/68,1514,1507,73.9,12
852,2024-02-10,Hoffenheim W,1532,1530,56.8,12
852,2024-02-10,SV Werder Bremen,1545,1547,43.2,12
853,2024-02-10,Bayern München W,1642,1659,71.2,12
853,2024-02-10,Köln,1425,1408,28.8,12
854,2024-02-11,Duisburg WFC,1329,1337,24.4,12
854,2024-02-11,SC Freiburg,1466,1458,75.6,12
855,2024-02-11,Eintracht Frankfurt W,1601,1582,36.4,12
855,2024-02-11,VfL Wolfsburg WFC,1638,1657,63.6,12
856,2024-02-12,Nürnberg W,1394,1382,40.4,12
856,2024-02-12,TSV Bayer 04 Leverkusen,1521,1533,59.6,12
857,2024-02-16,Eintracht Frankfurt W,1582,1562,66.8,13
857,2024-02-16,RB Leipzig W,1401,1421,33.2,13
858,2024-02-17,Nürnberg W,1382,1366,22.4,13
858,2024-02-17,VfL Wolfsburg WFC,1657,1673,77.6,13
859,2024-02-17,SC Freiburg,1458,1495,29.8,13
859,2024-02-17,SV Werder Bremen,1547,1510,70.2,13
860,2024-02-18,Bayern München W,1659,1670,77.3,13
860,2024-02-18,SGS Essen 19/68,1507,1497,22.7,13
861,2024-02-18,Duisburg WFC,1337,1337,48.4,13
861,2024-02-18,Köln,1408,1407,51.6,13
862,2024-02-18,Hoffenheim W,1530,1548,41.1,13
862,2024-02-18,TSV Bayer 04 Leverkusen,1533,1515,58.9,13
863,2024-03-08,Duisburg WFC,1337,1326,22.0,14
863,2024-03-08,SGS Essen 19/68,1497,1508,78.0,14
864,2024-03-09,Bayern München W,1670,1682,56.8,14
864,2024-03-09,Eintracht Frankfurt W,1562,1549,43.2,14
865,2024-03-09,Hoffenheim W,1548,1557,80.1,14
865,2024-03-09,Nürnberg W,1366,1357,19.9,14
866,2024-03-10,Köln,1407,1424,43.9,14
866,2024-03-10,SV Werder Bremen,1510,1493,56.1,14
867,2024-03-10,SC Freiburg,1495,1493,55.6,14
867,2024-03-10,TSV Bayer 04 Leverkusen,1515,1517,44.4,14
868,2024-03-11,RB Leipzig W,1421,1413,14.2,14
868,2024-03-11,VfL Wolfsburg WFC,1673,1681,85.8,14
869,2024-03-15,Hoffenheim W,1557,1575,40.9,15
869,2024-03-15,VfL Wolfsburg WFC,1681,1663,59.1,15
870,2024-03-16,Bayern München W,1682,1690,87.0,15
870,2024-03-16,RB Leipzig W,1413,1405,13.0,15
871,2024-03-16,SGS Essen 19/68,1508,1510,43.6,15
871,2024-03-16,SV Werder Bremen,1493,1491,56.4,15
872,2024-03-17,Duisburg WFC,1326,1317,28.1,15
872,2024-03-17,Eintracht Frankfurt W,1549,1557,71.9,15
873,2024-03-17,Nürnberg W,1357,1360,39.2,15
873,2024-03-17,SC Freiburg,1493,1490,60.8,15
874,2024-03-18,Köln,1424,1411,29.3,15
874,2024-03-18,TSV Bayer 04 Leverkusen,1517,1530,70.7,15
875,2024-03-22,Hoffenheim W,1575,1596,53.6,16
875,2024-03-22,SC Freiburg,1490,1469,46.4,16
876,2024-03-23,Köln,1411,1391,65.4,16
876,2024-03-23,Nürnberg W,1360,1380,34.6,16
877,2024-03-23,Bayern München W,1690,1721,45.3,16
877,2024-03-23,VfL Wolfsburg WFC,1663,1633,54.7,16
878,2024-03-24,Duisburg WFC,1317,1301,29.9,16
878,2024-03-24,RB Leipzig W,1405,1421,70.1,16
879,2024-03-24,SGS Essen 19/68,1510,1508,55.7,16
879,2024-03-24,TSV Bayer 04 Leverkusen,1530,1532,44.3,16
880,2024-03-25,Eintracht Frankfurt W,1557,1572,67.4,16
880,2024-03-25,SV Werder Bremen,1491,1477,32.6,16
881,2024-04-12,RB Leipzig W,1421,1426,33.9,17
881,2024-04-12,SV Werder Bremen,1477,1472,66.1,17
882,2024-04-13,SC Freiburg,1469,1450,35.5,17
882,2024-04-13,VfL Wolfsburg WFC,1633,1651,64.5,17
883,2024-04-13,Eintracht Frankfurt W,1572,1551,47.1,17
883,2024-04-13,TSV Bayer 04 Leverkusen,1532,1553,52.9,17
884,2024-04-14,Bayern München W,1721,1727,88.8,17
884,2024-04-14,Duisburg WFC,1301,1295,11.2,17
885,2024-04-14,Nürnberg W,1380,1357,40.2,17
885,2024-04-14,SGS Essen 19/68,1508,1531,59.8,17
886,2024-04-15,Hoffenheim W,1596,1586,82.1,17
886,2024-04-15,Köln,1391,1401,17.9,17
887,2024-04-19,RB Leipzig W,1426,1443,40.4,18
887,2024-04-19,TSV Bayer 04 Leverkusen,1553,1535,59.6,18
888,2024-04-20,Eintracht Frankfurt W,1551,1561,81.2,18
888,2024-04-20,Nürnberg W,1357,1347,18.8,18
889,2024-04-20,Hoffenheim W,1586,1571,49.3,18
889,2024-04-20,SGS Essen 19/68,1531,1546,50.7,18
890,2024-04-21,Duisburg WFC,1295,1287,15.4,18
890,2024-04-21,VfL Wolfsburg WFC,1651,1659,84.6,18
891,2024-04-21,Köln,1401,1423,51.5,18
891,2024-04-21,SC Freiburg,1450,1429,48.5,18
892,2024-04-22,Bayern München W,1727,1735,86.0,18
892,2024-04-22,SV Werder Bremen,1472,1464,14.0,18
893,2024-05-03,Köln,1423,1414,15.3,19
893,2024-05-03,VfL Wolfsburg WFC,1659,1668,84.7,19
894,2024-05-04,Eintracht Frankfurt W,1561,1588,40.0,19
894,2024-05-04,Hoffenheim W,1571,1544,60.0,19
895,2024-05-04,Bayern München W,1735,1744,69.0,19
895,2024-05-04,TSV Bayer 04 Leverkusen,1535,1526,31.0,19
896,2024-05-05,SC Freiburg,1429,1416,41.8,19
896,2024-05-05,SGS Essen 19/68,1546,1558,58.2,19
897,2024-05-05,Duisburg WFC,1287,1278,20.3,19
897,2024-05-05,SV Werder Bremen,1464,1474,79.7,19
898,2024-05-06,Nürnberg W,1347,1334,44.8,19
898,2024-05-06,RB Leipzig W,1443,1457,55.2,19
899,2024-05-10,Hoffenheim W,1544,1516,53.9,20
899,2024-05-10,RB Leipzig W,1457,1485,46.1,20
900,2024-05-11,Duisburg WFC,1278,1266,25.3,20
900,2024-05-11,TSV Bayer 04 Leverkusen,1526,1537,74.7,20
901,2024-05-11,Köln,1414,1407,23.6,20
901,2024-05-11,SGS Essen 19/68,1558,1565,76.4,20
902,2024-05-12,Bayern München W,1744,1748,93.7,20
902,2024-05-12,Nürnberg W,1334,1330,6.3,20
903,2024-05-12,SV Werder Bremen,1474,1457,31.6,20
903,2024-05-12,VfL Wolfsburg WFC,1668,1684,68.4,20
904,2024-05-13,Eintracht Frankfurt W,1588,1597,79.2,20
904,2024-05-13,SC Freiburg,1416,1407,20.8,20
905,2024-05-20,Bayern München W,1748,1762,72.9,21
905,2024-05-20,Hoffenheim W,1516,1502,27.1,21
906,2024-05-20,Eintracht Frankfurt W,1597,1607,67.9,21
906,2024-05-20,Köln,1407,1397,32.1,21
907,2024-05-20,Duisburg WFC,1266,1257,32.9,21
907,2024-05-20,Nürnberg W,1330,1340,67.1,21
908,2024-05-20,RB Leipzig W,1485,1469,52.7,21
908,2024-05-20,SC Freiburg,1407,1422,47.3,21
909,2024-05-20,SV Werder Bremen,1457,1478,30.8,21
909,2024-05-20,TSV Bayer 04 Leverkusen,1537,1517,69.2,21
910,2024-05-20,SGS Essen 19/68,1565,1549,26.3,21
910,2024-05-20,VfL Wolfsburg WFC,1684,1701,73.7,21
911,2021-11-19,Kerala Blasters,1500,1481,41.5,0
911,2021-11-19,Mohun Bagan Super Giant,1500,1519,58.5,0
912,2021-11-20,Bengaluru,1500,1519,58.5,0
912,2021-11-20,NorthEast United,1500,1481,41.5,0
913,2021-11-21,East Bengal,1500,1497,58.5,0
913,2021-11-21,Jamshedpur,1500,1503,41.5,0
914,2021-11-22,Goa,1500,1478,41.5,0
914,2021-11-22,Mumbai City,1500,1522,58.5,0
915,2021-11-23,Chennaiyin,1500,1518,41.5,0
915,2021-11-23,SC Delhi,1500,1482,58.5,0
916,2021-11-24,Bengaluru,1519,1499,44.1,1
916,2021-11-24,Odisha,1500,1520,55.9,0
917,2021-11-25,Kerala Blasters,1481,1484,41.5,1
917,2021-11-25,NorthEast United,1481,1479,58.5,1
918,2021-11-26,Goa,1478,1453,55.1,1
918,2021-11-26,Jamshedpur,1503,1527,44.9,1
919,2021-11-27,East Bengal,1497,1468,55.6,1
919,2021-11-27,Mohun Bagan Super Giant,1519,1548,44.4,1
920,2021-11-27,Mumbai City,1522,1493,63.9,1
920,2021-11-27,SC Delhi,1482,1511,36.1,1
921,2021-11-28,Bengaluru,1499,1496,60.6,2
921,2021-11-28,Kerala Blasters,1484,1487,39.4,2
922,2021-11-29,Chennaiyin,1518,1533,47.0,1
922,2021-11-29,NorthEast United,1479,1463,53.0,2
923,2021-11-30,East Bengal,1468,1453,34.5,2
923,2021-11-30,Odisha,1520,1535,65.5,1
924,2021-12-01,Mohun Bagan Super Giant,1548,1511,65.9,2
924,2021-12-01,Mumbai City,1493,1530,34.1,2
925,2021-12-02,Jamshedpur,1527,1524,60.8,2
925,2021-12-02,SC Delhi,1511,1514,39.2,2
926,2021-12-03,Chennaiyin,1533,1528,69.2,2
926,2021-12-03,East Bengal,1453,1459,30.8,3
927,2021-12-04,Bengaluru,1496,1471,53.7,3
927,2021-12-04,Mumbai City,1530,1554,46.3,3
928,2021-12-04,Goa,1453,1441,40.1,2
928,2021-12-04,NorthEast United,1463,1475,59.9,3
929,2021-12-05,Kerala Blasters,1487,1502,51.7,3
929,2021-12-05,Odisha,1535,1521,48.3,2
930,2021-12-06,Jamshedpur,1524,1536,60.4,3
930,2021-12-06,Mohun Bagan Super Giant,1511,1499,39.6,3
931,2021-12-07,East Bengal,1459,1440,60.9,4
931,2021-12-07,Goa,1441,1460,39.1,3
932,2021-12-08,Bengaluru,1471,1461,35.6,4
932,2021-12-08,SC Delhi,1514,1525,64.4,3
933,2021-12-09,Jamshedpur,1536,1518,38.9,4
933,2021-12-09,Mumbai City,1554,1572,61.1,4
934,2021-12-10,NorthEast United,1475,1464,35.2,4
934,2021-12-10,Odisha,1521,1531,64.8,3
935,2021-12-11,Bengaluru,1461,1448,41.6,5
935,2021-12-11,Goa,1460,1472,58.4,4
936,2021-12-11,Chennaiyin,1528,1529,45.5,3
936,2021-12-11,Mohun Bagan Super Giant,1499,1498,54.5,4
937,2021-12-12,East Bengal,1440,1440,49.8,5
937,2021-12-12,Kerala Blasters,1502,1502,50.2,4
938,2021-12-13,NorthEast United,1464,1446,33.3,5
938,2021-12-13,SC Delhi,1525,1544,66.7,4
939,2021-12-14,Jamshedpur,1518,1552,39.7,5
939,2021-12-14,Odisha,1531,1497,60.3,4
940,2021-12-15,Chennaiyin,1529,1518,35.6,4
940,2021-12-15,Mumbai City,1572,1582,64.4,5
941,2021-12-16,Bengaluru,1448,1448,51.6,6
941,2021-12-16,Mohun Bagan Super Giant,1498,1498,48.4,5
942,2021-12-17,East Bengal,1440,1422,40.7,6
942,2021-12-17,NorthEast United,1446,1464,59.3,6
943,2021-12-18,Chennaiyin,1518,1530,61.4,5
943,2021-12-18,Odisha,1497,1486,38.6,5
944,2021-12-18,Goa,1472,1473,48.3,5
944,2021-12-18,SC Delhi,1544,1543,51.7,5
945,2021-12-19,Kerala Blasters,1502,1538,30.8,5
945,2021-12-19,Mumbai City,1582,1546,69.2,6
946,2021-12-20,Bengaluru,1448,1454,27.9,7
946,2021-12-20,Jamshedpur,1552,1546,72.1,6
947,2021-12-21,Mohun Bagan Super Giant,1498,1514,46.3,6
947,2021-12-21,NorthEast United,1464,1448,53.7,7
948,2021-12-22,Chennaiyin,1530,1500,57.4,6
948,2021-12-22,Kerala Blasters,1538,1568,42.6,6
949,2021-12-23,East Bengal,1422,1429,26.0,7
949,2021-12-23,SC Delhi,1543,1536,74.0,6
950,2021-12-24,Goa,1473,1476,39.6,6
950,2021-12-24,Odisha,1486,1483,60.4,6
951,2021-12-26,Jamshedpur,1546,1549,38.4,7
951,2021-12-26,Kerala Blasters,1568,1565,61.6,7
952,2021-12-27,Mumbai City,1546,1544,55.5,7
952,2021-12-27,NorthEast United,1448,1449,44.5,8
953,2021-12-28,Odisha,1483,1462,34.2,7
953,2021-12-28,SC Delhi,1536,1557,65.8,7
954,2021-12-29,Goa,1476,1465,36.2,7
954,2021-12-29,Mohun Bagan Super Giant,1514,1525,63.8,7
955,2021-12-30,Bengaluru,1454,1484,35.3,8
955,2021-12-30,Chennaiyin,1500,1471,64.7,7
956,2022-01-02,Chennaiyin,1471,1491,31.0,8
956,2022-01-02,Jamshedpur,1549,1529,69.0,8
957,2022-01-02,Goa,1465,1471,28.5,8
957,2022-01-02,Kerala Blasters,1565,1558,71.5,8
958,2022-01-03,Mumbai City,1544,1521,53.2,8
958,2022-01-03,Odisha,1462,1486,46.8,8
959,2022-01-04,Bengaluru,1484,1479,65.9,9
959,2022-01-04,East Bengal,1429,1434,34.1,8
960,2022-01-05,Mohun Bagan Super Giant,1525,1524,54.1,8
960,2022-01-05,SC Delhi,1557,1558,45.9,8
961,2022-01-06,Jamshedpur,1529,1538,69.0,9
961,2022-01-06,NorthEast United,1449,1440,31.0,9
962,2022-01-07,East Bengal,1434,1435,46.2,9
962,2022-01-07,Mumbai City,1521,1519,53.8,9
963,2022-01-08,Chennaiyin,1491,1478,44.3,9
963,2022-01-08,Goa,1471,1485,55.7,9
964,2022-01-09,Kerala Blasters,1558,1571,58.6,9
964,2022-01-09,SC Delhi,1558,1545,41.4,9
965,2022-01-10,Bengaluru,1479,1512,35.9,10
965,2022-01-10,Mumbai City,1519,1486,64.1,10
966,2022-01-11,East Bengal,1435,1427,28.1,10
966,2022-01-11,Jamshedpur,1538,1546,71.9,10
967,2022-01-12,Kerala Blasters,1571,1591,53.5,10
967,2022-01-12,Odisha,1486,1465,46.5,9
968,2022-01-13,Chennaiyin,1478,1478,48.9,10
968,2022-01-13,SC Delhi,1545,1545,51.1,10
969,2022-01-14,Goa,1485,1480,64.6,10
969,2022-01-14,NorthEast United,1440,1445,35.4,10
970,2022-01-18,NorthEast United,1445,1420,55.6,11
970,2022-01-18,Odisha,1465,1490,44.4,10
971,2022-01-19,East Bengal,1427,1446,34.2,11
971,2022-01-19,Goa,1480,1461,65.8,11
972,2022-01-22,Chennaiyin,1478,1488,66.5,11
972,2022-01-22,NorthEast United,1420,1409,33.5,12
973,2022-01-23,Bengaluru,1512,1508,65.6,11
973,2022-01-23,Goa,1461,1465,34.4,12
974,2022-01-23,Mohun Bagan Super Giant,1524,1520,63.1,9
974,2022-01-23,Odisha,1490,1494,36.9,11
975,2022-01-24,East Bengal,1446,1421,44.4,12
975,2022-01-24,SC Delhi,1545,1570,55.6,11
976,2022-01-25,Mumbai City,1486,1480,68.7,11
976,2022-01-25,NorthEast United,1409,1415,31.3,13
977,2022-01-26,Bengaluru,1508,1528,61.2,12
977,2022-01-26,Chennaiyin,1488,1468,38.8,12
978,2022-01-27,Odisha,1494,1480,47.7,12
978,2022-01-27,SC Delhi,1570,1584,52.3,12
979,2022-01-28,Goa,1465,1456,30.7,13
979,2022-01-28,Jamshedpur,1546,1556,69.3,11
980,2022-01-29,East Bengal,1421,1408,28.7,13
980,2022-01-29,Mohun Bagan Super Giant,1520,1533,71.3,10
981,2022-01-30,Bengaluru,1528,1548,33.0,13
981,2022-01-30,Kerala Blasters,1591,1571,67.0,11
982,2022-01-31,NorthEast United,1415,1394,34.8,14
982,2022-01-31,SC Delhi,1584,1605,65.2,13
983,2022-02-01,Goa,1456,1454,55.2,14
983,2022-02-01,Odisha,1480,1481,44.8,13
984,2022-02-02,Chennaiyin,1468,1468,49.9,13
984,2022-02-02,East Bengal,1408,1408,50.1,14
985,2022-02-03,Mohun Bagan Super Giant,1533,1533,48.9,11
985,2022-02-03,Mumbai City,1480,1480,51.1,12
986,2022-02-04,Kerala Blasters,1571,1577,79.7,12
986,2022-02-04,NorthEast United,1394,1388,20.3,15
987,2022-02-05,Bengaluru,1548,1567,57.5,14
987,2022-02-05,Jamshedpur,1556,1536,42.5,12
988,2022-02-06,Chennaiyin,1468,1451,56.9,14
988,2022-02-06,Mumbai City,1480,1497,43.1,13
989,2022-02-07,East Bengal,1408,1394,48.1,15
989,2022-02-07,Odisha,1481,1496,51.9,14
990,2022-02-08,Mohun Bagan Super Giant,1533,1553,31.8,12
990,2022-02-08,SC Delhi,1605,1585,68.2,14
991,2022-02-09,Chennaiyin,1451,1416,58.1,15
991,2022-02-09,Goa,1454,1489,41.9,15
992,2022-02-10,Jamshedpur,1536,1561,52.7,13
992,2022-02-10,Kerala Blasters,1577,1553,47.3,13
993,2022-02-11,Bengaluru,1567,1551,56.1,15
993,2022-02-11,SC Delhi,1585,1602,43.9,15
994,2022-02-12,Mohun Bagan Super Giant,1553,1563,78.5,13
994,2022-02-12,NorthEast United,1388,1378,21.5,16
995,2022-02-13,Mumbai City,1497,1519,58.7,14
995,2022-02-13,Odisha,1496,1474,41.3,15
996,2022-02-14,East Bengal,1394,1387,22.1,16
996,2022-02-14,Kerala Blasters,1553,1559,77.9,14
997,2022-02-15,Goa,1489,1468,48.0,16
997,2022-02-15,Mohun Bagan Super Giant,1563,1585,52.0,14
998,2022-02-16,Chennaiyin,1416,1421,33.6,16
998,2022-02-16,Odisha,1474,1469,66.4,16
999,2022-02-17,Jamshedpur,1561,1572,64.4,14
999,2022-02-17,Mumbai City,1519,1508,35.6,15
1000,2022-02-18,Bengaluru,1551,1531,65.6,16
1000,2022-02-18,NorthEast United,1378,1398,34.4,17
1001,2022-02-19,Kerala Blasters,1559,1558,55.0,15
1001,2022-02-19,Mohun Bagan Super Giant,1585,1586,45.0,15
1002,2022-02-19,Goa,1468,1460,24.7,17
1002,2022-02-19,SC Delhi,1602,1609,75.3,16
1003,2022-02-20,Chennaiyin,1421,1402,37.2,17
1003,2022-02-20,Jamshedpur,1572,1592,62.8,15
1004,2022-02-21,Bengaluru,1531,1541,66.8,17
1004,2022-02-21,Odisha,1469,1459,33.2,17
1005,2022-02-22,East Bengal,1387,1380,26.1,17
1005,2022-02-22,Mumbai City,1508,1516,73.9,16
1006,2022-02-23,Kerala Blasters,1558,1547,34.5,16
1006,2022-02-23,SC Delhi,1609,1619,65.5,17
1007,2022-02-24,Mohun Bagan Super Giant,1586,1583,59.5,16
1007,2022-02-24,Odisha,1459,1462,40.5,18
1008,2022-02-25,Jamshedpur,1592,1601,68.3,16
1008,2022-02-25,NorthEast United,1398,1389,31.7,18
1009,2022-02-26,Goa,1460,1437,50.7,18
1009,2022-02-26,Mumbai City,1516,1539,49.3,17
1010,2022-02-26,Chennaiyin,1402,1389,23.4,18
1010,2022-02-26,Kerala Blasters,1547,1560,76.6,17
1011,2022-02-27,Bengaluru,1541,1525,35.7,18
1011,2022-02-27,Mohun Bagan Super Giant,1583,1599,64.3,17
1012,2022-02-28,East Bengal,1380,1377,57.3,18
1012,2022-02-28,NorthEast United,1389,1391,42.7,19
1013,2022-03-01,Jamshedpur,1601,1633,38.9,17
1013,2022-03-01,SC Delhi,1619,1587,61.1,18
1014,2022-03-02,Kerala Blasters,1560,1577,61.5,18
1014,2022-03-02,Mumbai City,1539,1521,38.5,18
1015,2022-03-03,Chennaiyin,1389,1380,29.6,19
1015,2022-03-03,Mohun Bagan Super Giant,1599,1608,70.4,18
1016,2022-03-04,Jamshedpur,1633,1645,79.1,18
1016,2022-03-04,Odisha,1462,1450,20.9,19
1017,2022-03-05,Bengaluru,1525,1536,62.3,19
1017,2022-03-05,East Bengal,1377,1366,37.7,19
1018,2022-03-05,Mumbai City,1521,1511,32.6,19
1018,2022-03-05,SC Delhi,1587,1597,67.4,19
1019,2022-03-06,Goa,1437,1441,38.7,19
1019,2022-03-06,Kerala Blasters,1577,1574,61.3,19
1020,2022-03-07,Jamshedpur,1645,1661,46.6,19
1020,2022-03-07,Mohun Bagan Super Giant,1608,1592,53.4,19
1021,2022-03-11,Jamshedpur,1661,1640,70.0,20
1021,2022-03-11,Kerala Blasters,1574,1595,30.0,20
1022,2022-03-12,Mohun Bagan Super Giant,1592,1574,40.8,20
1022,2022-03-12,SC Delhi,1597,1615,59.2,20
1023,2022-03-15,Jamshedpur,1640,1641,47.9,21
1023,2022-03-15,Kerala Blasters,1595,1594,52.1,21
1024,2022-03-16,Mohun Bagan Super Giant,1574,1588,52.7,21
1024,2022-03-16,SC Delhi,1615,1601,47.3,21
1025,2022-03-20,Kerala Blasters,1594,1597,40.4,22
1025,2022-03-20,SC Delhi,1601,1598,59.6,22
1026,1974-02-17,Barcelona,1500,1535,41.5,0
1026,1974-02-17,Real Madrid,1500,1465,58.5,0
1027,2004-10-16,Barcelona,1549,1564,48.4,4
1027,2004-10-16,Espanyol,1500,1485,51.6,0
1028,2004-10-24,Barcelona,1564,1581,67.1,5
1028,2004-10-24,Osasuna,1500,1483,32.9,0
1029,2004-12-04,Barcelona,1581,1599,69.3,6
1029,2004-12-04,Málaga,1500,1483,30.7,0
1030,2004-12-11,Albacete,1500,1487,44.5,0
1030,2004-12-11,Barcelona,1599,1612,55.5,7
1031,2004-12-21,Barcelona,1612,1620,72.9,8
1031,2004-12-21,Levante UD,1500,1492,27.1,0
1032,2005-04-17,Barcelona,1620,1632,73.8,9
1032,2005-04-17,Getafe,1500,1488,26.2,0
1033,2005-05-01,Albacete,1487,1476,23.5,1
1033,2005-05-01,Barcelona,1632,1643,76.5,10
1034,2005-10-01,Barcelona,1643,1635,76.2,11
1034,2005-10-01,Real Zaragoza,1500,1508,23.8,0
1035,2005-10-22,Barcelona,1635,1647,77.2,12
1035,2005-10-22,Osasuna,1483,1471,22.8,1
1036,2005-10-26,Barcelona,1647,1656,78.4,13
1036,2005-10-26,Málaga,1483,1473,21.6,1
1037,2005-11-06,Barcelona,1656,1672,65.1,14
1037,2005-11-06,Getafe,1488,1473,34.9,1
1038,2005-11-19,Barcelona,1672,1687,71.3,15
1038,2005-11-19,Real Madrid,1454,1439,28.7,2
1039,2005-11-27,Barcelona,1687,1697,80.6,16
1039,2005-11-27,Racing Santander,1500,1490,19.4,0
1040,2005-12-04,Barcelona,1697,1711,68.8,17
1040,2005-12-04,Villarreal,1500,1486,31.2,0
1041,2005-12-11,Barcelona,1711,1717,82.7,18
1041,2005-12-11,Sevilla,1500,1495,17.3,0
1042,2005-12-17,Barcelona,1717,1730,71.1,19
1042,2005-12-17,Cádiz,1500,1487,28.9,0
1043,2005-12-20,Barcelona,1730,1737,84.1,20
1043,2005-12-20,Celta Vigo,1500,1493,15.9,0
1044,2006-01-07,Barcelona,1737,1744,75.1,21
1044,2006-01-07,Espanyol,1485,1477,24.9,1
1045,2006-01-15,Athletic Club,1518,1513,16.1,1
1045,2006-01-15,Barcelona,1744,1749,83.9,22
1046,2006-01-22,Barcelona,1749,1755,85.6,23
1046,2006-01-22,Deportivo Alavés,1500,1493,14.4,0
1047,2006-01-29,Barcelona,1755,1768,75.5,24
1047,2006-01-29,Mallorca,1500,1487,24.5,0
1048,2006-02-05,Atlético Madrid,1500,1539,13.1,0
1048,2006-02-05,Barcelona,1768,1729,86.9,25
1049,2006-02-18,Barcelona,1729,1738,84.1,26
1049,2006-02-18,Real Betis,1500,1491,15.9,0
1050,2006-02-25,Barcelona,1738,1750,72.7,27
1050,2006-02-25,Real Zaragoza,1508,1496,27.3,1
1051,2006-08-28,Barcelona,1750,1758,75.7,28
1051,2006-08-28,Celta Vigo,1493,1486,24.3,1
1052,2006-09-09,Barcelona,1758,1764,88.1,29
1052,2006-09-09,Osasuna,1471,1465,11.9,2
1053,2006-09-17,Barcelona,1764,1776,77.4,30
1053,2006-09-17,Racing Santander,1490,1478,22.6,1
1054,2006-09-24,Barcelona,1776,1765,87.4,31
1054,2006-09-24,Valencia,1500,1511,12.6,0
1055,2006-09-30,Athletic Club,1513,1502,24.9,2
1055,2006-09-30,Barcelona,1765,1776,75.1,32
1056,2006-10-15,Barcelona,1776,1781,87.7,33
1056,2006-10-15,Sevilla,1495,1489,12.3,1
1057,2006-10-22,Barcelona,1781,1744,83.6,34
1057,2006-10-22,Real Madrid,1439,1476,16.4,3
1058,2006-11-04,Barcelona,1744,1737,74.2,35
1058,2006-11-04,RC Deportivo La Coruña,1500,1507,25.8,0
1059,2006-11-12,Barcelona,1737,1743,85.0,36
1059,2006-11-12,Real Zaragoza,1496,1489,15.0,2
1060,2007-02-11,Barcelona,1743,1749,86.7,37
1060,2007-02-11,Racing Santander,1478,1472,13.3,2
1061,2007-02-18,Barcelona,1749,1727,73.6,38
1061,2007-02-18,Valencia,1511,1533,26.4,1
1062,2007-02-25,Athletic Club,1502,1493,16.2,3
1062,2007-02-25,Barcelona,1727,1736,83.8,39
1063,2007-03-03,Barcelona,1736,1713,74.5,40
1063,2007-03-03,Sevilla,1489,1512,25.5,2
1064,2007-03-10,Barcelona,1713,1703,84.7,41
1064,2007-03-10,Real Madrid,1476,1487,15.3,4
1065,2007-03-17,Barcelona,1703,1720,69.5,42
1065,2007-03-17,Recreativo Huelva,1500,1483,30.5,0
1066,2007-03-31,Barcelona,1720,1725,82.8,43
1066,2007-03-31,RC Deportivo La Coruña,1507,1502,17.2,1
1067,2007-04-07,Barcelona,1725,1703,73.4,44
1067,2007-04-07,Real Zaragoza,1489,1511,26.6,3
1068,2007-04-15,Barcelona,1703,1708,83.1,45
1068,2007-04-15,Mallorca,1487,1482,16.9,1
1069,2007-04-22,Barcelona,1708,1676,71.8,46
1069,2007-04-22,Villarreal,1486,1518,28.2,1
1070,2007-04-29,Barcelona,1676,1682,80.3,47
1070,2007-04-29,Levante UD,1492,1486,19.7,1
1071,2007-05-05,Barcelona,1682,1697,66.9,48
1071,2007-05-05,Real Sociedad,1500,1485,33.1,0
1072,2007-05-13,Barcelona,1697,1687,82.2,49
1072,2007-05-13,Real Betis,1491,1501,17.8,1
1073,2007-05-20,Atlético Madrid,1539,1515,37.6,1
1073,2007-05-20,Barcelona,1687,1711,62.4,50
1074,2007-05-26,Barcelona,1711,1716,84.8,51
1074,2007-05-26,Getafe,1473,1468,15.2,2
1075,2007-06-09,Barcelona,1716,1705,84.8,52
1075,2007-06-09,Espanyol,1477,1487,15.2,2
1076,2007-06-17,Barcelona,1705,1722,69.8,53
1076,2007-06-17,Gimnàstic Tarragona,1500,1483,30.2,0
1077,2007-08-26,Barcelona,1722,1715,74.9,54
1077,2007-08-26,Racing Santander,1472,1479,25.1,3
1078,2007-09-02,Athletic Club,1493,1486,16.5,4
1078,2007-09-02,Barcelona,1715,1722,83.5,55
1079,2007-09-22,Barcelona,1722,1727,82.6,56
1079,2007-09-22,Sevilla,1512,1506,17.4,3
1080,2007-09-29,Barcelona,1727,1741,74.0,57
1080,2007-09-29,Levante UD,1486,1472,26.0,2
1081,2007-10-07,Atlético Madrid,1515,1507,16.2,2
1081,2007-10-07,Barcelona,1741,1750,83.8,58
1082,2007-10-20,Barcelona,1750,1717,72.8,59
1082,2007-10-20,Villarreal,1518,1551,27.2,2
1083,2007-10-28,Almería,1500,1492,16.9,0
1083,2007-10-28,Barcelona,1717,1724,83.1,60
1084,2007-11-01,Barcelona,1724,1718,72.0,61
1084,2007-11-01,Real Valladolid,1500,1507,28.0,0
1085,2007-11-04,Barcelona,1718,1727,83.1,62
1085,2007-11-04,Real Betis,1501,1492,16.9,2
1086,2007-11-10,Barcelona,1727,1693,75.8,63
1086,2007-11-10,Getafe,1468,1502,24.2,3
1087,2007-11-24,Barcelona,1693,1702,82.5,64
1087,2007-11-24,Recreativo Huelva,1483,1474,17.5,1
1088,2007-12-01,Barcelona,1702,1695,70.8,65
1088,2007-12-01,Espanyol,1487,1494,29.2,3
1089,2007-12-09,Barcelona,1695,1701,81.1,66
1089,2007-12-09,RC Deportivo La Coruña,1502,1496,18.9,2
1090,2007-12-15,Barcelona,1701,1719,65.0,67
1090,2007-12-15,Valencia,1533,1515,35.0,2
1091,2008-01-20,Barcelona,1719,1724,84.9,68
1091,2008-01-20,Racing Santander,1479,1475,15.1,4
1092,2008-01-27,Athletic Club,1486,1493,26.4,5
1092,2008-01-27,Barcelona,1724,1717,73.6,69
1093,2008-02-03,Barcelona,1717,1721,85.8,70
1093,2008-02-03,Osasuna,1465,1460,14.2,3
1094,2008-02-09,Barcelona,1721,1715,70.9,71
1094,2008-02-09,Sevilla,1506,1513,29.1,4
1095,2008-02-16,Barcelona,1715,1724,69.6,72
1095,2008-02-16,Real Zaragoza,1511,1502,30.4,4
1096,2008-02-24,Barcelona,1724,1732,85.7,73
1096,2008-02-24,Levante UD,1472,1464,14.3,3
1097,2008-03-01,Atlético Madrid,1507,1539,27.8,3
1097,2008-03-01,Barcelona,1732,1700,72.2,74
1098,2008-04-12,Barcelona,1700,1693,72.2,75
1098,2008-04-12,Recreativo Huelva,1474,1480,27.8,2
1099,2008-04-19,Barcelona,1693,1683,81.6,76
1099,2008-04-19,Espanyol,1494,1503,18.4,4
1100,2008-05-04,Barcelona,1683,1697,78.8,77
1100,2008-05-04,Valencia,1515,1501,21.2,3
1101,2008-05-07,Barcelona,1697,1660,70.4,78
1101,2008-05-07,Real Madrid,1487,1524,29.6,5
1102,2008-05-11,Barcelona,1660,1636,79.7,79
1102,2008-05-11,Mallorca,1482,1506,20.3,2
1103,2008-05-17,Barcelona,1636,1654,60.8,80
1103,2008-05-17,Real Murcia CF,1500,1482,39.2,0
1104,2008-08-31,Barcelona,1654,1635,63.2,81
1104,2008-08-31,CD Numancia de Soria,1500,1519,36.8,0
1105,2008-09-13,Barcelona,1635,1626,78.0,82
1105,2008-09-13,Racing Santander,1475,1483,22.0,5
1106,2008-09-21,Barcelona,1626,1651,59.4,83
1106,2008-09-21,Sporting Gijón,1500,1476,40.6,0
1107,2008-09-24,Barcelona,1651,1657,77.9,84
1107,2008-09-24,Real Betis,1492,1485,22.1,3
1108,2008-09-27,Barcelona,1657,1668,63.2,85
1108,2008-09-27,Espanyol,1503,1492,36.8,5
1109,2008-10-04,Atlético Madrid,1539,1524,25.2,4
1109,2008-10-04,Barcelona,1668,1683,74.8,86
1110,2008-10-25,Almería,1492,1481,19.1,1
1110,2008-10-25,Barcelona,1683,1695,80.9,87
1111,2008-11-01,Barcelona,1695,1710,71.7,88
1111,2008-11-01,Málaga,1473,1458,28.3,2
1112,2008-11-08,Barcelona,1710,1721,82.0,89
1112,2008-11-08,Real Valladolid,1507,1495,18.0,1
1113,2008-11-16,Barcelona,1721,1733,73.9,90
1113,2008-11-16,Recreativo Huelva,1480,1469,26.1,3
1114,2008-11-29,Barcelona,1733,1748,71.6,91
1114,2008-11-29,Sevilla,1513,1498,28.4,5
1115,2008-12-06,Barcelona,1748,1756,85.4,92
1115,2008-12-06,Valencia,1501,1493,14.6,4
1116,2008-12-13,Barcelona,1756,1763,84.3,93
1116,2008-12-13,Real Madrid,1524,1517,15.7,6
1117,2008-12-21,Barcelona,1763,1772,70.6,94
1117,2008-12-21,Villarreal,1551,1542,29.4,3
1118,2009-01-11,Barcelona,1772,1778,81.0,95
1118,2009-01-11,Osasuna,1460,1455,19.0,4
1119,2009-01-17,Barcelona,1778,1785,87.7,96
1119,2009-01-17,RC Deportivo La Coruña,1496,1489,12.3,3
1120,2009-01-24,Barcelona,1785,1792,86.7,97
1120,2009-01-24,CD Numancia de Soria,1519,1512,13.3,1
1121,2009-02-01,Barcelona,1792,1798,80.7,98
1121,2009-02-01,Racing Santander,1483,1478,19.3,6
1122,2009-02-08,Barcelona,1798,1802,90.0,99
1122,2009-02-08,Sporting Gijón,1476,1471,10.0,1
1123,2009-02-14,Barcelona,1802,1793,81.5,100
1123,2009-02-14,Real Betis,1485,1495,18.5,4
1124,2009-02-21,Barcelona,1793,1766,88.9,101
1124,2009-02-21,Espanyol,1492,1519,11.1,6
1125,2009-03-01,Atlético Madrid,1524,1546,25.9,5
1125,2009-03-01,Barcelona,1766,1744,74.1,102
1126,2009-03-07,Athletic Club,1493,1486,14.3,6
1126,2009-03-07,Barcelona,1744,1750,85.7,103
1127,2009-03-15,Almería,1481,1471,23.0,2
1127,2009-03-15,Barcelona,1750,1761,77.0,104
1128,2009-03-22,Barcelona,1761,1768,89.0,105
1128,2009-03-22,Málaga,1458,1451,11.0,3
1129,2009-04-04,Barcelona,1768,1775,77.3,106
1129,2009-04-04,Real Valladolid,1495,1488,22.7,2
1130,2009-04-11,Barcelona,1775,1780,89.2,107
1130,2009-04-11,Recreativo Huelva,1469,1464,10.8,4
1131,2009-04-18,Barcelona,1780,1786,77.8,108
1131,2009-04-18,Getafe,1502,1495,22.2,4
1132,2009-04-25,Barcelona,1786,1777,79.3,109
1132,2009-04-25,Valencia,1493,1502,20.7,5
1133,2009-05-02,Barcelona,1777,1791,76.1,110
1133,2009-05-02,Real Madrid,1517,1503,23.9,7
1134,2009-05-10,Barcelona,1791,1780,85.5,111
1134,2009-05-10,Villarreal,1542,1553,14.5,4
1135,2009-09-12,Barcelona,1787,1797,79.2,113
1135,2009-09-12,Getafe,1495,1486,20.8,5
1136,2009-09-19,Atlético Madrid,1546,1539,14.3,6
1136,2009-09-19,Barcelona,1797,1804,85.7,114
1137,2009-09-22,Barcelona,1804,1814,82.3,115
1137,2009-09-22,Racing Santander,1478,1468,17.7,7
1138,2009-09-26,Barcelona,1814,1820,85.1,116
1138,2009-09-26,Málaga,1451,1444,14.9,4
1139,2009-10-03,Almería,1471,1468,8.6,3
1139,2009-10-03,Barcelona,1820,1823,91.4,117
1140,2009-10-17,Barcelona,1823,1813,81.8,118
1140,2009-10-17,Valencia,1502,1512,18.2,6
1141,2009-10-25,Barcelona,1813,1820,89.5,119
1141,2009-10-25,Real Zaragoza,1502,1495,10.5,5
1142,2009-10-31,Barcelona,1820,1809,85.3,120
1142,2009-10-31,Osasuna,1455,1465,14.7,5
1143,2009-11-07,Barcelona,1809,1814,89.0,121
1143,2009-11-07,Mallorca,1506,1501,11.0,3
1144,2009-11-21,Athletic Club,1486,1496,17.7,7
1144,2009-11-21,Barcelona,1814,1804,82.3,122
1145,2009-11-29,Barcelona,1804,1808,88.9,123
1145,2009-11-29,Real Madrid,1503,1500,11.1,8
1146,2009-12-02,Barcelona,1808,1816,80.6,124
1146,2009-12-02,Xerez,1500,1491,19.4,0
1147,2009-12-05,Barcelona,1816,1824,82.3,125
1147,2009-12-05,RC Deportivo La Coruña,1489,1481,17.7,4
1148,2010-01-10,Barcelona,1824,1835,82.1,126
1148,2010-01-10,Tenerife,1500,1489,17.9,0
1149,2010-01-16,Barcelona,1835,1840,90.8,127
1149,2010-01-16,Sevilla,1498,1493,9.2,6
1150,2010-01-23,Barcelona,1840,1849,84.3,128
1150,2010-01-23,Real Valladolid,1488,1480,15.7,3
1151,2010-01-30,Barcelona,1849,1853,86.1,129
1151,2010-01-30,Sporting Gijón,1471,1467,13.9,2
1152,2010-02-06,Barcelona,1853,1855,92.1,130
1152,2010-02-06,Getafe,1486,1484,7.9,6
1153,2010-02-14,Atlético Madrid,1539,1563,18.6,7
1153,2010-02-14,Barcelona,1855,1831,81.4,131
1154,2010-02-20,Barcelona,1831,1835,91.9,132
1154,2010-02-20,Racing Santander,1468,1464,8.1,8
1155,2010-02-27,Barcelona,1835,1837,93.1,133
1155,2010-02-27,Málaga,1444,1442,6.9,5
1156,2010-03-06,Almería,1468,1479,14.4,4
1156,2010-03-06,Barcelona,1837,1827,85.6,134
1157,2010-03-14,Barcelona,1827,1832,89.7,135
1157,2010-03-14,Valencia,1512,1506,10.3,7
1158,2010-03-21,Barcelona,1832,1840,83.1,136
1158,2010-03-21,Real Zaragoza,1495,1488,16.9,6
1159,2010-03-24,Barcelona,1840,1843,92.4,137
1159,2010-03-24,Osasuna,1465,1462,7.6,6
1160,2010-03-27,Barcelona,1843,1848,83.5,138
1160,2010-03-27,Mallorca,1501,1496,16.5,4
1161,2010-04-03,Athletic Club,1496,1492,8.5,8
1161,2010-04-03,Barcelona,1848,1852,91.5,139
1162,2010-04-10,Barcelona,1852,1859,84.4,140
1162,2010-04-10,Real Madrid,1500,1493,15.6,9
1163,2010-04-14,Barcelona,1859,1863,92.6,141
1163,2010-04-14,RC Deportivo La Coruña,1481,1477,7.4,5
1164,2010-04-17,Barcelona,1863,1853,83.7,142
1164,2010-04-17,Espanyol,1519,1529,16.3,7
1165,2010-04-24,Barcelona,1853,1857,91.9,143
1165,2010-04-24,Xerez,1491,1488,8.1,1
1166,2010-05-01,Barcelona,1857,1867,80.3,144
1166,2010-05-01,Villarreal,1553,1543,19.7,5
1167,2010-05-04,Barcelona,1867,1871,92.6,145
1167,2010-05-04,Tenerife,1489,1485,7.4,1
1168,2010-05-08,Barcelona,1871,1875,86.2,146
1168,2010-05-08,Sevilla,1493,1488,13.8,7
1169,2010-05-16,Barcelona,1875,1879,93.2,147
1169,2010-05-16,Real Valladolid,1480,1476,6.8,4
1170,2010-08-29,Barcelona,1879,1885,88.6,148
1170,2010-08-29,Racing Santander,1464,1458,11.4,9
1171,2010-09-11,Barcelona,1885,1843,92.8,149
1171,2010-09-11,Hércules,1500,1542,7.2,0
1172,2010-09-19,Atlético Madrid,1563,1557,22.0,8
1172,2010-09-19,Barcelona,1843,1850,78.0,150
1173,2010-10-03,Barcelona,1850,1837,91.5,151
1173,2010-10-03,Mallorca,1496,1509,8.5,5
1174,2010-10-16,Barcelona,1837,1840,90.5,152
1174,2010-10-16,Valencia,1506,1503,9.5,8
1175,2010-10-23,Barcelona,1840,1847,84.3,153
1175,2010-10-23,Real Zaragoza,1488,1481,15.7,7
1176,2010-10-30,Barcelona,1847,1852,91.8,154
1176,2010-10-30,Sevilla,1488,1483,8.2,8
1177,2010-11-07,Barcelona,1852,1859,85.5,155
1177,2010-11-07,Getafe,1484,1477,14.5,7
1178,2010-11-13,Barcelona,1859,1863,89.7,156
1178,2010-11-13,Villarreal,1543,1538,10.3,6
1179,2010-11-20,Almería,1479,1469,13.4,5
1179,2010-11-20,Barcelona,1863,1873,86.6,157
1180,2010-11-29,Barcelona,1873,1877,92.7,158
1180,2010-11-29,Real Madrid,1493,1488,7.3,10
1181,2010-12-04,Barcelona,1877,1883,88.6,159
1181,2010-12-04,Osasuna,1462,1456,11.4,7
1182,2010-12-12,Barcelona,1883,1887,93.3,160
1182,2010-12-12,Real Sociedad,1485,1481,6.7,1
1183,2010-12-18,Barcelona,1887,1896,84.8,161
1183,2010-12-18,Espanyol,1529,1520,15.2,8
1184,2011-01-08,Barcelona,1896,1902,88.7,162
1184,2011-01-08,RC Deportivo La Coruña,1477,1471,11.3,6
1185,2011-01-16,Barcelona,1902,1905,95.2,163
1185,2011-01-16,Málaga,1442,1440,4.8,6
1186,2011-01-22,Barcelona,1905,1907,94.9,164
1186,2011-01-22,Racing Santander,1458,1455,5.1,10
1187,2011-01-29,Barcelona,1907,1915,85.3,165
1187,2011-01-29,Hércules,1542,1534,14.7,1
1188,2011-02-05,Atlético Madrid,1557,1552,8.2,9
1188,2011-02-05,Barcelona,1915,1920,91.8,166
1189,2011-02-12,Barcelona,1920,1907,90.5,167
1189,2011-02-12,Sporting Gijón,1467,1479,9.5,3
1190,2011-02-20,Athletic Club,1492,1490,6.1,9
1190,2011-02-20,Barcelona,1907,1909,93.9,168
1191,2011-02-26,Barcelona,1909,1916,87.7,169
1191,2011-02-26,Mallorca,1509,1502,12.3,6
1192,2011-03-02,Barcelona,1916,1919,88.4,170
1192,2011-03-02,Valencia,1503,1500,11.6,9
1193,2011-03-05,Barcelona,1919,1921,94.6,171
1193,2011-03-05,Real Zaragoza,1481,1479,5.4,8
1194,2011-03-13,Barcelona,1921,1909,89.8,172
1194,2011-03-13,Sevilla,1483,1495,10.2,9
1195,2011-03-19,Barcelona,1909,1910,94.4,173
1195,2011-03-19,Getafe,1477,1475,5.6,8
1196,2011-04-02,Barcelona,1910,1915,85.8,174
1196,2011-04-02,Villarreal,1538,1534,14.2,7
1197,2011-04-09,Almería,1469,1467,5.2,6
1197,2011-04-09,Barcelona,1915,1917,94.8,175
1198,2011-04-16,Barcelona,1917,1905,89.3,176
1198,2011-04-16,Real Madrid,1488,1500,10.7,11
1199,2011-04-23,Barcelona,1905,1908,94.9,177
1199,2011-04-23,Osasuna,1456,1453,5.1,8
1200,2011-04-30,Barcelona,1908,1881,89.2,178
1200,2011-04-30,Real Sociedad,1481,1508,10.8,2
1201,2011-05-08,Barcelona,1881,1884,91.8,179
1201,2011-05-08,Espanyol,1520,1517,8.2,9
1202,2011-05-11,Barcelona,1884,1873,88.8,180
1202,2011-05-11,Levante UD,1464,1476,11.2,4
1203,2011-08-29,Barcelona,1877,1882,91.1,182
1203,2011-08-29,Villarreal,1534,1528,8.9,8
1204,2011-09-10,Barcelona,1882,1872,86.0,183
1204,2011-09-10,Real Sociedad,1508,1519,14.0,3
1205,2011-09-17,Barcelona,1872,1876,94.0,184
1205,2011-09-17,Osasuna,1453,1449,6.0,9
1206,2011-09-21,Barcelona,1876,1865,86.1,185
1206,2011-09-21,Valencia,1500,1511,13.9,10
1207,2011-09-24,Atlético Madrid,1552,1546,10.5,10
1207,2011-09-24,Barcelona,1865,1871,89.5,186
1208,2011-10-02,Barcelona,1871,1875,87.1,187
1208,2011-10-02,Sporting Gijón,1479,1475,12.9,4
1209,2011-10-15,Barcelona,1875,1878,94.1,188
1209,2011-10-15,Racing Santander,1455,1452,5.9,11
1210,2011-10-22,Barcelona,1878,1866,92.8,189
1210,2011-10-22,Sevilla,1495,1508,7.2,10
1211,2011-10-25,Barcelona,1866,1870,85.3,190
1211,2011-10-25,Granada,1500,1496,14.7,0
1212,2011-10-29,Barcelona,1870,1875,92.2,191
1212,2011-10-29,Mallorca,1502,1497,7.8,7
1213,2011-11-06,Athletic Club,1490,1501,13.4,10
1213,2011-11-06,Barcelona,1875,1864,86.6,192
1214,2011-11-19,Barcelona,1864,1868,92.8,193
1214,2011-11-19,Real Zaragoza,1479,1475,7.2,9
1215,2011-11-26,Barcelona,1868,1842,87.1,194
1215,2011-11-26,Getafe,1475,1502,12.9,9
1216,2011-11-29,Barcelona,1842,1847,91.0,195
1216,2011-11-29,Rayo Vallecano,1500,1495,9.0,0
1217,2011-12-03,Barcelona,1847,1851,92.3,196
1217,2011-12-03,Levante UD,1476,1471,7.7,5
1218,2011-12-10,Barcelona,1851,1858,84.2,197
1218,2011-12-10,Real Madrid,1500,1493,15.8,12
1219,2012-01-08,Barcelona,1858,1848,83.5,198
1219,2012-01-08,Espanyol,1517,1527,16.5,10
1220,2012-01-15,Barcelona,1848,1852,91.5,199
1220,2012-01-15,Real Betis,1495,1491,8.5,5
1221,2012-01-22,Barcelona,1852,1858,88.4,200
1221,2012-01-22,Málaga,1440,1434,11.6,7
1222,2012-01-28,Barcelona,1858,1848,82.5,201
1222,2012-01-28,Villarreal,1528,1538,17.5,9
1223,2012-02-04,Barcelona,1848,1851,90.4,202
1223,2012-02-04,Real Sociedad,1519,1516,9.6,4
1224,2012-02-11,Barcelona,1851,1825,87.8,203
1224,2012-02-11,Osasuna,1449,1476,12.2,10
1225,2012-02-19,Barcelona,1825,1831,89.6,204
1225,2012-02-19,Valencia,1511,1505,10.4,11
1226,2012-02-26,Atlético Madrid,1546,1539,21.5,11
1226,2012-02-26,Barcelona,1831,1837,78.5,205
1227,2012-03-11,Barcelona,1837,1843,86.7,206
1227,2012-03-11,Racing Santander,1452,1446,13.3,12
1228,2012-03-17,Barcelona,1843,1851,83.0,207
1228,2012-03-17,Sevilla,1508,1501,17.0,11
1229,2012-03-20,Barcelona,1851,1855,91.6,208
1229,2012-03-20,Granada,1496,1492,8.4,1
1230,2012-03-24,Barcelona,1855,1862,84.7,209
1230,2012-03-24,Mallorca,1497,1490,15.3,8
1231,2012-03-31,Athletic Club,1501,1497,8.2,11
1231,2012-03-31,Barcelona,1862,1865,91.8,210
1232,2012-04-07,Barcelona,1865,1872,87.0,211
1232,2012-04-07,Real Zaragoza,1475,1468,13.0,10
1233,2012-04-10,Barcelona,1872,1876,92.3,212
1233,2012-04-10,Getafe,1502,1497,7.7,10
1234,2012-04-14,Barcelona,1876,1880,87.9,213
1234,2012-04-14,Levante UD,1471,1468,12.1,6
1235,2012-04-21,Barcelona,1880,1852,92.9,214
1235,2012-04-21,Real Madrid,1493,1521,7.1,13
1236,2012-04-29,Barcelona,1852,1863,84.7,215
1236,2012-04-29,Rayo Vallecano,1495,1485,15.3,1
1237,2012-05-02,Barcelona,1863,1866,94.3,216
1237,2012-05-02,Málaga,1434,1431,5.7,8
1238,2012-05-05,Barcelona,1866,1871,90.8,217
1238,2012-05-05,Espanyol,1527,1522,9.2,11
1239,2012-05-12,Barcelona,1871,1860,86.3,218
1239,2012-05-12,Real Betis,1491,1502,13.7,6
1240,2012-08-19,Barcelona,1860,1865,91.1,219
1240,2012-08-19,Real Sociedad,1516,1511,8.9,5
1241,2012-08-26,Barcelona,1865,1869,86.9,220
1241,2012-08-26,Osasuna,1476,1472,13.1,11
1242,2012-09-02,Barcelona,1869,1871,92.0,221
1242,2012-09-02,Valencia,1505,1502,8.0,12
1243,2012-09-15,Barcelona,1871,1879,85.9,222
1243,2012-09-15,Getafe,1497,1490,14.1,11
1244,2012-09-22,Barcelona,1879,1882,92.9,223
1244,2012-09-22,Granada,1492,1489,7.1,2
1245,2012-09-29,Barcelona,1882,1886,86.4,224
1245,2012-09-29,Sevilla,1501,1496,13.6,12
1246,2012-10-07,Barcelona,1886,1873,92.0,225
1246,2012-10-07,Real Madrid,1521,1533,8.0,14
1247,2012-10-20,Barcelona,1873,1877,87.8,226
1247,2012-10-20,RC Deportivo La Coruña,1471,1467,12.2,7
1248,2012-10-27,Barcelona,1877,1885,87.1,227
1248,2012-10-27,Rayo Vallecano,1485,1477,12.9,2
1249,2012-11-03,Barcelona,1885,1888,93.4,228
1249,2012-11-03,Celta Vigo,1486,1483,6.6,2
1250,2012-11-11,Barcelona,1888,1893,87.4,229
1250,2012-11-11,Mallorca,1490,1485,12.6,9
1251,2012-11-17,Barcelona,1893,1896,94.2,230
1251,2012-11-17,Real Zaragoza,1468,1466,5.8,11
1252,2012-11-25,Barcelona,1896,1902,89.3,231
1252,2012-11-25,Levante UD,1468,1462,10.7,7
1253,2012-12-01,Athletic Club,1497,1494,6.4,12
1253,2012-12-01,Barcelona,1902,1905,93.6,232
1254,2012-12-09,Barcelona,1905,1909,87.9,233
1254,2012-12-09,Real Betis,1502,1498,12.1,7
1255,2012-12-16,Atlético Madrid,1539,1535,7.8,12
1255,2012-12-16,Barcelona,1909,1913,92.2,234
1256,2012-12-22,Barcelona,1913,1918,89.8,235
1256,2012-12-22,Real Valladolid,1476,1472,10.2,5
1257,2013-01-06,Barcelona,1918,1922,93.3,236
1257,2013-01-06,Espanyol,1522,1518,6.7,12
1258,2013-01-13,Barcelona,1922,1925,92.3,237
1258,2013-01-13,Málaga,1431,1427,7.7,9
1259,2013-01-19,Barcelona,1925,1899,88.5,238
1259,2013-01-19,Real Sociedad,1511,1537,11.5,6
1260,2013-01-27,Barcelona,1899,1902,94.3,239
1260,2013-01-27,Osasuna,1472,1468,5.7,12
1261,2013-02-03,Barcelona,1902,1890,87.6,240
1261,2013-02-03,Valencia,1502,1514,12.4,13
1262,2013-02-10,Barcelona,1890,1894,93.4,241
1262,2013-02-10,Getafe,1490,1486,6.6,12
1263,2013-02-16,Barcelona,1894,1898,88.0,242
1263,2013-02-16,Granada,1489,1485,12.0,3
1264,2013-02-23,Barcelona,1898,1900,93.4,243
1264,2013-02-23,Sevilla,1496,1495,6.6,13
1265,2013-03-02,Barcelona,1900,1874,85.4,244
1265,2013-03-02,Real Madrid,1533,1559,14.6,15
1266,2013-03-09,Barcelona,1874,1877,93.6,245
1266,2013-03-09,RC Deportivo La Coruña,1467,1464,6.4,8
1267,2013-03-17,Barcelona,1877,1880,93.4,246
1267,2013-03-17,Rayo Vallecano,1477,1474,6.6,3
1268,2013-03-30,Barcelona,1880,1869,87.5,247
1268,2013-03-30,Celta Vigo,1483,1494,12.5,3
1269,2013-04-27,Athletic Club,1494,1504,14.0,13
1269,2013-04-27,Barcelona,1869,1858,86.0,248
1270,2013-05-05,Barcelona,1858,1862,91.8,249
1270,2013-05-05,Real Betis,1498,1494,8.2,8
1271,2013-05-12,Atlético Madrid,1535,1530,17.7,13
1271,2013-05-12,Barcelona,1862,1867,82.3,250
1272,2013-08-18,Barcelona,1867,1872,93.6,251
1272,2013-08-18,Levante UD,1462,1457,6.4,8
1273,2013-09-01,Barcelona,1872,1876,84.7,252
1273,2013-09-01,Valencia,1514,1509,15.3,14
1274,2013-09-14,Barcelona,1876,1878,92.7,253
1274,2013-09-14,Sevilla,1495,1492,7.3,14
1275,2013-09-21,Barcelona,1878,1885,87.9,254
1275,2013-09-21,Rayo Vallecano,1474,1467,12.1,4
1276,2013-09-24,Barcelona,1885,1890,91.3,255
1276,2013-09-24,Real Sociedad,1537,1533,8.7,7
1277,2013-09-28,Almería,1467,1462,11.0,7
1277,2013-09-28,Barcelona,1890,1895,89.0,256
1278,2013-10-19,Barcelona,1895,1883,89.2,257
1278,2013-10-19,Osasuna,1468,1480,10.8,13
1279,2013-10-26,Barcelona,1883,1886,90.1,258
1279,2013-10-26,Real Madrid,1559,1556,9.9,16
1280,2013-10-29,Barcelona,1886,1893,87.1,259
1280,2013-10-29,Celta Vigo,1494,1487,12.9,4
1281,2013-11-01,Barcelona,1893,1895,92.4,260
1281,2013-11-01,Espanyol,1518,1516,7.6,13
1282,2013-11-10,Barcelona,1895,1901,87.7,261
1282,2013-11-10,Real Betis,1494,1488,12.3,9
1283,2014-01-11,Atlético Madrid,1530,1541,14.3,14
1283,2014-01-11,Barcelona,1901,1891,85.7,262
1284,2014-01-19,Barcelona,1891,1879,89.6,263
1284,2014-01-19,Levante UD,1457,1469,10.4,9
1285,2014-01-26,Barcelona,1879,1881,95.0,264
1285,2014-01-26,Málaga,1427,1425,5.0,10
1286,2014-02-01,Barcelona,1881,1854,92.3,265
1286,2014-02-01,Valencia,1509,1537,7.7,15
1287,2014-02-09,Barcelona,1854,1862,85.0,266
1287,2014-02-09,Sevilla,1492,1484,15.0,15
1288,2014-02-15,Barcelona,1862,1866,93.2,267
1288,2014-02-15,Rayo Vallecano,1467,1463,6.8,5
1289,2014-02-22,Barcelona,1866,1829,82.8,268
1289,2014-02-22,Real Sociedad,1533,1570,17.2,8
1290,2014-03-02,Almería,1462,1458,7.9,8
1290,2014-03-02,Barcelona,1829,1833,92.1,269
1291,2014-03-08,Barcelona,1833,1807,85.0,270
1291,2014-03-08,Real Valladolid,1472,1497,15.0,6
1292,2014-03-16,Barcelona,1807,1814,90.3,271
1292,2014-03-16,Osasuna,1480,1474,9.7,14
1293,2014-03-23,Barcelona,1814,1821,75.7,272
1293,2014-03-23,Real Madrid,1556,1549,24.3,17
1294,2014-03-26,Barcelona,1821,1826,90.6,273
1294,2014-03-26,Celta Vigo,1487,1482,9.4,5
1295,2014-03-29,Barcelona,1826,1832,80.9,274
1295,2014-03-29,Espanyol,1516,1510,19.1,14
1296,2014-04-05,Barcelona,1832,1836,91.1,275
1296,2014-04-05,Real Betis,1488,1484,8.9,10
1297,2014-04-12,Barcelona,1836,1811,84.2,276
1297,2014-04-12,Granada,1485,1510,15.8,4
1298,2014-04-20,Athletic Club,1504,1501,10.8,14
1298,2014-04-20,Barcelona,1811,1814,89.2,277
1299,2014-04-27,Barcelona,1814,1821,77.6,278
1299,2014-04-27,Villarreal,1538,1531,22.4,10
1300,2014-05-03,Barcelona,1821,1808,90.6,279
1300,2014-05-03,Getafe,1486,1498,9.4,13
1301,2014-05-11,Barcelona,1808,1799,80.7,280
1301,2014-05-11,Elche,1500,1509,19.3,0
1302,2014-05-17,Atlético Madrid,1541,1552,13.8,15
1302,2014-05-17,Barcelona,1799,1788,86.2,281
1303,2014-08-24,Barcelona,1788,1795,87.6,282
1303,2014-08-24,Elche,1509,1503,12.4,1
1304,2014-08-31,Barcelona,1795,1802,76.3,283
1304,2014-08-31,Villarreal,1531,1524,23.7,11
1305,2014-09-13,Athletic Club,1501,1496,11.1,15
1305,2014-09-13,Barcelona,1802,1807,88.9,284
1306,2014-09-21,Barcelona,1807,1817,83.2,285
1306,2014-09-21,Levante UD,1469,1459,16.8,10
1307,2014-09-24,Barcelona,1817,1806,87.1,286
1307,2014-09-24,Málaga,1425,1436,12.9,11
1308,2014-09-27,Barcelona,1806,1813,88.6,287
1308,2014-09-27,Granada,1510,1503,11.4,5
1309,2014-10-04,Barcelona,1813,1820,84.2,288
1309,2014-10-04,Rayo Vallecano,1463,1456,15.8,6
1310,2014-10-18,Barcelona,1820,1826,89.9,289
1310,2014-10-18,Eibar,1500,1495,10.1,0
1311,2014-10-25,Barcelona,1826,1792,74.9,290
1311,2014-10-25,Real Madrid,1575,1609,25.1,19
1312,2014-11-01,Barcelona,1792,1765,89.4,291
1312,2014-11-01,Celta Vigo,1482,1509,10.6,6
1313,2014-11-08,Almería,1458,1452,19.4,9
1313,2014-11-08,Barcelona,1765,1771,80.6,292
1314,2014-11-22,Barcelona,1771,1778,88.0,293
1314,2014-11-22,Sevilla,1484,1478,12.0,16
1315,2014-11-30,Barcelona,1778,1785,73.9,294
1315,2014-11-30,Valencia,1537,1529,26.1,16
1316,2014-12-07,Barcelona,1785,1793,87.3,295
1316,2014-12-07,Espanyol,1510,1503,12.7,15
1317,2014-12-13,Barcelona,1793,1784,79.4,296
1317,2014-12-13,Getafe,1498,1507,20.6,14
1318,2014-12-20,Barcelona,1784,1791,87.9,297
1318,2014-12-20,Córdoba CF,1500,1493,12.1,0
1319,2015-01-04,Barcelona,1791,1770,71.6,298
1319,2015-01-04,Real Sociedad,1570,1591,28.4,9
1320,2015-01-11,Atlético Madrid,1525,1519,14.8,17
1320,2015-01-11,Barcelona,1770,1776,85.2,299
1321,2015-01-18,Barcelona,1776,1787,81.0,300
1321,2015-01-18,RC Deportivo La Coruña,1464,1454,19.0,9
1322,2015-01-24,Barcelona,1787,1801,78.4,301
1322,2015-01-24,Elche,1503,1489,21.6,2
1323,2015-02-01,Barcelona,1801,1804,87.4,302
1323,2015-02-01,Villarreal,1524,1520,12.6,12
1324,2015-02-08,Athletic Club,1496,1486,19.3,16
1324,2015-02-08,Barcelona,1804,1815,80.7,303
1325,2015-02-15,Barcelona,1815,1820,91.6,304
1325,2015-02-15,Levante UD,1459,1454,8.4,11
1326,2015-02-21,Barcelona,1820,1792,92.8,305
1326,2015-02-21,Málaga,1436,1464,7.2,12
1327,2015-02-28,Barcelona,1792,1801,78.9,306
1327,2015-02-28,Granada,1503,1493,21.1,6
1328,2015-03-08,Barcelona,1801,1807,91.2,307
1328,2015-03-08,Rayo Vallecano,1456,1450,8.8,7
1329,2015-03-14,Barcelona,1807,1815,81.0,308
1329,2015-03-14,Eibar,1495,1486,19.0,1
1330,2015-03-22,Barcelona,1815,1820,82.2,309
1330,2015-03-22,Real Madrid,1609,1604,17.8,20
1331,2015-04-05,Barcelona,1820,1826,81.0,310
1331,2015-04-05,Celta Vigo,1509,1503,19.0,7
1332,2015-04-08,Almería,1452,1448,7.6,10
1332,2015-04-08,Barcelona,1826,1830,92.4,311
1333,2015-04-11,Barcelona,1830,1820,84.4,312
1333,2015-04-11,Sevilla,1478,1488,15.6,17
1334,2015-04-18,Barcelona,1820,1825,88.3,313
1334,2015-04-18,Valencia,1529,1524,11.7,17
1335,2015-04-25,Barcelona,1825,1833,81.9,314
1335,2015-04-25,Espanyol,1503,1495,18.1,16
1336,2015-04-28,Barcelona,1833,1840,90.2,315
1336,2015-04-28,Getafe,1507,1501,9.8,15
1337,2015-05-02,Barcelona,1840,1851,83.9,316
1337,2015-05-02,Córdoba CF,1493,1481,16.1,1
1338,2015-05-09,Barcelona,1851,1857,86.3,317
1338,2015-05-09,Real Sociedad,1591,1585,13.7,10
1339,2015-05-17,Atlético Madrid,1519,1514,16.7,18
1339,2015-05-17,Barcelona,1857,1862,83.3,318
1340,2015-05-23,Barcelona,1862,1849,93.7,319
1340,2015-05-23,RC Deportivo La Coruña,1454,1467,6.3,10
1341,2015-08-21,Málaga,1464,1462,55.1,13
1341,2015-08-21,Sevilla,1488,1490,44.9,18
1342,2015-08-22,Atlético Madrid,1514,1525,63.2,19
1342,2015-08-22,Las Palmas,1480,1469,36.8,1
1343,2015-08-22,Espanyol,1495,1507,57.7,17
1343,2015-08-22,Getafe,1501,1488,42.3,16
1344,2015-08-22,RC Deportivo La Coruña,1467,1469,41.7,11
1344,2015-08-22,Real Sociedad,1585,1583,58.3,11
1345,2015-08-22,Rayo Vallecano,1450,1451,48.1,8
1345,2015-08-22,Valencia,1524,1523,51.9,18
1346,2015-08-23,Athletic Club,1486,1482,14.5,17
1346,2015-08-23,Barcelona,1854,1858,85.5,321
1347,2015-08-23,Celta Vigo,1503,1519,48.4,8
1347,2015-08-23,Levante UD,1454,1439,51.6,12
1348,2015-08-23,Real Betis,1484,1483,53.4,11
1348,2015-08-23,Villarreal,1520,1521,46.6,13
1349,2015-08-23,Real Madrid,1604,1601,59.7,21
1349,2015-08-23,Sporting Gijón,1475,1478,40.3,5
1350,2015-08-24,Eibar,1486,1513,40.4,2
1350,2015-08-24,Granada,1493,1467,59.6,7
1351,2015-08-28,Espanyol,1507,1490,39.5,18
1351,2015-08-28,Villarreal,1521,1539,60.5,14
1352,2015-08-29,Barcelona,1858,1860,93.2,322
1352,2015-08-29,Málaga,1462,1460,6.8,14
1353,2015-08-29,Celta Vigo,1519,1536,67.6,9
1353,2015-08-29,Rayo Vallecano,1451,1434,32.4,9
1354,2015-08-29,Real Betis,1483,1467,26.4,12
1354,2015-08-29,Real Madrid,1601,1617,73.6,22
1355,2015-08-29,Real Sociedad,1583,1576,72.1,12
1355,2015-08-29,Sporting Gijón,1478,1485,27.9,6
1356,2015-08-30,Athletic Club,1482,1465,37.1,18
1356,2015-08-30,Eibar,1513,1530,62.9,3
1357,2015-08-30,Getafe,1488,1470,61.5,17
1357,2015-08-30,Granada,1467,1485,38.5,8
1358,2015-08-30,Las Palmas,1469,1465,62.7,2
1358,2015-08-30,Levante UD,1439,1442,37.3,13
1359,2015-08-30,Atlético Madrid,1525,1553,46.4,20
1359,2015-08-30,Sevilla,1490,1461,53.6,19
1360,2015-08-30,RC Deportivo La Coruña,1469,1474,34.2,12
1360,2015-08-30,Valencia,1523,1518,65.8,19
1361,2015-09-11,Levante UD,1442,1441,55.9,14
1361,2015-09-11,Sevilla,1461,1463,44.1,20
1362,2015-09-12,Atlético Madrid,1553,1547,19.4,21
1362,2015-09-12,Barcelona,1860,1866,80.6,323
1363,2015-09-12,Espanyol,1490,1464,40.5,19
1363,2015-09-12,Real Madrid,1617,1642,59.5,23
1364,2015-09-12,Real Betis,1467,1484,43.0,13
1364,2015-09-12,Real Sociedad,1576,1559,57.0,13
1365,2015-09-12,Sporting Gijón,1485,1469,53.8,7
1365,2015-09-12,Valencia,1518,1534,46.2,20
1366,2015-09-13,Athletic Club,1465,1484,57.9,19
1366,2015-09-13,Getafe,1470,1451,42.1,18
1367,2015-09-13,Celta Vigo,1536,1530,68.0,10
1367,2015-09-13,Las Palmas,1465,1470,32.0,3
1368,2015-09-13,Granada,1485,1462,50.8,9
1368,2015-09-13,Villarreal,1539,1562,49.2,15
1369,2015-09-13,Eibar,1530,1529,51.4,4
1369,2015-09-13,Málaga,1460,1460,48.6,15
1370,2015-09-14,RC Deportivo La Coruña,1474,1498,47.1,13
1370,2015-09-14,Rayo Vallecano,1434,1410,52.9,10
1371,2015-09-18,Getafe,1451,1463,57.2,19
1371,2015-09-18,Málaga,1460,1448,42.8,16
1372,2015-09-19,Atlético Madrid,1547,1572,43.9,22
1372,2015-09-19,Eibar,1529,1504,56.1,5
1373,2015-09-19,Granada,1462,1456,20.1,10
1373,2015-09-19,Real Madrid,1642,1648,79.9,24
1374,2015-09-19,Espanyol,1464,1485,29.0,20
1374,2015-09-19,Real Sociedad,1559,1538,71.0,14
1375,2015-09-19,Real Betis,1484,1489,34.6,14
1375,2015-09-19,Valencia,1534,1530,65.4,21
1376,2015-09-20,Barcelona,1866,1869,94.2,324
1376,2015-09-20,Levante UD,1441,1438,5.8,15
1377,2015-09-20,Las Palmas,1470,1450,66.6,4
1377,2015-09-20,Rayo Vallecano,1410,1430,33.4,11
1378,2015-09-20,RC Deportivo La Coruña,1498,1479,62.5,14
1378,2015-09-20,Sporting Gijón,1469,1487,37.5,8
1379,2015-09-20,Celta Vigo,1530,1545,51.0,11
1379,2015-09-20,Sevilla,1463,1448,49.0,21
1380,2015-09-20,Athletic Club,1484,1470,31.1,20
1380,2015-09-20,Villarreal,1562,1576,68.9,16
1381,2015-09-22,Atlético Madrid,1572,1584,72.5,23
1381,2015-09-22,Getafe,1463,1451,27.5,20
1382,2015-09-22,Espanyol,1485,1499,52.2,21
1382,2015-09-22,Valencia,1530,1516,47.8,22
1383,2015-09-22,Granada,1456,1432,46.9,11
1383,2015-09-22,Real Sociedad,1538,1562,53.1,15
1384,2015-09-23,Athletic Club,1470,1460,33.6,21
1384,2015-09-23,Real Madrid,1648,1659,66.4,25
1385,2015-09-23,Barcelona,1869,1826,82.0,325
1385,2015-09-23,Celta Vigo,1545,1588,18.0,12
1386,2015-09-23,Las Palmas,1450,1469,58.8,5
1386,2015-09-23,Sevilla,1448,1430,41.2,22
1387,2015-09-23,Eibar,1504,1504,50.9,6
1387,2015-09-23,Levante UD,1438,1438,49.1,16
1388,2015-09-23,Málaga,1448,1436,40.3,17
1388,2015-09-23,Villarreal,1576,1588,59.7,17
1389,2015-09-23,Rayo Vallecano,1430,1445,50.4,12
1389,2015-09-23,Sporting Gijón,1487,1473,49.6,9
1390,2015-09-24,RC Deportivo La Coruña,1479,1497,40.1,15
1390,2015-09-24,Real Betis,1489,1471,59.9,15
1391,2015-09-25,Granada,1432,1422,30.4,12
1391,2015-09-25,Valencia,1516,1525,69.6,23
1392,2015-09-26,Barcelona,1826,1828,91.7,326
1392,2015-09-26,Las Palmas,1469,1466,8.3,6
1393,2015-09-26,Celta Vigo,1588,1587,53.5,13
1393,2015-09-26,Eibar,1504,1505,46.5,7
1394,2015-09-26,Málaga,1436,1446,16.4,18
1394,2015-09-26,Real Madrid,1659,1648,83.6,26
1395,2015-09-26,Rayo Vallecano,1445,1432,43.6,13
1395,2015-09-26,Sevilla,1430,1443,56.4,23
1396,2015-09-26,Atlético Madrid,1584,1572,40.9,24
1396,2015-09-26,Villarreal,1588,1600,59.1,18
1397,2015-09-27,Getafe,1451,1472,60.4,21
1397,2015-09-27,Levante UD,1438,1417,39.6,17
1398,2015-09-27,Espanyol,1499,1477,41.8,22
1398,2015-09-27,RC Deportivo La Coruña,1497,1519,58.2,16
1399,2015-09-27,Athletic Club,1460,1466,28.2,22
1399,2015-09-27,Real Sociedad,1562,1556,71.8,16
1400,2015-09-27,Real Betis,1471,1488,41.2,16
1400,2015-09-27,Sporting Gijón,1473,1455,58.8,10
1401,2015-10-02,Celta Vigo,1587,1580,73.3,14
1401,2015-10-02,Getafe,1472,1479,26.7,22
1402,2015-10-03,Espanyol,1477,1459,61.7,23
1402,2015-10-03,Sporting Gijón,1455,1473,38.3,11
1403,2015-10-03,Granada,1422,1424,44.8,13
1403,2015-10-03,RC Deportivo La Coruña,1519,1517,55.2,17
1404,2015-10-03,Eibar,1505,1529,46.9,8
1404,2015-10-03,Las Palmas,1466,1442,53.1,7
1405,2015-10-03,Málaga,1446,1471,42.8,19
1405,2015-10-03,Real Sociedad,1556,1530,57.2,17
1406,2015-10-03,Barcelona,1828,1802,86.7,327
1406,2015-10-03,Sevilla,1443,1469,13.3,24
1407,2015-10-04,Athletic Club,1466,1489,50.2,23
1407,2015-10-04,Valencia,1525,1502,49.8,24
1408,2015-10-04,Atlético Madrid,1572,1573,47.7,25
1408,2015-10-04,Real Madrid,1648,1648,52.3,27
1409,2015-10-04,Levante UD,1417,1437,33.0,18
1409,2015-10-04,Villarreal,1600,1580,67.0,19
1410,2015-10-04,Rayo Vallecano,1432,1409,50.5,14
1410,2015-10-04,Real Betis,1488,1511,49.5,17
1411,2015-10-17,Barcelona,1802,1806,93.1,328
1411,2015-10-17,Rayo Vallecano,1409,1406,6.9,15
1412,2015-10-17,Eibar,1529,1524,66.6,9
1412,2015-10-17,Sevilla,1469,1474,33.4,25
1413,2015-10-17,Espanyol,1459,1488,34.4,24
1413,2015-10-17,Real Betis,1511,1482,65.6,18
1414,2015-10-17,Levante UD,1437,1428,17.4,19
1414,2015-10-17,Real Madrid,1648,1657,82.6,28
1415,2015-10-17,Málaga,1471,1452,37.2,20
1415,2015-10-17,Valencia,1502,1522,62.8,25
1416,2015-10-18,Getafe,1479,1499,63.5,23
1416,2015-10-18,Las Palmas,1442,1422,36.5,8
1417,2015-10-18,Athletic Club,1489,1492,37.5,24
1417,2015-10-18,RC Deportivo La Coruña,1517,1514,62.5,18
1418,2015-10-18,Atlético Madrid,1573,1597,47.5,26
1418,2015-10-18,Real Sociedad,1530,1507,52.5,18
1419,2015-10-18,Celta Vigo,1580,1598,41.4,15
1419,2015-10-18,Villarreal,1580,1563,58.6,20
1420,2015-10-19,Granada,1424,1429,34.8,14
1420,2015-10-19,Sporting Gijón,1473,1469,65.2,12
1421,2015-10-23,Espanyol,1488,1460,53.3,25
1421,2015-10-23,Rayo Vallecano,1406,1434,46.7,16
1422,2015-10-24,Celta Vigo,1598,1575,50.1,16
1422,2015-10-24,Real Madrid,1657,1679,49.9,29
1423,2015-10-24,Granada,1429,1428,51.0,15
1423,2015-10-24,Real Betis,1482,1482,49.0,19
1424,2015-10-24,Málaga,1452,1474,49.7,21
1424,2015-10-24,RC Deportivo La Coruña,1514,1491,50.3,19
1425,2015-10-24,Getafe,1499,1472,45.0,24
1425,2015-10-24,Sevilla,1474,1501,55.0,26
1426,2015-10-25,Atlético Madrid,1597,1606,68.5,27
1426,2015-10-25,Valencia,1522,1512,31.5,26
1427,2015-10-25,Barcelona,1806,1811,87.8,329
1427,2015-10-25,Eibar,1524,1518,12.2,10
1428,2015-10-25,Las Palmas,1422,1425,38.6,9
1428,2015-10-25,Villarreal,1563,1559,61.4,21
1429,2015-10-25,Levante UD,1428,1401,47.3,20
1429,2015-10-25,Real Sociedad,1507,1533,52.7,19
1430,2015-10-26,Athletic Club,1492,1513,61.8,25
1430,2015-10-26,Sporting Gijón,1469,1449,38.2,13
1431,2015-10-30,Atlético Madrid,1606,1604,57.8,28
1431,2015-10-30,RC Deportivo La Coruña,1491,1493,42.2,20
1432,2015-10-31,Barcelona,1811,1819,83.3,330
1432,2015-10-31,Getafe,1472,1465,16.7,25
1433,2015-10-31,Las Palmas,1425,1419,14.1,10
1433,2015-10-31,Real Madrid,1679,1686,85.9,30
1434,2015-10-31,Celta Vigo,1575,1591,47.4,17
1434,2015-10-31,Real Sociedad,1533,1517,52.6,20
1435,2015-10-31,Levante UD,1401,1387,27.2,21
1435,2015-10-31,Valencia,1512,1527,72.8,27
1436,2015-10-31,Sevilla,1501,1491,33.6,27
1436,2015-10-31,Villarreal,1559,1569,66.4,22
1437,2015-11-01,Eibar,1518,1527,69.7,11
1437,2015-11-01,Rayo Vallecano,1434,1424,30.3,17
1438,2015-11-01,Espanyol,1460,1457,63.0,26
1438,2015-11-01,Granada,1428,1432,37.0,16
1439,2015-11-01,Athletic Club,1513,1537,45.8,26
1439,2015-11-01,Real Betis,1482,1458,54.2,20
1440,2015-11-01,Málaga,1474,1461,45.1,22
1440,2015-11-01,Sporting Gijón,1449,1462,54.9,14
1441,2015-11-06,Las Palmas,1419,1444,44.5,11
1441,2015-11-06,Real Sociedad,1517,1492,55.5,21
1442,2015-11-07,Celta Vigo,1591,1553,67.2,18
1442,2015-11-07,Valencia,1527,1564,32.8,28
1443,2015-11-07,Eibar,1527,1542,66.9,12
1443,2015-11-07,Getafe,1465,1450,33.1,26
1444,2015-11-07,Levante UD,1387,1389,43.4,22
1444,2015-11-07,RC Deportivo La Coruña,1493,1491,56.6,21
1445,2015-11-07,Málaga,1461,1443,59.0,23
1445,2015-11-07,Real Betis,1458,1475,41.0,21
1446,2015-11-07,Granada,1432,1419,42.5,17
1446,2015-11-07,Rayo Vallecano,1424,1437,57.5,18
1447,2015-11-08,Athletic Club,1537,1546,69.2,27
1447,2015-11-08,Espanyol,1457,1447,30.8,27
1448,2015-11-08,Atlético Madrid,1604,1611,76.1,29
1448,2015-11-08,Sporting Gijón,1462,1455,23.9,15
1449,2015-11-08,Barcelona,1819,1826,85.6,331
1449,2015-11-08,Villarreal,1569,1562,14.4,23
1450,2015-11-08,Real Madrid,1686,1665,68.5,31
1450,2015-11-08,Sevilla,1491,1511,31.5,28
1451,2015-11-21,Espanyol,1447,1466,59.1,28
1451,2015-11-21,Málaga,1443,1425,40.9,24
1452,2015-11-21,Celta Vigo,1553,1530,50.2,19
1452,2015-11-21,RC Deportivo La Coruña,1491,1514,49.8,22
1453,2015-11-21,Barcelona,1826,1847,64.2,332
1453,2015-11-21,Real Madrid,1665,1645,35.8,32
1454,2015-11-21,Real Sociedad,1492,1512,55.9,22
1454,2015-11-21,Sevilla,1511,1492,44.1,29
1455,2015-11-21,Las Palmas,1444,1451,26.1,12
1455,2015-11-21,Valencia,1564,1557,73.9,29
1456,2015-11-22,Athletic Club,1546,1519,59.5,28
1456,2015-11-22,Granada,1419,1446,40.5,18
1457,2015-11-22,Atlético Madrid,1611,1623,60.7,30
1457,2015-11-22,Real Betis,1475,1463,39.3,22
1458,2015-11-22,Levante UD,1389,1425,32.6,23
1458,2015-11-22,Sporting Gijón,1455,1420,67.4,16
1459,2015-11-22,Eibar,1542,1546,38.7,13
1459,2015-11-22,Villarreal,1562,1558,61.3,24
1460,2015-11-23,Getafe,1450,1447,60.3,27
1460,2015-11-23,Rayo Vallecano,1437,1440,39.7,19
1461,2015-11-27,Levante UD,1425,1409,53.0,24
1461,2015-11-27,Real Betis,1463,1479,47.0,23
1462,2015-11-28,Atlético Madrid,1623,1629,77.7,31
1462,2015-11-28,Espanyol,1466,1459,22.3,29
1463,2015-11-28,Barcelona,1847,1852,90.6,333
1463,2015-11-28,Real Sociedad,1512,1507,9.4,23
1464,2015-11-28,Celta Vigo,1530,1539,72.8,20
1464,2015-11-28,Sporting Gijón,1420,1412,27.2,17
1465,2015-11-28,Las Palmas,1451,1429,49.6,13
1465,2015-11-28,RC Deportivo La Coruña,1514,1536,50.4,23
1466,2015-11-28,Granada,1446,1448,44.5,19
1466,2015-11-28,Málaga,1425,1423,55.5,25
1467,2015-11-29,Eibar,1546,1526,44.3,14
1467,2015-11-29,Real Madrid,1645,1665,55.7,33
1468,2015-11-29,Getafe,1447,1473,42.6,28
1468,2015-11-29,Villarreal,1558,1533,57.4,25
1469,2015-11-29,Athletic Club,1519,1544,52.7,29
1469,2015-11-29,Rayo Vallecano,1440,1416,47.3,20
1470,2015-11-29,Sevilla,1492,1507,49.2,30
1470,2015-11-29,Valencia,1557,1542,50.8,30
1471,2015-12-05,Atlético Madrid,1629,1644,66.8,32
1471,2015-12-05,Granada,1448,1433,33.2,20
1472,2015-12-05,RC Deportivo La Coruña,1536,1533,62.6,24
1472,2015-12-05,Sevilla,1507,1511,37.4,31
1473,2015-12-05,Celta Vigo,1539,1539,49.9,21
1473,2015-12-05,Real Betis,1479,1479,50.1,24
1474,2015-12-05,Getafe,1473,1463,19.0,29
1474,2015-12-05,Real Madrid,1665,1675,81.0,34
1475,2015-12-05,Barcelona,1852,1843,80.8,334
1475,2015-12-05,Valencia,1542,1551,19.2,31
1476,2015-12-06,Athletic Club,1544,1537,73.9,30
1476,2015-12-06,Málaga,1423,1430,26.1,26
1477,2015-12-06,Eibar,1526,1512,44.1,15
1477,2015-12-06,Real Sociedad,1507,1520,55.9,24
1478,2015-12-06,Las Palmas,1429,1409,43.9,14
1478,2015-12-06,Sporting Gijón,1412,1431,56.1,18
1479,2015-12-06,Rayo Vallecano,1416,1408,26.5,21
1479,2015-12-06,Villarreal,1533,1541,73.5,26
1480,2015-12-07,Espanyol,1459,1454,65.4,30
1480,2015-12-07,Levante UD,1409,1413,34.6,25
1481,2015-12-11,Getafe,1463,1463,50.4,30
1481,2015-12-11,Real Sociedad,1520,1520,49.6,25
1482,2015-12-12,Barcelona,1843,1831,89.4,335
1482,2015-12-12,RC Deportivo La Coruña,1533,1544,10.6,25
1483,2015-12-12,Celta Vigo,1539,1548,69.6,22
1483,2015-12-12,Espanyol,1454,1445,30.4,31
1484,2015-12-12,Las Palmas,1409,1425,48.5,15
1484,2015-12-12,Real Betis,1479,1464,51.5,25
1485,2015-12-12,Granada,1433,1450,44.2,21
1485,2015-12-12,Levante UD,1413,1396,55.8,26
1486,2015-12-12,Sevilla,1511,1525,69.0,32
1486,2015-12-12,Sporting Gijón,1431,1417,31.0,19
1487,2015-12-13,Athletic Club,1537,1529,27.6,31
1487,2015-12-13,Atlético Madrid,1644,1652,72.4,33
1488,2015-12-13,Eibar,1512,1511,53.0,16
1488,2015-12-13,Valencia,1551,1552,47.0,32
1489,2015-12-13,Málaga,1430,1447,44.7,27
1489,2015-12-13,Rayo Vallecano,1408,1391,55.3,22
1490,2015-12-13,Real Madrid,1675,1657,60.5,35
1490,2015-12-13,Villarreal,1541,1559,39.5,27
1491,2015-12-19,Espanyol,1445,1457,61.4,32
1491,2015-12-19,Las Palmas,1425,1413,38.6,16
1492,2015-12-19,Eibar,1511,1495,36.9,17
1492,2015-12-19,RC Deportivo La Coruña,1544,1561,63.1,26
1493,2015-12-19,Real Betis,1464,1464,49.9,26
1493,2015-12-19,Sevilla,1525,1525,50.1,33
1494,2015-12-19,Getafe,1463,1469,29.7,31
1494,2015-12-19,Valencia,1552,1546,70.3,33
1495,2015-12-20,Athletic Club,1529,1540,75.2,32
1495,2015-12-20,Levante UD,1396,1385,24.8,27
1496,2015-12-20,Celta Vigo,1548,1568,55.5,23
1496,2015-12-20,Granada,1450,1430,44.5,22
1497,2015-12-20,Atlético Madrid,1652,1632,69.8,34
1497,2015-12-20,Málaga,1447,1468,30.2,28
1498,2015-12-20,Rayo Vallecano,1391,1382,13.3,23
1498,2015-12-20,Real Madrid,1657,1666,86.7,36
1499,2015-12-20,Real Sociedad,1520,1496,53.1,26
1499,2015-12-20,Villarreal,1559,1583,46.9,28
1500,2015-12-30,Barcelona,1831,1835,92.1,336
1500,2015-12-30,Real Betis,1464,1459,7.9,27
1501,2015-12-30,Athletic Club,1540,1559,37.6,33
1501,2015-12-30,Celta Vigo,1568,1549,62.4,24
1502,2015-12-30,Eibar,1495,1509,68.8,18
1502,2015-12-30,Sporting Gijón,1417,1403,31.2,20
1503,2015-12-30,Getafe,1469,1470,45.4,32
1503,2015-12-30,RC Deportivo La Coruña,1561,1560,54.6,27
1504,2015-12-30,Granada,1430,1407,43.8,23
1504,2015-12-30,Las Palmas,1413,1436,56.2,17
1505,2015-12-30,Levante UD,1385,1371,46.8,28
1505,2015-12-30,Málaga,1468,1482,53.2,29
1506,2015-12-30,Atlético Madrid,1632,1643,74.9,35
1506,2015-12-30,Rayo Vallecano,1382,1370,25.1,24
1507,2015-12-30,Real Madrid,1666,1676,79.0,37
1507,2015-12-30,Real Sociedad,1496,1487,21.0,27
1508,2015-12-30,Espanyol,1457,1442,32.4,33
1508,2015-12-30,Sevilla,1525,1539,67.6,34
1509,2015-12-31,Valencia,1546,1535,36.4,34
1509,2015-12-31,Villarreal,1583,1594,63.6,29
1510,2016-01-02,Atlético Madrid,1643,1647,87.1,36
1510,2016-01-02,Levante UD,1371,1367,12.9,29
1511,2016-01-02,Barcelona,1835,1824,87.2,337
1511,2016-01-02,Espanyol,1442,1453,12.8,34
1512,2016-01-02,Celta Vigo,1549,1526,51.0,25
1512,2016-01-02,Málaga,1482,1505,49.0,30
1513,2016-01-03,Athletic Club,1559,1551,74.1,34
1513,2016-01-03,Las Palmas,1436,1443,25.9,18
1514,2016-01-03,Granada,1407,1425,39.7,24
1514,2016-01-03,Sevilla,1539,1521,60.3,35
1515,2016-01-03,RC Deportivo La Coruña,1560,1543,53.7,28
1515,2016-01-03,Villarreal,1594,1610,46.3,30
1516,2016-01-03,Rayo Vallecano,1370,1373,41.9,25
1516,2016-01-03,Real Sociedad,1487,1485,58.1,28
1517,2016-01-03,Eibar,1509,1538,48.5,19
1517,2016-01-03,Real Betis,1459,1431,51.5,28
1518,2016-01-03,Real Madrid,1676,1672,61.4,38
1518,2016-01-03,Valencia,1535,1539,38.6,35
1519,2016-01-04,Getafe,1470,1485,51.0,33
1519,2016-01-04,Sporting Gijón,1403,1389,49.0,21
1520,2016-01-09,Barcelona,1824,1828,93.4,338
1520,2016-01-09,Granada,1425,1421,6.6,25
1521,2016-01-09,Getafe,1485,1495,65.9,34
1521,2016-01-09,Real Betis,1431,1420,34.1,29
1522,2016-01-09,Levante UD,1367,1380,57.8,30
1522,2016-01-09,Rayo Vallecano,1373,1360,42.2,26
1523,2016-01-09,RC Deportivo La Coruña,1543,1528,25.2,29
1523,2016-01-09,Real Madrid,1672,1687,74.8,39
1524,2016-01-09,Athletic Club,1551,1531,45.7,35
1524,2016-01-09,Sevilla,1521,1542,54.3,36
1525,2016-01-10,Atlético Madrid,1647,1665,58.6,37
1525,2016-01-10,Celta Vigo,1526,1508,41.4,26
1526,2016-01-10,Eibar,1538,1547,69.7,20
1526,2016-01-10,Espanyol,1453,1444,30.3,35
1527,2016-01-10,Las Palmas,1443,1443,49.8,19
1527,2016-01-10,Málaga,1505,1505,50.2,31
1528,2016-01-10,Real Sociedad,1485,1507,50.9,29
1528,2016-01-10,Valencia,1539,1516,49.1,36
1529,2016-01-10,Sporting Gijón,1389,1381,16.6,22
1529,2016-01-10,Villarreal,1610,1617,83.4,31
1530,2016-01-16,Celta Vigo,1508,1515,74.6,27
1530,2016-01-16,Levante UD,1380,1372,25.4,31
1531,2016-01-16,RC Deportivo La Coruña,1528,1530,44.5,30
1531,2016-01-16,Real Sociedad,1507,1505,55.5,30
1532,2016-01-16,Málaga,1505,1494,36.4,32
1532,2016-01-16,Sevilla,1542,1553,63.6,37
1533,2016-01-16,Real Betis,1420,1430,18.6,30
1533,2016-01-16,Villarreal,1617,1608,81.4,32
1534,2016-01-17,Athletic Club,1531,1524,11.4,36
1534,2016-01-17,Barcelona,1828,1835,88.6,339
1535,2016-01-17,Espanyol,1444,1429,34.6,36
1535,2016-01-17,Getafe,1495,1511,65.4,35
1536,2016-01-17,Atlético Madrid,1665,1680,71.8,38
1536,2016-01-17,Las Palmas,1443,1428,28.2,20
1537,2016-01-17,Real Madrid,1687,1694,89.2,40
1537,2016-01-17,Sporting Gijón,1381,1375,10.8,23
1538,2016-01-17,Rayo Vallecano,1360,1368,22.3,27
1538,2016-01-17,Valencia,1516,1508,77.7,37
1539,2016-01-18,Eibar,1547,1561,74.5,21
1539,2016-01-18,Granada,1421,1407,25.5,26
1540,2016-01-22,Real Sociedad,1505,1471,59.9,31
1540,2016-01-22,Sporting Gijón,1375,1409,40.1,24
1541,2016-01-23,Espanyol,1429,1434,33.5,37
1541,2016-01-23,Villarreal,1608,1603,66.5,33
1542,2016-01-23,Getafe,1511,1494,56.3,36
1542,2016-01-23,Granada,1407,1424,43.7,27
1543,2016-01-23,Barcelona,1835,1840,83.5,340
1543,2016-01-23,Málaga,1494,1489,16.5,33
1544,2016-01-23,Celta Vigo,1515,1482,62.2,28
1544,2016-01-23,Rayo Vallecano,1368,1401,37.8,28
1545,2016-01-24,Athletic Club,1524,1548,53.2,37
1545,2016-01-24,Eibar,1561,1537,46.8,22
1546,2016-01-24,Atlético Madrid,1680,1673,74.6,39
1546,2016-01-24,Sevilla,1553,1560,25.4,38
1547,2016-01-24,RC Deportivo La Coruña,1530,1527,61.6,31
1547,2016-01-24,Valencia,1508,1512,38.4,38
1548,2016-01-24,Real Betis,1430,1438,23.6,31
1548,2016-01-24,Real Madrid,1694,1686,76.4,41
1549,2016-01-25,Las Palmas,1428,1414,49.4,21
1549,2016-01-25,Levante UD,1372,1387,50.6,32
1550,2016-01-30,Atlético Madrid,1673,1666,21.3,40
1550,2016-01-30,Barcelona,1840,1846,78.7,341
1551,2016-01-30,Eibar,1537,1517,65.0,23
1551,2016-01-30,Málaga,1489,1508,35.0,34
1552,2016-01-30,Athletic Club,1548,1563,49.2,38
1552,2016-01-30,Getafe,1494,1478,50.8,37
1553,2016-01-30,Real Betis,1438,1427,36.8,32
1553,2016-01-30,Real Sociedad,1471,1482,63.2,32
1554,2016-01-30,Granada,1424,1417,20.1,28
1554,2016-01-30,Villarreal,1603,1609,79.9,34
1555,2016-01-31,Celta Vigo,1482,1467,51.3,29
1555,2016-01-31,Las Palmas,1414,1429,48.7,22
1556,2016-01-31,Espanyol,1434,1425,14.2,38
1556,2016-01-31,Real Madrid,1686,1695,85.8,42
1557,2016-01-31,Levante UD,1387,1378,20.8,33
1557,2016-01-31,Sevilla,1560,1569,79.2,39
1558,2016-01-31,Sporting Gijón,1409,1430,28.2,25
1558,2016-01-31,Valencia,1512,1490,71.8,39
1559,2016-02-01,RC Deportivo La Coruña,1527,1519,74.4,32
1559,2016-02-01,Rayo Vallecano,1401,1408,25.6,29
1560,2016-02-05,Getafe,1478,1459,37.3,38
1560,2016-02-05,Málaga,1508,1528,62.7,35
1561,2016-02-06,Athletic Club,1563,1563,52.1,39
1561,2016-02-06,Villarreal,1609,1609,47.9,35
1562,2016-02-06,Atlético Madrid,1666,1677,76.9,41
1562,2016-02-06,Eibar,1517,1507,23.1,24
1563,2016-02-06,Las Palmas,1429,1409,44.4,23
1563,2016-02-06,Rayo Vallecano,1408,1428,55.6,30
1564,2016-02-06,RC Deportivo La Coruña,1519,1518,54.1,33
1564,2016-02-06,Sporting Gijón,1430,1432,45.9,26
1565,2016-02-07,Celta Vigo,1467,1469,44.0,30
1565,2016-02-07,Sevilla,1569,1567,56.0,40
1566,2016-02-07,Granada,1417,1411,22.3,29
1566,2016-02-07,Real Madrid,1695,1701,77.7,43
1567,2016-02-07,Barcelona,1846,1850,91.3,342
1567,2016-02-07,Levante UD,1378,1374,8.7,34
1568,2016-02-07,Real Betis,1427,1442,49.5,33
1568,2016-02-07,Valencia,1490,1475,50.5,40
1569,2016-02-08,Espanyol,1425,1394,50.3,39
1569,2016-02-08,Real Sociedad,1482,1513,49.7,33
1570,2016-02-12,Rayo Vallecano,1428,1431,41.0,31
1570,2016-02-12,Sporting Gijón,1432,1429,59.0,27
1571,2016-02-13,RC Deportivo La Coruña,1518,1512,68.7,34
1571,2016-02-13,Real Betis,1442,1447,31.3,34
1572,2016-02-13,Athletic Club,1563,1552,24.2,40
1572,2016-02-13,Real Madrid,1701,1712,75.8,44
1573,2016-02-13,Espanyol,1394,1385,30.8,40
1573,2016-02-13,Valencia,1475,1484,69.2,41
1574,2016-02-13,Málaga,1528,1519,30.7,36
1574,2016-02-13,Villarreal,1609,1619,69.3,36
1575,2016-02-14,Barcelona,1850,1855,92.7,343
1575,2016-02-14,Celta Vigo,1469,1465,7.3,31
1576,2016-02-14,Eibar,1507,1518,75.2,25
1576,2016-02-14,Levante UD,1374,1363,24.8,35
1577,2016-02-14,Atlético Madrid,1677,1685,71.3,42
1577,2016-02-14,Getafe,1459,1450,28.7,39
1578,2016-02-14,Granada,1411,1396,28.3,30
1578,2016-02-14,Real Sociedad,1513,1527,71.7,34
1579,2016-02-14,Las Palmas,1409,1399,22.1,24
1579,2016-02-14,Sevilla,1567,1577,77.9,41
1580,2016-02-17,Barcelona,1855,1860,89.1,344
1580,2016-02-17,Sporting Gijón,1429,1424,10.9,28
1581,2016-02-19,Getafe,1450,1422,53.9,40
1581,2016-02-19,Levante UD,1363,1391,46.1,36
1582,2016-02-20,Celta Vigo,1465,1479,50.9,32
1582,2016-02-20,Eibar,1518,1503,49.1,26
1583,2016-02-20,Espanyol,1385,1403,40.5,41
1583,2016-02-20,RC Deportivo La Coruña,1512,1494,59.5,35
1584,2016-02-20,Barcelona,1860,1862,90.9,345
1584,2016-02-20,Las Palmas,1399,1396,9.1,25
1585,2016-02-20,Real Betis,1447,1444,61.8,35
1585,2016-02-20,Sporting Gijón,1424,1428,38.2,29
1586,2016-02-21,Athletic Club,1552,1533,61.9,41
1586,2016-02-21,Real Sociedad,1527,1546,38.1,35
1587,2016-02-21,Atlético Madrid,1685,1680,67.5,43
1587,2016-02-21,Villarreal,1619,1624,32.5,37
1588,2016-02-21,Granada,1396,1382,46.0,31
1588,2016-02-21,Valencia,1484,1498,54.0,42
1589,2016-02-21,Málaga,1519,1524,31.7,37
1589,2016-02-21,Real Madrid,1712,1707,68.3,45
1590,2016-02-21,Rayo Vallecano,1431,1435,37.8,32
1590,2016-02-21,Sevilla,1577,1574,62.2,42
1591,2016-02-26,Eibar,1503,1482,72.3,27
1591,2016-02-26,Las Palmas,1396,1418,27.7,26
1592,2016-02-27,Celta Vigo,1479,1494,49.6,33
1592,2016-02-27,Getafe,1422,1407,50.4,41
1593,2016-02-27,Rayo Vallecano,1435,1438,40.2,33
1593,2016-02-27,Real Betis,1444,1441,59.8,36
1594,2016-02-27,Atlético Madrid,1680,1699,37.8,44
1594,2016-02-27,Real Madrid,1707,1688,62.2,46
1595,2016-02-27,Málaga,1524,1528,38.5,38
1595,2016-02-27,Real Sociedad,1546,1543,61.5,36
1596,2016-02-27,Espanyol,1403,1431,38.1,42
1596,2016-02-27,Sporting Gijón,1428,1400,61.9,30
1597,2016-02-28,Barcelona,1862,1866,88.1,346
1597,2016-02-28,Sevilla,1574,1570,11.9,43
1598,2016-02-28,Granada,1382,1404,27.1,32
1598,2016-02-28,RC Deportivo La Coruña,1494,1473,72.9,36
1599,2016-02-28,Athletic Club,1533,1561,46.5,42
1599,2016-02-28,Valencia,1498,1470,53.5,43
1600,2016-02-28,Levante UD,1391,1383,15.6,37
1600,2016-02-28,Villarreal,1624,1632,84.4,38
1601,2016-03-01,Atlético Madrid,1699,1711,77.6,45
1601,2016-03-01,Real Sociedad,1543,1531,22.4,37
1602,2016-03-01,Getafe,1407,1384,39.9,42
1602,2016-03-01,Las Palmas,1418,1440,60.1,27
1603,2016-03-02,Athletic Club,1561,1577,70.2,43
1603,2016-03-02,RC Deportivo La Coruña,1473,1457,29.8,37
1604,2016-03-02,Celta Vigo,1494,1498,39.0,34
1604,2016-03-02,Villarreal,1632,1629,61.0,39
1605,2016-03-02,Levante UD,1383,1374,19.6,38
1605,2016-03-02,Real Madrid,1688,1697,80.4,47
1606,2016-03-02,Málaga,1528,1508,66.4,39
1606,2016-03-02,Valencia,1470,1490,33.6,44
1607,2016-03-02,Eibar,1482,1473,29.8,28
1607,2016-03-02,Sevilla,1570,1579,70.2,44
1608,2016-03-03,Espanyol,1431,1401,57.2,43
1608,2016-03-03,Real Betis,1441,1471,42.8,37
1609,2016-03-03,Granada,1404,1422,59.2,33
1609,2016-03-03,Sporting Gijón,1400,1381,40.8,31
1610,2016-03-03,Barcelona,1866,1872,89.3,347
1610,2016-03-03,Rayo Vallecano,1438,1432,10.7,34
1611,2016-03-05,Getafe,1384,1390,31.5,43
1611,2016-03-05,Sevilla,1579,1574,68.5,45
1612,2016-03-05,Málaga,1508,1508,48.7,40
1612,2016-03-05,RC Deportivo La Coruña,1457,1457,51.3,38
1613,2016-03-05,Celta Vigo,1498,1486,18.4,35
1613,2016-03-05,Real Madrid,1697,1709,81.6,48
1614,2016-03-05,Las Palmas,1440,1465,19.3,28
1614,2016-03-05,Villarreal,1629,1605,80.7,40
1615,2016-03-06,Barcelona,1872,1879,87.6,348
1615,2016-03-06,Eibar,1473,1466,12.4,29
1616,2016-03-06,Granada,1422,1407,34.9,34
1616,2016-03-06,Real Betis,1471,1487,65.1,38
1617,2016-03-06,Levante UD,1374,1382,22.3,39
1617,2016-03-06,Real Sociedad,1531,1522,77.7,38
1618,2016-03-06,Athletic Club,1577,1591,68.6,44
1618,2016-03-06,Sporting Gijón,1381,1367,31.4,32
1619,2016-03-06,Atlético Madrid,1711,1723,71.6,46
1619,2016-03-06,Valencia,1490,1477,28.4,45
1620,2016-03-07,Espanyol,1401,1415,54.2,44
1620,2016-03-07,Rayo Vallecano,1432,1418,45.8,35
1621,2016-03-11,Málaga,1508,1515,76.1,41
1621,2016-03-11,Sporting Gijón,1367,1360,23.9,33
1622,2016-03-12,Atlético Madrid,1723,1730,86.8,47
1622,2016-03-12,RC Deportivo La Coruña,1457,1450,13.2,39
1623,2016-03-12,Barcelona,1879,1881,95.9,349
1623,2016-03-12,Getafe,1390,1387,4.1,44
1624,2016-03-12,Celta Vigo,1486,1500,53.4,36
1624,2016-03-12,Real Sociedad,1522,1508,46.6,39
1625,2016-03-12,Eibar,1466,1466,48.3,30
1625,2016-03-12,Rayo Vallecano,1418,1417,51.7,36
1626,2016-03-13,Athletic Club,1591,1604,72.1,45
1626,2016-03-13,Real Betis,1487,1474,27.9,39
1627,2016-03-13,Las Palmas,1465,1457,25.8,29
1627,2016-03-13,Real Madrid,1709,1716,74.2,49
1628,2016-03-13,Levante UD,1382,1399,45.0,40
1628,2016-03-13,Valencia,1477,1460,55.0,46
1629,2016-03-13,Sevilla,1574,1594,54.2,46
1629,2016-03-13,Villarreal,1605,1584,45.8,41
1630,2016-03-14,Espanyol,1415,1417,42.6,45
1630,2016-03-14,Granada,1407,1405,57.4,35
1631,2016-03-18,Eibar,1466,1465,52.7,31
1631,2016-03-18,Getafe,1387,1388,47.3,45
1632,2016-03-19,Granada,1405,1402,56.8,36
1632,2016-03-19,Rayo Vallecano,1417,1419,43.2,37
1633,2016-03-19,Levante UD,1399,1389,34.6,41
1633,2016-03-19,RC Deportivo La Coruña,1450,1460,65.4,40
1634,2016-03-19,Málaga,1515,1531,47.3,42
1634,2016-03-19,Real Betis,1474,1458,52.7,40
1635,2016-03-19,Las Palmas,1457,1477,34.5,30
1635,2016-03-19,Real Sociedad,1508,1489,65.5,40
1636,2016-03-19,Atlético Madrid,1730,1705,85.6,48
1636,2016-03-19,Sporting Gijón,1360,1386,14.4,34
1637,2016-03-20,Athletic Club,1604,1584,67.5,46
1637,2016-03-20,Espanyol,1417,1437,32.5,46
1638,2016-03-20,Real Madrid,1716,1731,74.0,50
1638,2016-03-20,Sevilla,1594,1580,26.0,47
1639,2016-03-20,Celta Vigo,1500,1524,47.0,37
1639,2016-03-20,Valencia,1460,1437,53.0,47
1640,2016-03-20,Barcelona,1881,1873,79.7,350
1640,2016-03-20,Villarreal,1584,1593,20.3,42
1641,2016-04-01,Getafe,1388,1371,37.2,46
1641,2016-04-01,Rayo Vallecano,1419,1436,62.8,38
1642,2016-04-02,Atlético Madrid,1705,1713,85.4,49
1642,2016-04-02,Real Betis,1458,1450,14.6,41
1643,2016-04-02,Barcelona,1873,1850,76.1,351
1643,2016-04-02,Real Madrid,1731,1754,23.9,51
1644,2016-04-02,Celta Vigo,1524,1519,67.1,38
1644,2016-04-02,RC Deportivo La Coruña,1460,1465,32.9,41
1645,2016-04-02,Las Palmas,1477,1487,64.0,31
1645,2016-04-02,Valencia,1437,1426,36.0,48
1646,2016-04-03,Athletic Club,1584,1575,80.0,47
1646,2016-04-03,Granada,1402,1411,20.0,37
1647,2016-04-03,Eibar,1465,1453,40.4,32
1647,2016-04-03,Villarreal,1593,1605,59.6,43
1648,2016-04-03,Espanyol,1437,1443,29.2,47
1648,2016-04-03,Málaga,1531,1525,70.8,43
1649,2016-04-03,Real Sociedad,1489,1510,29.6,41
1649,2016-04-03,Sevilla,1580,1559,70.4,48
1650,2016-04-04,Levante UD,1389,1386,58.9,42
1650,2016-04-04,Sporting Gijón,1386,1388,41.1,35
1651,2016-04-08,Granada,1411,1414,42.4,38
1651,2016-04-08,Málaga,1525,1523,57.6,44
1652,2016-04-09,Atlético Madrid,1713,1723,76.9,50
1652,2016-04-09,Espanyol,1443,1433,23.1,48
1653,2016-04-09,Levante UD,1386,1376,32.9,43
1653,2016-04-09,Real Betis,1450,1460,67.1,42
1654,2016-04-09,Eibar,1453,1447,11.2,33
1654,2016-04-09,Real Madrid,1754,1760,88.8,52
1655,2016-04-09,Barcelona,1850,1825,83.3,352
1655,2016-04-09,Real Sociedad,1510,1535,16.7,42
1656,2016-04-10,Athletic Club,1575,1582,75.8,48
1656,2016-04-10,Rayo Vallecano,1436,1429,24.2,39
1657,2016-04-10,Celta Vigo,1519,1531,60.0,39
1657,2016-04-10,Sporting Gijón,1388,1376,40.0,36
1658,2016-04-10,Sevilla,1559,1540,60.3,49
1658,2016-04-10,Valencia,1426,1444,39.7,49
1659,2016-04-10,Getafe,1371,1364,15.6,47
1659,2016-04-10,Villarreal,1605,1612,84.4,44
1660,2016-04-11,Las Palmas,1487,1512,44.6,32
1660,2016-04-11,RC Deportivo La Coruña,1465,1440,55.4,42
1661,2016-04-15,Espanyol,1433,1418,49.6,49
1661,2016-04-15,Levante UD,1376,1391,50.4,44
1662,2016-04-16,Celta Vigo,1531,1525,68.0,40
1662,2016-04-16,Real Betis,1460,1465,32.0,43
1663,2016-04-16,Eibar,1447,1463,46.0,34
1663,2016-04-16,Real Sociedad,1535,1519,54.0,43
1664,2016-04-16,Getafe,1364,1357,12.7,48
1664,2016-04-16,Real Madrid,1760,1767,87.3,53
1665,2016-04-16,Las Palmas,1512,1505,75.5,33
1665,2016-04-16,Sporting Gijón,1376,1384,24.5,37
1666,2016-04-17,Atlético Madrid,1723,1729,89.3,51
1666,2016-04-17,Granada,1414,1408,10.7,39
1667,2016-04-17,Barcelona,1825,1797,92.7,353
1667,2016-04-17,Valencia,1444,1472,7.3,50
1668,2016-04-17,Athletic Club,1582,1597,49.9,49
1668,2016-04-17,Málaga,1523,1508,50.1,45
1669,2016-04-17,Rayo Vallecano,1429,1449,33.0,40
1669,2016-04-17,Villarreal,1612,1592,67.0,45
1670,2016-04-17,RC Deportivo La Coruña,1440,1447,28.4,43
1670,2016-04-17,Sevilla,1540,1534,71.6,50
1671,2016-04-19,Celta Vigo,1525,1523,56.7,41
1671,2016-04-19,Espanyol,1418,1420,43.3,50
1672,2016-04-19,Las Palmas,1505,1491,47.1,34
1672,2016-04-19,Real Betis,1465,1479,52.9,44
1673,2016-04-20,Athletic Club,1597,1585,39.8,50
1673,2016-04-20,Atlético Madrid,1729,1741,60.2,52
1674,2016-04-20,Málaga,1508,1503,66.5,46
1674,2016-04-20,Rayo Vallecano,1449,1454,33.5,41
1675,2016-04-20,Barcelona,1797,1808,84.2,354
1675,2016-04-20,RC Deportivo La Coruña,1447,1435,15.8,44
1676,2016-04-20,Real Madrid,1767,1778,79.5,54
1676,2016-04-20,Villarreal,1592,1581,20.5,46
1677,2016-04-20,Sevilla,1534,1515,62.7,51
1677,2016-04-20,Sporting Gijón,1384,1403,37.3,38
1678,2016-04-20,Eibar,1463,1441,40.3,35
1678,2016-04-20,Valencia,1472,1494,59.7,51
1679,2016-04-21,Granada,1408,1430,60.9,40
1679,2016-04-21,Levante UD,1391,1369,39.1,45
1680,2016-04-21,Getafe,1357,1381,21.8,49
1680,2016-04-21,Real Sociedad,1519,1495,78.2,44
1681,2016-04-22,Espanyol,1420,1402,32.1,51
1681,2016-04-22,Las Palmas,1491,1509,67.9,35
1682,2016-04-23,Atlético Madrid,1741,1745,84.8,53
1682,2016-04-23,Málaga,1503,1498,15.2,47
1683,2016-04-23,Barcelona,1808,1812,93.6,355
1683,2016-04-23,Sporting Gijón,1403,1399,6.4,39
1684,2016-04-23,Eibar,1441,1438,59.3,36
1684,2016-04-23,RC Deportivo La Coruña,1435,1438,40.7,45
1685,2016-04-23,Rayo Vallecano,1454,1448,17.9,42
1685,2016-04-23,Real Madrid,1778,1783,82.1,55
1686,2016-04-24,Getafe,1381,1383,42.3,50
1686,2016-04-24,Valencia,1494,1492,57.7,52
1687,2016-04-24,Athletic Club,1585,1579,71.0,51
1687,2016-04-24,Levante UD,1369,1375,29.0,46
1688,2016-04-24,Real Betis,1479,1463,36.5,45
1688,2016-04-24,Sevilla,1515,1532,63.5,52
1689,2016-04-24,Real Sociedad,1495,1501,30.2,45
1689,2016-04-24,Villarreal,1581,1575,69.8,47
1690,2016-04-25,Celta Vigo,1523,1532,70.7,42
1690,2016-04-25,Granada,1430,1421,29.3,41
1691,2016-04-29,Eibar,1438,1417,47.0,37
1691,2016-04-29,Sporting Gijón,1399,1420,53.0,40
1692,2016-04-30,Atlético Madrid,1745,1749,88.6,54
1692,2016-04-30,Rayo Vallecano,1448,1445,11.4,43
1693,2016-04-30,Granada,1421,1438,46.1,42
1693,2016-04-30,Las Palmas,1509,1492,53.9,36
1694,2016-04-30,Barcelona,1812,1819,84.1,356
1694,2016-04-30,Real Betis,1463,1456,15.9,46
1695,2016-04-30,Real Madrid,1783,1790,78.2,56
1695,2016-04-30,Real Sociedad,1501,1495,21.8,46
1696,2016-05-01,Athletic Club,1579,1589,64.9,52
1696,2016-05-01,Celta Vigo,1532,1521,35.1,43
1697,2016-05-01,Espanyol,1402,1420,40.1,52
1697,2016-05-01,Sevilla,1532,1514,59.9,53
1698,2016-05-01,Getafe,1383,1413,34.0,51
1698,2016-05-01,RC Deportivo La Coruña,1438,1408,66.0,46
1699,2016-05-01,Valencia,1492,1471,46.7,53
1699,2016-05-01,Villarreal,1575,1596,53.3,48
1700,2016-05-02,Levante UD,1375,1364,25.9,47
1700,2016-05-02,Málaga,1498,1510,74.1,48
1701,2016-05-08,Barcelona,1819,1823,93.4,357
1701,2016-05-08,Espanyol,1420,1416,6.6,53
1702,2016-05-08,Celta Vigo,1521,1533,60.2,44
1702,2016-05-08,Málaga,1510,1498,39.8,49
1703,2016-05-08,Eibar,1417,1416,53.0,38
1703,2016-05-08,Real Betis,1456,1457,47.0,47
1704,2016-05-08,Getafe,1413,1410,57.5,52
1704,2016-05-08,Sporting Gijón,1420,1422,42.5,41
1705,2016-05-08,Athletic Club,1589,1588,55.3,53
1705,2016-05-08,Las Palmas,1492,1494,44.7,37
1706,2016-05-08,Atlético Madrid,1749,1723,86.7,55
1706,2016-05-08,Levante UD,1364,1390,13.3,48
1707,2016-05-08,Real Madrid,1790,1793,89.8,57
1707,2016-05-08,Valencia,1471,1468,10.2,54
1708,2016-05-08,Rayo Vallecano,1445,1435,34.7,44
1708,2016-05-08,Real Sociedad,1495,1505,65.3,47
1709,2016-05-08,Granada,1438,1474,31.4,43
1709,2016-05-08,Sevilla,1514,1478,68.6,54
1710,2016-05-08,RC Deportivo La Coruña,1408,1445,19.4,47
1710,2016-05-08,Villarreal,1596,1560,80.6,49
1711,2016-05-13,Real Sociedad,1505,1521,46.7,48
1711,2016-05-13,Valencia,1468,1452,53.3,55
1712,2016-05-14,Athletic Club,1588,1600,72.7,54
1712,2016-05-14,Sevilla,1478,1465,27.3,55
1713,2016-05-14,Atlético Madrid,1723,1731,80.8,56
1713,2016-05-14,Celta Vigo,1533,1525,19.2,45
1714,2016-05-14,Barcelona,1823,1832,84.1,358
1714,2016-05-14,Granada,1474,1465,15.9,44
1715,2016-05-14,RC Deportivo La Coruña,1445,1438,16.0,48
1715,2016-05-14,Real Madrid,1793,1800,84.0,58
1716,2016-05-15,Eibar,1416,1397,41.4,39
1716,2016-05-15,Espanyol,1416,1435,58.6,54
1717,2016-05-15,Las Palmas,1494,1473,40.9,38
1717,2016-05-15,Málaga,1498,1519,59.1,50
1718,2016-05-15,Levante UD,1390,1374,35.3,49
1718,2016-05-15,Rayo Vallecano,1435,1451,64.7,45
1719,2016-05-15,Getafe,1410,1400,35.2,53
1719,2016-05-15,Real Betis,1457,1467,64.8,48
1720,2016-05-15,Sporting Gijón,1422,1450,39.0,42
1720,2016-05-15,Villarreal,1560,1532,61.0,50
1721,2016-08-20,Barcelona,1832,1836,92.0,359
1721,2016-08-20,Real Betis,1467,1463,8.0,49
1722,2016-08-28,Athletic Club,1600,1592,26.6,55
1722,2016-08-28,Barcelona,1836,1844,73.4,360
1723,2016-09-10,Barcelona,1844,1817,91.4,361
1723,2016-09-10,Deportivo Alavés,1493,1521,8.6,1
1724,2016-09-17,Barcelona,1817,1827,81.4,362
1724,2016-09-17,Leganés,1500,1490,18.6,0
1725,2016-09-21,Atlético Madrid,1734,1740,29.3,58
1725,2016-09-21,Barcelona,1827,1821,70.7,363
1726,2016-10-15,Barcelona,1821,1825,92.8,364
1726,2016-10-15,RC Deportivo La Coruña,1438,1433,7.2,49
1727,2016-10-22,Barcelona,1825,1829,85.8,365
1727,2016-10-22,Valencia,1452,1448,14.2,56
1728,2016-10-29,Barcelona,1829,1832,92.0,366
1728,2016-10-29,Granada,1465,1463,8.0,45
1729,2016-11-06,Barcelona,1832,1836,85.4,367
1729,2016-11-06,Sevilla,1465,1461,14.6,56
1730,2016-11-27,Barcelona,1836,1827,81.3,368
1730,2016-11-27,Real Sociedad,1521,1531,18.7,49
1731,2016-12-03,Barcelona,1827,1823,62.6,369
1731,2016-12-03,Real Madrid,1797,1801,37.4,60
1732,2016-12-10,Barcelona,1823,1831,84.1,370
1732,2016-12-10,Osasuna,1474,1465,15.9,15
1733,2016-12-18,Barcelona,1831,1835,93.3,371
1733,2016-12-18,Espanyol,1435,1431,6.7,55
1734,2017-01-08,Barcelona,1835,1826,80.1,372
1734,2017-01-08,Villarreal,1532,1542,19.9,51
1735,2017-01-14,Barcelona,1826,1831,91.5,373
1735,2017-01-14,Las Palmas,1473,1467,8.5,39
1736,2017-01-22,Barcelona,1831,1837,89.6,374
1736,2017-01-22,Eibar,1397,1391,10.4,40
1737,2017-01-29,Barcelona,1837,1826,85.9,375
1737,2017-01-29,Real Betis,1463,1473,14.1,50
1738,2017-02-04,Athletic Club,1592,1584,15.5,56
1738,2017-02-04,Barcelona,1826,1834,84.5,376
1739,2017-02-11,Barcelona,1834,1846,81.1,377
1739,2017-02-11,Deportivo Alavés,1521,1509,18.9,2
1740,2017-02-19,Barcelona,1846,1849,91.7,378
1740,2017-02-19,Leganés,1490,1487,8.3,1
1741,2017-02-26,Atlético Madrid,1740,1728,43.1,59
1741,2017-02-26,Barcelona,1849,1862,56.9,379
1742,2017-03-01,Barcelona,1862,1865,93.8,380
1742,2017-03-01,Sporting Gijón,1450,1446,6.2,43
1743,2017-03-04,Barcelona,1865,1871,90.9,381
1743,2017-03-04,Celta Vigo,1525,1519,9.1,46
1744,2017-03-12,Barcelona,1871,1844,89.8,382
1744,2017-03-12,RC Deportivo La Coruña,1433,1460,10.2,50
1745,2017-03-19,Barcelona,1844,1847,93.2,383
1745,2017-03-19,Valencia,1448,1445,6.8,57
1746,2017-04-05,Barcelona,1847,1851,92.9,384
1746,2017-04-05,Sevilla,1461,1457,7.1,57
1747,2017-04-08,Barcelona,1851,1813,82.7,385
1747,2017-04-08,Málaga,1519,1557,17.3,51
1748,2017-04-15,Barcelona,1813,1817,87.8,386
1748,2017-04-15,Real Sociedad,1531,1527,12.2,50
1749,2017-04-23,Barcelona,1817,1834,43.7,387
1749,2017-04-23,Real Madrid,1801,1784,56.3,61
1750,2017-04-26,Barcelona,1834,1839,92.2,388
1750,2017-04-26,Osasuna,1465,1460,7.8,16
1751,2017-04-29,Barcelona,1839,1845,88.1,389
1751,2017-04-29,Espanyol,1431,1425,11.9,56
1752,2017-05-06,Barcelona,1845,1851,89.0,390
1752,2017-05-06,Villarreal,1542,1536,11.0,52
1753,2017-05-14,Barcelona,1851,1858,86.6,391
1753,2017-05-14,Las Palmas,1467,1460,13.4,40
1754,2017-05-21,Barcelona,1858,1860,95.4,392
1754,2017-05-21,Eibar,1391,1389,4.6,41
1755,2017-08-20,Barcelona,1860,1863,92.9,393
1755,2017-08-20,Real Betis,1473,1470,7.1,51
1756,2017-08-26,Barcelona,1863,1870,84.5,394
1756,2017-08-26,Deportivo Alavés,1509,1502,15.5,3
1757,2017-09-09,Barcelona,1870,1873,94.8,395
1757,2017-09-09,Espanyol,1425,1422,5.2,57
1758,2017-09-16,Barcelona,1873,1876,91.5,396
1758,2017-09-16,Getafe,1400,1397,8.5,54
1759,2017-09-19,Barcelona,1876,1878,95.9,397
1759,2017-09-19,Eibar,1389,1387,4.1,42
1760,2017-09-23,Barcelona,1878,1886,86.2,398
1760,2017-09-23,Girona,1500,1493,13.8,0
1761,2017-10-01,Barcelona,1886,1889,94.2,399
1761,2017-10-01,Las Palmas,1460,1457,5.8,41
1762,2017-10-14,Atlético Madrid,1728,1732,35.8,60
1762,2017-10-14,Barcelona,1889,1884,64.2,400
1763,2017-10-21,Barcelona,1884,1889,90.3,401
1763,2017-10-21,Málaga,1557,1552,9.7,52
1764,2017-10-28,Athletic Club,1584,1575,19.6,57
1764,2017-10-28,Barcelona,1889,1898,80.4,402
1765,2017-11-04,Barcelona,1898,1899,94.7,403
1765,2017-11-04,Sevilla,1457,1456,5.3,58
1766,2017-11-18,Barcelona,1899,1905,88.4,404
1766,2017-11-18,Leganés,1487,1481,11.6,2
1767,2017-11-26,Barcelona,1905,1893,90.9,405
1767,2017-11-26,Valencia,1445,1457,9.1,58
1768,2017-12-02,Barcelona,1893,1880,92.4,406
1768,2017-12-02,Celta Vigo,1519,1532,7.6,47
1769,2017-12-10,Barcelona,1880,1888,83.7,407
1769,2017-12-10,Villarreal,1536,1528,16.3,53
1770,2017-12-17,Barcelona,1888,1891,94.3,408
1770,2017-12-17,RC Deportivo La Coruña,1460,1457,5.7,51
1771,2017-12-23,Barcelona,1891,1915,53.2,409
1771,2017-12-23,Real Madrid,1809,1784,46.8,63
1772,2018-01-07,Barcelona,1915,1917,97.0,410
1772,2018-01-07,Levante UD,1374,1372,3.0,50
1773,2018-01-14,Barcelona,1917,1923,87.0,411
1773,2018-01-14,Real Sociedad,1527,1521,13.0,51
1774,2018-01-21,Barcelona,1923,1929,90.5,412
1774,2018-01-21,Real Betis,1470,1465,9.5,52
1775,2018-01-28,Barcelona,1929,1930,94.3,413
1775,2018-01-28,Deportivo Alavés,1502,1500,5.7,4
1776,2018-02-04,Barcelona,1930,1917,93.0,414
1776,2018-02-04,Espanyol,1422,1435,7.0,58
1777,2018-02-11,Barcelona,1917,1903,96.6,415
1777,2018-02-11,Getafe,1397,1411,3.4,55
1778,2018-02-17,Barcelona,1903,1906,93.3,416
1778,2018-02-17,Eibar,1387,1384,6.7,43
1779,2018-02-24,Barcelona,1906,1910,93.9,417
1779,2018-02-24,Girona,1493,1489,6.1,1
1780,2018-03-01,Barcelona,1910,1898,90.6,418
1780,2018-03-01,Las Palmas,1457,1470,9.4,42
1781,2018-03-04,Atlético Madrid,1732,1725,21.4,61
1781,2018-03-04,Barcelona,1898,1904,78.6,419
1782,2018-03-18,Athletic Club,1575,1571,9.6,58
1782,2018-03-18,Barcelona,1904,1909,90.4,420
1783,2018-03-31,Barcelona,1909,1896,90.6,421
1783,2018-03-31,Sevilla,1456,1468,9.4,59
1784,2018-04-07,Barcelona,1896,1899,93.9,422
1784,2018-04-07,Leganés,1481,1478,6.1,3
1785,2018-04-14,Barcelona,1899,1901,94.7,423
1785,2018-04-14,Valencia,1457,1455,5.3,59
1786,2018-04-17,Barcelona,1901,1890,85.5,424
1786,2018-04-17,Celta Vigo,1532,1543,14.5,48
1787,2018-04-29,Barcelona,1890,1895,89.5,425
1787,2018-04-29,RC Deportivo La Coruña,1457,1453,10.5,52
1788,2018-05-06,Barcelona,1895,1888,72.8,426
1788,2018-05-06,Real Madrid,1784,1791,27.2,64
1789,2018-05-09,Barcelona,1888,1893,91.8,427
1789,2018-05-09,Villarreal,1528,1524,8.2,54
1790,2018-05-20,Barcelona,1893,1895,92.3,428
1790,2018-05-20,Real Sociedad,1521,1519,7.7,52
1791,2018-08-18,Barcelona,1895,1899,93.2,429
1791,2018-08-18,Deportivo Alavés,1500,1497,6.8,5
1792,2018-08-25,Barcelona,1899,1902,87.7,430
1792,2018-08-25,Real Valladolid,1497,1493,12.3,7
1793,2018-09-02,Barcelona,1902,1906,93.5,431
1793,2018-09-02,Huesca,1500,1496,6.5,0
1794,2018-09-15,Barcelona,1906,1910,86.8,432
1794,2018-09-15,Real Sociedad,1519,1515,13.2,53
1795,2018-09-23,Barcelona,1910,1897,94.1,433
1795,2018-09-23,Girona,1489,1502,5.9,2
1796,2018-09-26,Barcelona,1897,1870,88.8,434
1796,2018-09-26,Leganés,1478,1505,11.2,4
1797,2018-09-29,Athletic Club,1571,1582,11.2,59
1797,2018-09-29,Barcelona,1870,1859,88.8,435
1798,2018-10-07,Barcelona,1859,1847,87.8,436
1798,2018-10-07,Valencia,1455,1467,12.2,60
1799,2018-10-20,Barcelona,1847,1851,92.6,437
1799,2018-10-20,Sevilla,1468,1464,7.4,60
1800,2018-11-11,Barcelona,1851,1823,92.9,438
1800,2018-11-11,Real Betis,1465,1492,7.1,53
1801,2018-11-24,Atlético Madrid,1725,1727,44.6,62
1801,2018-11-24,Barcelona,1823,1821,55.4,439
1802,2018-12-02,Barcelona,1821,1826,88.7,440
1802,2018-12-02,Villarreal,1524,1519,11.3,55
1803,2018-12-08,Barcelona,1826,1834,87.1,441
1803,2018-12-08,Espanyol,1435,1427,12.9,59
1804,2018-12-16,Barcelona,1834,1839,91.0,442
1804,2018-12-16,Levante UD,1372,1367,9.0,51
1805,2018-12-22,Barcelona,1839,1844,88.6,443
1805,2018-12-22,Celta Vigo,1543,1538,11.4,49
1806,2019-01-06,Barcelona,1844,1847,89.5,444
1806,2019-01-06,Getafe,1411,1408,10.5,56
1807,2019-01-13,Barcelona,1847,1850,95.3,445
1807,2019-01-13,Eibar,1384,1381,4.7,44
1808,2019-01-20,Barcelona,1850,1854,91.1,446
1808,2019-01-20,Leganés,1505,1501,8.9,5
1809,2019-01-27,Barcelona,1854,1861,84.3,447
1809,2019-01-27,Girona,1502,1495,15.7,3
1810,2019-02-02,Barcelona,1861,1848,93.2,448
1810,2019-02-02,Valencia,1467,1480,6.8,61
1811,2019-02-10,Athletic Club,1582,1590,23.4,60
1811,2019-02-10,Barcelona,1848,1840,76.6,449
1812,2019-02-16,Barcelona,1840,1843,91.2,450
1812,2019-02-16,Real Valladolid,1493,1491,8.8,8
1813,2019-02-23,Barcelona,1843,1849,86.2,451
1813,2019-02-23,Sevilla,1464,1458,13.8,61
1814,2019-03-02,Barcelona,1849,1864,48.4,452
1814,2019-03-02,Real Madrid,1800,1785,51.6,66
1815,2019-03-09,Barcelona,1864,1867,93.9,453
1815,2019-03-09,Rayo Vallecano,1451,1448,6.1,46
1816,2019-03-17,Barcelona,1867,1874,85.9,454
1816,2019-03-17,Real Betis,1492,1485,14.1,54
1817,2019-03-30,Barcelona,1874,1877,94.9,455
1817,2019-03-30,Espanyol,1427,1425,5.1,60
1818,2019-04-02,Barcelona,1877,1866,84.8,456
1818,2019-04-02,Villarreal,1519,1529,15.2,56
1819,2019-04-06,Atlético Madrid,1727,1716,24.1,63
1819,2019-04-06,Barcelona,1866,1877,75.9,457
1820,2019-04-20,Barcelona,1877,1880,91.9,458
1820,2019-04-20,Real Sociedad,1515,1512,8.1,54
1821,2019-04-23,Barcelona,1880,1886,86.5,459
1821,2019-04-23,Deportivo Alavés,1497,1491,13.5,6
1822,2019-04-27,Barcelona,1886,1887,96.6,460
1822,2019-04-27,Levante UD,1367,1366,3.4,52
1823,2019-05-12,Barcelona,1887,1889,95.7,461
1823,2019-05-12,Getafe,1408,1406,4.3,57
1824,2019-05-19,Barcelona,1889,1876,92.9,462
1824,2019-05-19,Eibar,1381,1394,7.1,45
1825,2019-09-21,Barcelona,1876,1836,88.4,463
1825,2019-09-21,Granada,1463,1503,11.6,46
1826,2019-09-24,Barcelona,1836,1839,89.2,464
1826,2019-09-24,Villarreal,1529,1526,10.8,57
1827,2019-10-06,Barcelona,1839,1843,92.7,465
1827,2019-10-06,Sevilla,1458,1454,7.3,62
1828,2019-10-19,Barcelona,1843,1848,90.4,466
1828,2019-10-19,Eibar,1394,1389,9.6,46
1829,2019-10-29,Barcelona,1848,1853,91.7,467
1829,2019-10-29,Real Valladolid,1491,1486,8.3,9
1830,2019-11-02,Barcelona,1853,1812,92.1,468
1830,2019-11-02,Levante UD,1366,1407,7.9,53
1831,2019-11-09,Barcelona,1812,1818,87.2,469
1831,2019-11-09,Celta Vigo,1538,1531,12.8,50
1832,2019-11-23,Barcelona,1818,1824,81.5,470
1832,2019-11-23,Leganés,1501,1495,18.5,6
1833,2019-12-01,Atlético Madrid,1716,1703,43.2,64
1833,2019-12-01,Barcelona,1824,1837,56.8,471
1834,2019-12-07,Barcelona,1837,1841,91.5,472
1834,2019-12-07,Mallorca,1485,1480,8.5,10
1835,2019-12-14,Barcelona,1841,1832,82.5,473
1835,2019-12-14,Real Sociedad,1512,1522,17.5,55
1836,2019-12-18,Barcelona,1832,1827,64.9,474
1836,2019-12-18,Real Madrid,1785,1789,35.1,67
1837,2019-12-21,Barcelona,1827,1832,90.7,475
1837,2019-12-21,Deportivo Alavés,1491,1486,9.3,7
1838,2020-01-04,Barcelona,1832,1820,88.0,476
1838,2020-01-04,Espanyol,1425,1437,12.0,61
1839,2020-01-19,Barcelona,1820,1824,89.8,477
1839,2020-01-19,Granada,1503,1500,10.2,47
1840,2020-01-25,Barcelona,1824,1786,83.7,478
1840,2020-01-25,Valencia,1480,1517,16.3,62
1841,2020-02-02,Barcelona,1786,1788,92.6,479
1841,2020-02-02,Levante UD,1407,1405,7.4,54
1842,2020-02-09,Barcelona,1788,1794,80.2,480
1842,2020-02-09,Real Betis,1485,1479,19.8,55
1843,2020-02-15,Barcelona,1794,1796,92.9,481
1843,2020-02-15,Getafe,1406,1404,7.1,58
1844,2020-02-22,Barcelona,1796,1800,93.6,482
1844,2020-02-22,Eibar,1389,1385,6.4,47
1845,2020-03-01,Barcelona,1800,1781,43.0,483
1845,2020-03-01,Real Madrid,1789,1808,57.0,68
1846,2020-03-07,Barcelona,1781,1785,86.2,484
1846,2020-03-07,Real Sociedad,1522,1518,13.8,56
1847,2020-06-13,Barcelona,1785,1796,80.3,485
1847,2020-06-13,Mallorca,1480,1469,19.7,11
1848,2020-06-16,Barcelona,1796,1801,88.9,486
1848,2020-06-16,Leganés,1495,1490,11.1,7
1849,2020-06-19,Barcelona,1801,1791,83.9,487
1849,2020-06-19,Sevilla,1454,1464,16.1,63
1850,2020-06-23,Athletic Club,1590,1585,18.2,61
1850,2020-06-23,Barcelona,1791,1796,81.8,488
1851,2020-06-27,Barcelona,1796,1788,76.5,489
1851,2020-06-27,Celta Vigo,1531,1539,23.5,51
1852,2020-06-30,Atlético Madrid,1703,1709,30.3,65
1852,2020-06-30,Barcelona,1788,1782,69.7,490
1853,2020-07-05,Barcelona,1782,1795,75.6,491
1853,2020-07-05,Villarreal,1526,1513,24.4,58
1854,2020-07-08,Barcelona,1795,1798,91.8,492
1854,2020-07-08,Espanyol,1437,1434,8.2,62
1855,2020-07-11,Barcelona,1798,1803,81.0,493
1855,2020-07-11,Real Valladolid,1486,1480,19.0,10
1856,2020-07-16,Barcelona,1803,1776,91.1,494
1856,2020-07-16,Osasuna,1460,1488,8.9,17
1857,2020-07-19,Barcelona,1776,1789,79.0,495
1857,2020-07-19,Deportivo Alavés,1486,1473,21.0,8
1858,2020-09-27,Barcelona,1789,1796,87.3,496
1858,2020-09-27,Villarreal,1513,1506,12.7,59
1859,2020-10-01,Barcelona,1796,1808,75.6,497
1859,2020-10-01,Celta Vigo,1539,1526,24.4,52
1860,2020-10-04,Barcelona,1808,1796,91.1,498
1860,2020-10-04,Sevilla,1464,1477,8.9,64
1861,2020-10-17,Barcelona,1796,1770,87.1,499
1861,2020-10-17,Getafe,1404,1430,12.9,59
1862,2020-10-24,Barcelona,1770,1746,53.1,500
1862,2020-10-24,Real Madrid,1808,1832,46.9,69
1863,2020-10-31,Barcelona,1746,1738,77.3,501
1863,2020-10-31,Deportivo Alavés,1473,1481,22.7,9
1864,2020-11-07,Barcelona,1738,1745,86.2,502
1864,2020-11-07,Real Betis,1479,1472,13.8,56
1865,2020-11-21,Atlético Madrid,1709,1723,53.4,66
1865,2020-11-21,Barcelona,1745,1731,46.6,503
1866,2020-11-29,Barcelona,1731,1740,85.2,504
1866,2020-11-29,Osasuna,1488,1479,14.8,18
1867,2020-12-05,Barcelona,1740,1717,75.2,505
1867,2020-12-05,Cádiz,1487,1510,24.8,1
1868,2020-12-13,Barcelona,1717,1720,89.5,506
1868,2020-12-13,Levante UD,1405,1402,10.5,55
1869,2020-12-16,Barcelona,1720,1726,81.9,507
1869,2020-12-16,Real Sociedad,1518,1512,18.1,57
1870,2020-12-19,Barcelona,1726,1716,82.4,508
1870,2020-12-19,Valencia,1517,1527,17.6,63
1871,2020-12-22,Barcelona,1716,1730,73.3,509
1871,2020-12-22,Real Valladolid,1480,1466,26.7,11
1872,2021-01-03,Barcelona,1730,1738,73.1,510
1872,2021-01-03,Huesca,1496,1488,26.9,1
1873,2021-01-06,Athletic Club,1585,1574,36.9,62
1873,2021-01-06,Barcelona,1738,1749,63.1,511
1874,2021-01-09,Barcelona,1749,1763,74.8,512
1874,2021-01-09,Granada,1500,1485,25.2,48
1875,2021-01-31,Athletic Club,1574,1568,19.2,63
1875,2021-01-31,Barcelona,1763,1769,80.8,513
1876,2021-02-07,Barcelona,1769,1775,79.6,514
1876,2021-02-07,Real Betis,1472,1466,20.4,57
1877,2021-02-13,Barcelona,1775,1781,88.5,515
1877,2021-02-13,Deportivo Alavés,1481,1475,11.5,10
1878,2021-02-21,Barcelona,1781,1770,87.1,516
1878,2021-02-21,Cádiz,1510,1521,12.9,2
1879,2021-02-24,Barcelona,1770,1777,87.7,517
1879,2021-02-24,Elche,1489,1482,12.3,3
1880,2021-02-27,Barcelona,1777,1786,79.9,518
1880,2021-02-27,Sevilla,1477,1468,20.1,65
1881,2021-03-06,Barcelona,1786,1795,80.5,519
1881,2021-03-06,Osasuna,1479,1470,19.5,19
1882,2021-03-15,Barcelona,1795,1800,89.2,520
1882,2021-03-15,Huesca,1488,1482,10.8,2
1883,2021-03-21,Barcelona,1800,1813,78.8,521
1883,2021-03-21,Real Sociedad,1512,1500,21.2,58
1884,2021-04-05,Barcelona,1813,1816,91.2,522
1884,2021-04-05,Real Valladolid,1466,1464,8.8,12
1885,2021-04-10,Barcelona,1816,1804,39.1,523
1885,2021-04-10,Real Madrid,1832,1844,60.9,70
1886,2021-04-22,Barcelona,1804,1808,92.4,524
1886,2021-04-22,Getafe,1430,1426,7.6,60
1887,2021-04-25,Barcelona,1808,1814,80.1,525
1887,2021-04-25,Villarreal,1506,1500,19.9,60
1888,2021-04-29,Barcelona,1814,1787,90.3,526
1888,2021-04-29,Granada,1485,1513,9.7,49
1889,2021-05-02,Barcelona,1787,1794,75.9,527
1889,2021-05-02,Valencia,1527,1520,24.1,64
1890,2021-05-08,Atlético Madrid,1723,1728,32.0,67
1890,2021-05-08,Barcelona,1794,1789,68.0,528
1891,2021-05-11,Barcelona,1789,1778,86.8,529
1891,2021-05-11,Levante UD,1402,1413,13.2,56
1892,2021-05-16,Barcelona,1778,1752,85.7,530
1892,2021-05-16,Celta Vigo,1526,1552,14.3,53
1893,2023-09-15,Real Madrid CF W,1500,1526,41.5,0
1893,2023-09-15,Valencia CF,1500,1474,58.5,0
1894,2023-09-16,Athletic Club Bilbao,1500,1478,41.5,0
1894,2023-09-16,Atletico Madrid W,1500,1522,58.5,0
1895,2023-09-16,Barcelona WFC,1500,1526,41.5,0
1895,2023-09-16,Madrid CFF,1500,1474,58.5,0
1896,2023-09-16,Real Betis Balompié,1500,1512,58.5,0
1896,2023-09-16,Villarreal,1500,1488,41.5,61
1897,2023-09-16,FC Levante Badalona,1500,1518,41.5,0
1897,2023-09-16,SD Eibar,1500,1482,58.5,0
1898,2023-09-17,CD Sporting de Huelva,1500,1481,41.5,0
1898,2023-09-17,Costa Adeje Tenerife,1500,1519,58.5,0
1899,2023-09-17,Granada W,1500,1512,58.5,0
1899,2023-09-17,Real Sociedad de Fútbol,1500,1488,41.5,0
1900,2023-09-17,Levante UD Femenino,1500,1519,58.5,0
1900,2023-09-17,Sevilla FC,1500,1481,41.5,0
1901,2023-09-30,Granada W,1512,1494,62.7,1
1901,2023-09-30,SD Eibar,1482,1501,37.3,1
1902,2023-09-30,Atletico Madrid W,1522,1524,41.9,1
1902,2023-09-30,Levante UD Femenino,1519,1516,58.1,1
1903,2023-09-30,Madrid CFF,1474,1507,40.4,1
1903,2023-09-30,Sevilla FC,1481,1448,59.6,1
1904,2023-09-30,Valencia CF,1474,1492,39.5,1
1904,2023-09-30,Villarreal,1488,1469,60.5,62
1905,2023-10-01,Barcelona WFC,1526,1542,47.8,1
1905,2023-10-01,CD Sporting de Huelva,1481,1466,52.2,1
1906,2023-10-01,Costa Adeje Tenerife,1519,1501,57.5,1
1906,2023-10-01,Real Madrid CF W,1526,1544,42.5,1
1907,2023-10-01,Athletic Club Bilbao,1478,1467,36.1,1
1907,2023-10-01,FC Levante Badalona,1518,1528,63.9,1
1908,2023-10-01,Real Betis Balompié,1512,1499,45.0,1
1908,2023-10-01,Real Sociedad de Fútbol,1488,1501,55.0,1
1909,2023-10-03,Atletico Madrid W,1524,1547,49.2,2
1909,2023-10-03,Villarreal,1469,1447,50.8,63
1910,2023-10-04,Athletic Club Bilbao,1467,1481,54.8,2
1910,2023-10-04,Granada W,1494,1480,45.2,2
1911,2023-10-04,Real Betis Balompié,1499,1479,35.4,2
1911,2023-10-04,Real Madrid CF W,1544,1563,64.6,2
1912,2023-10-04,Levante UD Femenino,1516,1518,43.6,2
1912,2023-10-04,Real Sociedad de Fútbol,1501,1499,56.4,2
1913,2023-10-04,Madrid CFF,1507,1542,42.3,2
1913,2023-10-04,SD Eibar,1501,1467,57.7,2
1914,2023-10-04,Costa Adeje Tenerife,1501,1474,49.1,2
1914,2023-10-04,Sevilla FC,1448,1475,50.9,2
1915,2023-10-05,Barcelona WFC,1542,1564,65.3,2
1915,2023-10-05,Valencia CF,1492,1470,34.7,2
1916,2023-10-05,CD Sporting de Huelva,1466,1471,33.0,2
1916,2023-10-05,FC Levante Badalona,1528,1523,67.0,2
1917,2023-10-07,Atletico Madrid W,1547,1557,68.1,3
1917,2023-10-07,Sevilla FC,1475,1466,31.9,3
1918,2023-10-07,Real Madrid CF W,1563,1571,73.5,3
1918,2023-10-07,Villarreal,1447,1439,26.5,64
1919,2023-10-08,Barcelona WFC,1564,1581,67.2,3
1919,2023-10-08,Real Sociedad de Fútbol,1499,1482,32.8,3
1920,2023-10-08,Granada W,1480,1470,33.2,3
1920,2023-10-08,Madrid CFF,1542,1552,66.8,3
1921,2023-10-08,Levante UD Femenino,1518,1548,47.0,3
1921,2023-10-08,Real Betis Balompié,1479,1449,53.0,3
1922,2023-10-08,Costa Adeje Tenerife,1474,1491,42.5,3
1922,2023-10-08,SD Eibar,1467,1449,57.5,3
1923,2023-10-09,Athletic Club Bilbao,1481,1502,60.0,3
1923,2023-10-09,CD Sporting de Huelva,1471,1450,40.0,3
1924,2023-10-09,FC Levante Badalona,1523,1524,49.1,3
1924,2023-10-09,Valencia CF,1470,1469,50.9,3
1925,2023-10-14,Granada W,1470,1447,44.1,4
1925,2023-10-14,Real Madrid CF W,1571,1595,55.9,4
1926,2023-10-14,Real Sociedad de Fútbol,1482,1499,63.0,4
1926,2023-10-14,SD Eibar,1449,1433,37.0,4
1927,2023-10-14,Sevilla FC,1466,1448,58.0,4
1927,2023-10-14,Valencia CF,1469,1487,42.0,4
1928,2023-10-14,Athletic Club Bilbao,1502,1475,50.5,4
1928,2023-10-14,Villarreal,1439,1465,49.5,65
1929,2023-10-15,Atletico Madrid W,1557,1540,55.1,4
1929,2023-10-15,Barcelona WFC,1581,1598,44.9,4
1930,2023-10-15,CD Sporting de Huelva,1450,1430,44.0,4
1930,2023-10-15,Madrid CFF,1552,1572,56.0,4
1931,2023-10-15,Costa Adeje Tenerife,1491,1502,64.2,4
1931,2023-10-15,Real Betis Balompié,1449,1439,35.8,4
1932,2023-10-15,FC Levante Badalona,1524,1527,38.1,4
1932,2023-10-15,Levante UD Femenino,1548,1544,61.9,4
1933,2023-10-21,Barcelona WFC,1598,1612,77.1,5
1933,2023-10-21,Granada W,1447,1433,22.9,5
1934,2023-10-21,Atletico Madrid W,1540,1559,57.2,5
1934,2023-10-21,CD Sporting de Huelva,1430,1411,42.8,5
1935,2023-10-21,Real Betis Balompié,1439,1438,51.7,5
1935,2023-10-21,Valencia CF,1487,1487,48.3,5
1936,2023-10-21,SD Eibar,1433,1432,54.0,5
1936,2023-10-21,Villarreal,1465,1466,46.0,66
1937,2023-10-22,Athletic Club Bilbao,1475,1489,55.3,5
1937,2023-10-22,Real Sociedad de Fútbol,1499,1485,44.7,5
1938,2023-10-22,FC Levante Badalona,1527,1506,69.0,5
1938,2023-10-22,Sevilla FC,1448,1469,31.0,5
1939,2023-10-22,Costa Adeje Tenerife,1502,1492,32.1,5
1939,2023-10-22,Madrid CFF,1572,1581,67.9,5
1940,2023-10-22,Levante UD Femenino,1544,1564,34.7,5
1940,2023-10-22,Real Madrid CF W,1595,1575,65.3,5
1941,2023-11-04,Athletic Club Bilbao,1489,1474,48.7,6
1941,2023-11-04,Real Betis Balompié,1438,1453,51.3,6
1942,2023-11-04,Real Sociedad de Fútbol,1485,1497,61.2,6
1942,2023-11-04,Villarreal,1466,1455,38.8,67
1943,2023-11-04,Real Madrid CF W,1575,1586,61.8,6
1943,2023-11-04,SD Eibar,1432,1420,38.2,6
1944,2023-11-04,CD Sporting de Huelva,1411,1397,31.3,6
1944,2023-11-04,Valencia CF,1487,1501,68.7,6
1945,2023-11-05,Barcelona WFC,1612,1628,76.2,6
1945,2023-11-05,Sevilla FC,1469,1452,23.8,6
1946,2023-11-05,Atletico Madrid W,1559,1544,51.0,6
1946,2023-11-05,Costa Adeje Tenerife,1492,1507,49.0,6
1947,2023-11-05,FC Levante Badalona,1506,1521,51.9,6
1947,2023-11-05,Granada W,1433,1419,48.1,6
1948,2023-11-05,Levante UD Femenino,1564,1582,39.1,6
1948,2023-11-05,Madrid CFF,1581,1563,60.9,6
1949,2023-11-10,Real Madrid CF W,1586,1605,70.3,7
1949,2023-11-10,Real Sociedad de Fútbol,1497,1478,29.7,7
1950,2023-11-11,Atletico Madrid W,1544,1558,74.3,7
1950,2023-11-11,SD Eibar,1420,1407,25.7,7
1951,2023-11-11,CD Sporting de Huelva,1397,1374,50.6,7
1951,2023-11-11,Real Betis Balompié,1453,1475,49.4,7
1952,2023-11-11,Barcelona WFC,1628,1650,65.8,7
1952,2023-11-11,Villarreal,1455,1433,34.2,68
1953,2023-11-12,Athletic Club Bilbao,1474,1461,45.9,7
1953,2023-11-12,Madrid CFF,1563,1577,54.1,7
1954,2023-11-12,Costa Adeje Tenerife,1507,1490,39.6,7
1954,2023-11-12,FC Levante Badalona,1521,1539,60.4,7
1955,2023-11-12,Levante UD Femenino,1582,1596,69.2,7
1955,2023-11-12,Valencia CF,1501,1488,30.8,7
1956,2023-11-12,Granada W,1419,1408,36.9,7
1956,2023-11-12,Sevilla FC,1452,1463,63.1,7
1957,2023-11-18,Costa Adeje Tenerife,1490,1477,43.4,8
1957,2023-11-18,Levante UD Femenino,1596,1609,56.6,8
1958,2023-11-18,Real Sociedad de Fútbol,1478,1460,60.6,8
1958,2023-11-18,Sevilla FC,1463,1481,39.4,8
1959,2023-11-18,CD Sporting de Huelva,1374,1363,37.0,8
1959,2023-11-18,SD Eibar,1407,1418,63.0,8
1960,2023-11-18,Athletic Club Bilbao,1461,1479,37.7,8
1960,2023-11-18,Valencia CF,1488,1469,62.3,8
1961,2023-11-19,Barcelona WFC,1650,1671,64.7,8
1961,2023-11-19,Real Madrid CF W,1605,1584,35.3,8
1962,2023-11-19,Granada W,1408,1391,55.0,8
1962,2023-11-19,Villarreal,1433,1449,45.0,69
1963,2023-11-19,Atletico Madrid W,1558,1590,38.8,8
1963,2023-11-19,Madrid CFF,1577,1545,61.2,8
1964,2023-11-19,FC Levante Badalona,1539,1524,50.5,8
1964,2023-11-19,Real Betis Balompié,1475,1491,49.5,8
1965,2023-11-25,Levante UD Femenino,1609,1619,81.0,9
1965,2023-11-25,SD Eibar,1418,1408,19.0,9
1966,2023-11-25,Real Sociedad de Fútbol,1460,1479,57.3,9
1966,2023-11-25,Valencia CF,1469,1450,42.7,9
1967,2023-11-25,Real Betis Balompié,1491,1463,42.7,9
1967,2023-11-25,Sevilla FC,1481,1509,57.3,9
1968,2023-11-25,Costa Adeje Tenerife,1477,1478,45.3,9
1968,2023-11-25,Villarreal,1449,1448,54.7,70
1969,2023-11-26,Athletic Club Bilbao,1479,1461,31.8,9
1969,2023-11-26,Barcelona WFC,1671,1689,68.2,9
1970,2023-11-26,Atletico Madrid W,1590,1598,81.6,9
1970,2023-11-26,Granada W,1391,1383,18.4,9
1971,2023-11-26,FC Levante Badalona,1524,1507,55.6,9
1971,2023-11-26,Madrid CFF,1545,1561,44.4,9
1972,2023-11-26,CD Sporting de Huelva,1363,1354,16.5,9
1972,2023-11-26,Real Madrid CF W,1584,1593,83.5,9
1973,2023-12-09,Barcelona WFC,1689,1697,87.7,10
1973,2023-12-09,SD Eibar,1408,1400,12.3,10
1974,2023-12-09,CD Sporting de Huelva,1354,1342,40.8,10
1974,2023-12-09,Real Sociedad de Fútbol,1479,1491,59.2,10
1975,2023-12-09,Costa Adeje Tenerife,1478,1491,70.9,10
1975,2023-12-09,Granada W,1383,1370,29.1,10
1976,2023-12-09,Real Madrid CF W,1593,1562,69.6,10
1976,2023-12-09,Sevilla FC,1509,1540,30.4,10
1977,2023-12-10,Athletic Club Bilbao,1461,1480,36.3,10
1977,2023-12-10,Levante UD Femenino,1619,1600,63.7,10
1978,2023-12-10,Atletico Madrid W,1598,1616,60.6,10
1978,2023-12-10,Real Betis Balompié,1463,1446,39.4,10
1979,2023-12-10,Madrid CFF,1561,1574,57.4,10
1979,2023-12-10,Valencia CF,1450,1437,42.6,10
1980,2023-12-10,FC Levante Badalona,1507,1507,49.8,10
1980,2023-12-10,Villarreal,1448,1448,50.2,71
1981,2023-12-16,Atletico Madrid W,1616,1608,74.3,11
1981,2023-12-16,Real Sociedad de Fútbol,1491,1498,25.7,11
1982,2023-12-16,CD Sporting de Huelva,1342,1336,13.8,11
1982,2023-12-16,Levante UD Femenino,1600,1606,86.2,11
1983,2023-12-16,Madrid CFF,1574,1586,74.5,11
1983,2023-12-16,Villarreal,1448,1436,25.5,72
1984,2023-12-16,Real Betis Balompié,1446,1431,47.9,11
1984,2023-12-16,SD Eibar,1400,1415,52.1,11
1985,2023-12-17,Barcelona WFC,1697,1710,69.8,11
1985,2023-12-17,Costa Adeje Tenerife,1491,1478,30.2,11
1986,2023-12-17,FC Levante Badalona,1507,1484,50.8,11
1986,2023-12-17,Real Madrid CF W,1562,1584,49.2,11
1987,2023-12-17,Granada W,1370,1355,49.0,11
1987,2023-12-17,Valencia CF,1437,1452,51.0,11
1988,2023-12-17,Athletic Club Bilbao,1480,1485,33.4,11
1988,2023-12-17,Sevilla FC,1540,1535,66.6,11
1989,2024-01-06,Barcelona WFC,1710,1722,83.9,12
1989,2024-01-06,FC Levante Badalona,1484,1473,16.1,12
1990,2024-01-06,Levante UD Femenino,1606,1627,65.3,12
1990,2024-01-06,Villarreal,1436,1416,34.7,73
1991,2024-01-07,Athletic Club Bilbao,1485,1500,68.0,12
1991,2024-01-07,SD Eibar,1415,1400,32.0,12
1992,2024-01-07,CD Sporting de Huelva,1336,1322,31.0,12
1992,2024-01-07,Sevilla FC,1535,1549,69.0,12
1993,2024-01-07,Granada W,1355,1376,31.4,12
1993,2024-01-07,Real Betis Balompié,1431,1411,68.6,12
1994,2024-01-07,Madrid CFF,1586,1573,41.6,12
1994,2024-01-07,Real Madrid CF W,1584,1597,58.4,12
1995,2024-01-07,Costa Adeje Tenerife,1478,1481,38.6,12
1995,2024-01-07,Real Sociedad de Fútbol,1498,1495,61.4,12
1996,2024-01-07,Atletico Madrid W,1608,1630,63.6,12
1996,2024-01-07,Valencia CF,1452,1430,36.4,12
1997,2024-01-20,FC Levante Badalona,1473,1448,55.4,13
1997,2024-01-20,Real Sociedad de Fútbol,1495,1520,44.6,13
1998,2024-01-20,Madrid CFF,1573,1583,78.3,13
1998,2024-01-20,Real Betis Balompié,1411,1401,21.7,13
1999,2024-01-20,Sevilla FC,1549,1560,75.3,13
1999,2024-01-20,Villarreal,1416,1404,24.7,74
2000,2024-01-21,Athletic Club Bilbao,1500,1502,44.1,13
2000,2024-01-21,Costa Adeje Tenerife,1481,1479,55.9,13
2001,2024-01-21,CD Sporting de Huelva,1322,1341,34.2,13
2001,2024-01-21,Granada W,1376,1356,65.8,13
2002,2024-01-21,SD Eibar,1400,1414,54.4,13
2002,2024-01-21,Valencia CF,1430,1416,45.6,13
2003,2024-01-27,Athletic Club Bilbao,1502,1488,44.9,14
2003,2024-01-27,Real Madrid CF W,1597,1610,55.1,13
2004,2024-01-27,CD Sporting de Huelva,1341,1327,49.6,14
2004,2024-01-27,Villarreal,1404,1419,50.4,75
2005,2024-01-27,Atletico Madrid W,1630,1625,66.9,13
2005,2024-01-27,FC Levante Badalona,1448,1453,33.1,14
2006,2024-01-27,Costa Adeje Tenerife,1479,1479,50.5,14
2006,2024-01-27,Valencia CF,1416,1416,49.5,14
2007,2024-01-28,Granada W,1356,1367,12.9,14
2007,2024-01-28,Levante UD Femenino,1627,1616,87.1,13
2008,2024-01-28,Barcelona WFC,1722,1733,81.8,13
2008,2024-01-28,Real Betis Balompié,1401,1389,18.2,14
2009,2024-01-28,Madrid CFF,1583,1583,50.4,14
2009,2024-01-28,Real Sociedad de Fútbol,1520,1520,49.6,14
2010,2024-01-28,SD Eibar,1414,1402,23.4,14
2010,2024-01-28,Sevilla FC,1560,1572,76.6,14
2011,2024-02-03,Atletico Madrid W,1625,1607,59.8,14
2011,2024-02-03,Levante UD Femenino,1616,1634,40.2,14
2012,2024-02-03,Athletic Club Bilbao,1488,1462,58.7,15
2012,2024-02-03,Granada W,1367,1394,41.3,15
2013,2024-02-03,Madrid CFF,1583,1580,60.0,15
2013,2024-02-03,Sevilla FC,1572,1575,40.0,15
2014,2024-02-03,Real Madrid CF W,1610,1622,81.2,14
2014,2024-02-03,Valencia CF,1416,1404,18.8,15
2015,2024-02-03,Real Betis Balompié,1389,1378,37.3,15
2015,2024-02-03,Villarreal,1419,1431,62.7,76
2016,2024-02-04,Barcelona WFC,1733,1737,93.6,14
2016,2024-02-04,CD Sporting de Huelva,1327,1323,6.4,15
2017,2024-02-04,Costa Adeje Tenerife,1479,1475,62.2,15
2017,2024-02-04,FC Levante Badalona,1453,1456,37.8,15
2018,2024-02-04,Real Sociedad de Fútbol,1520,1539,58.3,15
2018,2024-02-04,SD Eibar,1402,1383,41.7,15
2019,2024-02-10,FC Levante Badalona,1456,1451,68.3,16
2019,2024-02-10,SD Eibar,1383,1388,31.7,16
2020,2024-02-10,Barcelona WFC,1737,1756,64.2,15
2020,2024-02-10,Sevilla FC,1575,1557,35.8,16
2021,2024-02-10,Valencia CF,1404,1388,54.8,16
2021,2024-02-10,Villarreal,1431,1447,45.2,77
2022,2024-02-11,Atletico Madrid W,1607,1604,62.3,15
2022,2024-02-11,Madrid CFF,1580,1583,37.7,16
2023,2024-02-11,Athletic Club Bilbao,1462,1473,61.1,16
2023,2024-02-11,CD Sporting de Huelva,1323,1311,38.9,16
2024,2024-02-11,Costa Adeje Tenerife,1475,1469,22.1,16
2024,2024-02-11,Levante UD Femenino,1634,1641,77.9,15
2025,2024-02-11,Real Betis Balompié,1378,1365,25.7,16
2025,2024-02-11,Real Madrid CF W,1622,1636,74.3,15
2026,2024-02-11,Granada W,1394,1402,23.5,16
2026,2024-02-11,Real Sociedad de Fútbol,1539,1531,76.5,16
2027,2024-02-14,Atletico Madrid W,1604,1602,54.0,16
2027,2024-02-14,Real Madrid CF W,1636,1637,46.0,16
2028,2024-02-14,Barcelona WFC,1756,1749,73.3,16
2028,2024-02-14,Levante UD Femenino,1641,1648,26.7,16
2029,2024-02-17,Athletic Club Bilbao,1473,1482,72.5,17
2029,2024-02-17,Real Betis Balompié,1365,1356,27.5,17
2030,2024-02-17,CD Sporting de Huelva,1311,1290,47.6,17
2030,2024-02-17,Valencia CF,1388,1409,52.4,17
2031,2024-02-17,Granada W,1402,1406,36.6,17
2031,2024-02-17,Sevilla FC,1557,1553,63.4,17
2032,2024-02-17,Real Sociedad de Fútbol,1531,1530,53.4,17
2032,2024-02-17,Villarreal,1447,1448,46.6,78
2033,2024-02-18,Atletico Madrid W,1602,1592,23.4,17
2033,2024-02-18,Barcelona WFC,1749,1759,76.6,17
2034,2024-02-18,FC Levante Badalona,1451,1443,24.8,17
2034,2024-02-18,Madrid CFF,1583,1591,75.2,17
2035,2024-02-18,Costa Adeje Tenerife,1469,1462,21.2,17
2035,2024-02-18,Real Madrid CF W,1637,1643,78.8,17
2036,2024-02-18,Levante UD Femenino,1648,1640,75.9,17
2036,2024-02-18,SD Eibar,1388,1396,24.1,17
2037,2024-03-09,Costa Adeje Tenerife,1462,1459,60.5,18
2037,2024-03-09,Villarreal,1448,1451,39.5,79
2038,2024-03-09,FC Levante Badalona,1443,1424,63.7,18
2038,2024-03-09,Granada W,1406,1425,36.3,18
2039,2024-03-09,Madrid CFF,1591,1566,81.2,18
2039,2024-03-09,SD Eibar,1396,1421,18.8,18
2040,2024-03-09,Real Madrid CF W,1643,1657,54.4,18
2040,2024-03-09,Sevilla FC,1553,1539,45.6,18
2041,2024-03-10,Atletico Madrid W,1592,1595,88.9,18
2041,2024-03-10,CD Sporting de Huelva,1290,1287,11.1,18
2042,2024-03-10,Athletic Club Bilbao,1482,1505,22.2,18
2042,2024-03-10,Levante UD Femenino,1640,1616,77.8,18
2043,2024-03-10,Barcelona WFC,1759,1777,72.6,18
2043,2024-03-10,Real Sociedad de Fútbol,1530,1512,27.4,18
2044,2024-03-10,Real Betis Balompié,1356,1361,34.3,18
2044,2024-03-10,Valencia CF,1409,1404,65.7,18
2045,2024-03-16,CD Sporting de Huelva,1287,1296,17.5,19
2045,2024-03-16,Levante UD Femenino,1616,1607,82.5,19
2046,2024-03-16,Real Madrid CF W,1657,1662,84.6,19
2046,2024-03-16,SD Eibar,1421,1416,15.4,19
2047,2024-03-16,FC Levante Badalona,1424,1410,26.8,19
2047,2024-03-16,Sevilla FC,1539,1553,73.2,19
2048,2024-03-16,Madrid CFF,1566,1589,57.9,19
2048,2024-03-16,Villarreal,1451,1429,42.1,80
2049,2024-03-17,Athletic Club Bilbao,1505,1518,71.6,19
2049,2024-03-17,Valencia CF,1404,1392,28.4,19
2050,2024-03-17,Barcelona WFC,1777,1784,89.8,19
2050,2024-03-17,Costa Adeje Tenerife,1459,1452,10.2,19
2051,2024-03-17,Atletico Madrid W,1595,1606,65.4,19
2051,2024-03-17,Granada W,1425,1414,34.6,19
2052,2024-03-17,Real Betis Balompié,1361,1365,37.1,19
2052,2024-03-17,Real Sociedad de Fútbol,1512,1509,62.9,19
2053,2024-03-23,Costa Adeje Tenerife,1452,1486,44.2,20
2053,2024-03-23,Sevilla FC,1553,1519,55.8,20
2054,2024-03-23,Levante UD Femenino,1607,1617,85.0,20
2054,2024-03-23,Real Betis Balompié,1365,1355,15.0,20
2055,2024-03-23,Athletic Club Bilbao,1518,1535,42.7,20
2055,2024-03-23,Real Sociedad de Fútbol,1509,1491,57.3,20
2056,2024-03-23,Granada W,1414,1391,44.6,20
2056,2024-03-23,Valencia CF,1392,1415,55.4,20
2057,2024-03-24,FC Levante Badalona,1410,1408,55.9,20
2057,2024-03-24,Villarreal,1429,1431,44.1,81
2058,2024-03-24,CD Sporting de Huelva,1296,1293,11.6,20
2058,2024-03-24,Madrid CFF,1589,1592,88.4,20
2059,2024-03-24,Barcelona WFC,1784,1805,58.8,20
2059,2024-03-24,Real Madrid CF W,1662,1640,41.2,20
2060,2024-03-24,Atletico Madrid W,1606,1600,67.8,20
2060,2024-03-24,SD Eibar,1416,1421,32.2,20
2061,2024-03-30,Atletico Madrid W,1600,1606,80.4,21
2061,2024-03-30,Valencia CF,1415,1409,19.6,21
2062,2024-03-30,Real Betis Balompié,1355,1355,49.1,21
2062,2024-03-30,SD Eibar,1421,1421,50.9,21
2063,2024-03-30,Real Sociedad de Fútbol,1491,1474,37.6,21
2063,2024-03-30,Sevilla FC,1519,1536,62.4,21
2064,2024-03-30,Real Madrid CF W,1640,1653,70.2,21
2064,2024-03-30,Villarreal,1431,1417,29.8,82
2065,2024-03-31,Athletic Club Bilbao,1535,1548,74.5,21
2065,2024-03-31,FC Levante Badalona,1408,1395,25.5,21
2066,2024-03-31,CD Sporting de Huelva,1293,1283,31.7,21
2066,2024-03-31,Costa Adeje Tenerife,1486,1495,68.3,21
2067,2024-03-31,Granada W,1391,1427,30.7,21
2067,2024-03-31,Madrid CFF,1592,1556,69.3,21
2068,2024-03-31,Barcelona WFC,1805,1825,67.7,21
2068,2024-03-31,Levante UD Femenino,1617,1597,32.3,21
2069,2024-04-13,Barcelona WFC,1825,1828,93.6,22
2069,2024-04-13,Villarreal,1417,1414,6.4,83
2070,2024-04-13,FC Levante Badalona,1395,1376,64.0,22
2070,2024-04-13,Real Betis Balompié,1355,1374,36.0,22
2071,2024-04-13,CD Sporting de Huelva,1283,1293,19.1,22
2071,2024-04-13,Real Sociedad de Fútbol,1474,1465,80.9,22
2072,2024-04-13,SD Eibar,1421,1451,42.1,22
2072,2024-04-13,Sevilla FC,1536,1506,57.9,22
2073,2024-04-14,Athletic Club Bilbao,1548,1563,50.3,22
2073,2024-04-14,Atletico Madrid W,1606,1591,49.7,22
2074,2024-04-14,Costa Adeje Tenerife,1495,1495,50.0,22
2074,2024-04-14,Madrid CFF,1556,1556,50.0,22
2075,2024-04-14,Granada W,1427,1417,16.1,22
2075,2024-04-14,Real Madrid CF W,1653,1663,83.9,22
2076,2024-04-14,Levante UD Femenino,1597,1592,67.6,22
2076,2024-04-14,Valencia CF,1409,1415,32.4,22
2077,2024-04-20,CD Sporting de Huelva,1293,1282,36.2,23
2077,2024-04-20,SD Eibar,1451,1462,63.8,23
2078,2024-04-20,Costa Adeje Tenerife,1495,1480,52.6,23
2078,2024-04-20,Granada W,1417,1433,47.4,23
2079,2024-04-20,Levante UD Femenino,1592,1570,48.4,23
2079,2024-04-20,Real Madrid CF W,1663,1685,51.6,23
2080,2024-04-20,Athletic Club Bilbao,1563,1550,42.5,23
2080,2024-04-20,Madrid CFF,1556,1568,57.5,23
2081,2024-04-21,Atletico Madrid W,1591,1601,83.1,23
2081,2024-04-21,Real Betis Balompié,1374,1365,16.9,23
2082,2024-04-21,Real Sociedad de Fútbol,1465,1440,48.7,23
2082,2024-04-21,Valencia CF,1415,1440,51.3,23
2083,2024-04-21,Sevilla FC,1506,1520,54.6,23
2083,2024-04-21,Villarreal,1414,1400,45.4,84
2084,2024-04-24,Barcelona WFC,1828,1833,90.5,23
2084,2024-04-24,FC Levante Badalona,1376,1372,9.5,23
2085,2024-04-27,Costa Adeje Tenerife,1480,1490,63.9,24
2085,2024-04-27,Valencia CF,1440,1429,36.1,24
2086,2024-04-27,CD Sporting de Huelva,1282,1268,30.5,24
2086,2024-04-27,Real Betis Balompié,1365,1378,69.5,24
2087,2024-04-27,Levante UD Femenino,1570,1593,48.7,24
2087,2024-04-27,Sevilla FC,1520,1496,51.3,24
2088,2024-04-27,Granada W,1433,1449,46.1,24
2088,2024-04-27,Villarreal,1400,1384,53.9,85
2089,2024-04-28,FC Levante Badalona,1372,1369,10.4,24
2089,2024-04-28,Real Madrid CF W,1685,1688,89.6,24
2090,2024-04-28,Atletico Madrid W,1601,1617,64.1,24
2090,2024-04-28,Real Sociedad de Fútbol,1440,1423,35.9,24
2091,2024-04-28,Athletic Club Bilbao,1550,1571,54.0,24
2091,2024-04-28,SD Eibar,1462,1442,46.0,24
2092,2024-05-01,Barcelona WFC,1833,1842,86.6,24
2092,2024-05-01,Madrid CFF,1568,1559,13.4,24
2093,2024-05-04,Athletic Club Bilbao,1571,1577,80.6,25
2093,2024-05-04,Villarreal,1384,1378,19.4,86
2094,2024-05-04,Atletico Madrid W,1617,1624,74.5,25
2094,2024-05-04,Costa Adeje Tenerife,1490,1483,25.5,25
2095,2024-05-04,Barcelona WFC,1842,1849,87.2,25
2095,2024-05-04,Granada W,1449,1443,12.8,25
2096,2024-05-04,SD Eibar,1442,1467,43.2,25
2096,2024-05-04,Valencia CF,1429,1404,56.8,25
2097,2024-05-05,CD Sporting de Huelva,1268,1255,44.2,25
2097,2024-05-05,FC Levante Badalona,1369,1382,55.8,25
2098,2024-05-05,Levante UD Femenino,1593,1600,79.0,25
2098,2024-05-05,Real Sociedad de Fútbol,1423,1417,21.0,25
2099,2024-05-05,Madrid CFF,1559,1547,40.2,25
2099,2024-05-05,Real Madrid CF W,1688,1700,59.8,25
2100,2024-05-05,Real Betis Balompié,1378,1381,41.7,25
2100,2024-05-05,Sevilla FC,1496,1494,58.3,25
2101,2024-05-10,Athletic Club Bilbao,1577,1568,12.9,26
2101,2024-05-10,Barcelona WFC,1849,1858,87.1,26
2102,2024-05-10,SD Eibar,1467,1466,54.1,26
2102,2024-05-10,Villarreal,1378,1380,45.9,87
2103,2024-05-11,FC Levante Badalona,1382,1388,28.7,26
2103,2024-05-11,Levante UD Femenino,1600,1593,71.3,26
2104,2024-05-11,Granada W,1443,1423,66.8,26
2104,2024-05-11,Real Betis Balompié,1381,1401,33.2,26
2105,2024-05-11,Atletico Madrid W,1624,1645,31.4,26
2105,2024-05-11,Real Madrid CF W,1700,1680,68.6,26
2106,2024-05-12,Costa Adeje Tenerife,1483,1463,67.3,26
2106,2024-05-12,Real Sociedad de Fútbol,1417,1437,32.7,26
2107,2024-05-12,Madrid CFF,1547,1561,76.3,26
2107,2024-05-12,Valencia CF,1404,1389,23.7,26
2108,2024-05-12,CD Sporting de Huelva,1255,1248,15.2,26
2108,2024-05-12,Sevilla FC,1494,1501,84.8,26
2109,2024-05-14,Barcelona WFC,1858,1865,87.1,27
2109,2024-05-14,SD Eibar,1466,1459,12.9,27
2110,2024-05-24,Athletic Club Bilbao,1568,1583,72.2,27
2110,2024-05-24,Costa Adeje Tenerife,1463,1448,27.8,27
2111,2024-05-24,Atletico Madrid W,1645,1651,86.1,27
2111,2024-05-24,FC Levante Badalona,1388,1382,13.9,27
2112,2024-05-25,CD Sporting de Huelva,1248,1268,34.1,27
2112,2024-05-25,Granada W,1423,1403,65.9,27
2113,2024-05-25,Levante UD Femenino,1593,1598,82.9,27
2113,2024-05-25,Villarreal,1380,1374,17.1,88
2114,2024-05-26,Madrid CFF,1561,1557,64.0,27
2114,2024-05-26,Real Betis Balompié,1401,1405,36.0,27
2115,2024-05-26,Real Madrid CF W,1680,1687,74.0,27
2115,2024-05-26,Real Sociedad de Fútbol,1437,1430,26.0,27
2116,2024-05-26,Sevilla FC,1501,1475,57.3,27
2116,2024-05-26,Valencia CF,1389,1415,42.7,27
2117,2024-06-09,Barcelona WFC,1865,1867,95.2,28
2117,2024-06-09,Real Betis Balompié,1405,1403,4.8,28
2118,2024-06-09,Costa Adeje Tenerife,1448,1446,57.1,28
2118,2024-06-09,SD Eibar,1459,1461,42.9,28
2119,2024-06-09,FC Levante Badalona,1382,1406,53.8,28
2119,2024-06-09,Valencia CF,1415,1391,46.2,28
2120,2024-06-09,Granada W,1403,1386,31.4,28
2120,2024-06-09,Levante UD Femenino,1598,1615,68.6,28
2121,2024-06-09,Madrid CFF,1557,1534,74.6,28
2121,2024-06-09,Real Sociedad de Fútbol,1430,1452,25.4,28
2122,2024-06-09,Athletic Club Bilbao,1583,1574,28.0,28
2122,2024-06-09,Real Madrid CF W,1687,1696,72.0,28
2123,2024-06-09,Atletico Madrid W,1651,1646,66.1,28
2123,2024-06-09,Sevilla FC,1475,1480,33.9,28
2124,2024-06-09,CD Sporting de Huelva,1268,1255,27.7,28
2124,2024-06-09,Villarreal,1374,1387,72.3,89
2125,2024-06-14,CD Sporting de Huelva,1255,1250,10.1,29
2125,2024-06-14,Real Madrid CF W,1696,1701,89.9,29
2126,2024-06-15,Atletico Madrid W,1646,1651,86.3,29
2126,2024-06-15,Villarreal,1387,1383,13.7,90
2127,2024-06-15,Levante UD Femenino,1615,1631,69.2,29
2127,2024-06-15,Madrid CFF,1534,1518,30.8,29
2128,2024-06-15,Costa Adeje Tenerife,1446,1432,47.6,29
2128,2024-06-15,Real Betis Balompié,1403,1417,52.4,29
2129,2024-06-15,FC Levante Badalona,1406,1411,35.2,29
2129,2024-06-15,Real Sociedad de Fútbol,1452,1448,64.8,29
2130,2024-06-15,Granada W,1386,1417,31.6,29
2130,2024-06-15,SD Eibar,1461,1430,68.4,29
2131,2024-06-16,Athletic Club Bilbao,1574,1583,70.9,29
2131,2024-06-16,Sevilla FC,1480,1471,29.1,29
2132,2024-06-16,Barcelona WFC,1867,1872,91.7,29
2132,2024-06-16,Valencia CF,1391,1387,8.3,29
2133,1981-04-10,Boca Juniors,1500,1522,58.5,0
2133,1981-04-10,River Plate,1500,1478,41.5,0
2134,1997-10-25,Boca Juniors,1522,1537,47.6,1
2134,1997-10-25,River Plate,1478,1463,52.4,1
2135,2015-08-07,Lille,1500,1482,58.5,0
2135,2015-08-07,Paris Saint-Germain,1500,1518,41.5,0
2136,2015-08-08,Bastia,1500,1512,58.5,0
2136,2015-08-08,Rennes,1500,1488,41.5,0
2137,2015-08-08,Angers,1500,1526,41.5,0
2137,2015-08-08,Montpellier,1500,1474,58.5,0
2138,2015-08-08,Guingamp,1500,1488,41.5,0
2138,2015-08-08,Nantes,1500,1512,58.5,0
2139,2015-08-08,AS Monaco,1474,1492,37.8,1
2139,2015-08-08,OGC Nice,1500,1481,62.2,0
2140,2015-08-08,Olympique de Marseille,1500,1482,58.5,0
2140,2015-08-08,Stade Malherbe Caen,1500,1518,41.5,0
2141,2015-08-08,Gazélec Ajaccio,1500,1503,41.5,0
2141,2015-08-08,Troyes,1500,1497,58.5,0
2142,2015-08-09,Bordeaux,1500,1482,58.5,0
2142,2015-08-09,Stade de Reims,1500,1518,41.5,0
2143,2015-08-09,Lorient,1500,1503,41.5,0
2143,2015-08-09,Lyon,1500,1497,58.5,0
2144,2015-08-09,Saint-Étienne,1500,1488,41.5,0
2144,2015-08-09,Toulouse,1500,1512,58.5,0
2145,2015-08-14,AS Monaco,1492,1489,59.9,2
2145,2015-08-14,Lille,1482,1485,40.1,1
2146,2015-08-15,Angers,1526,1523,60.5,1
2146,2015-08-15,Nantes,1512,1516,39.5,1
2147,2015-08-15,Guingamp,1488,1470,57.2,1
2147,2015-08-15,Lyon,1497,1515,42.8,1
2148,2015-08-15,Montpellier,1474,1462,39.5,1
2148,2015-08-15,Rennes,1488,1499,60.5,1
2149,2015-08-15,Bordeaux,1482,1485,40.7,1
2149,2015-08-15,Saint-Étienne,1488,1485,59.3,1
2150,2015-08-15,Stade Malherbe Caen,1518,1530,59.3,1
2150,2015-08-15,Toulouse,1512,1500,40.7,1
2151,2015-08-15,OGC Nice,1481,1485,39.2,1
2151,2015-08-15,Troyes,1497,1494,60.8,1
2152,2015-08-16,Bastia,1512,1515,42.8,1
2152,2015-08-16,Lorient,1503,1500,57.2,1
2153,2015-08-16,Gazélec Ajaccio,1503,1485,39.4,1
2153,2015-08-16,Paris Saint-Germain,1518,1535,60.6,1
2154,2015-08-16,Olympique de Marseille,1482,1471,36.6,1
2154,2015-08-16,Stade de Reims,1518,1529,63.4,1
2155,2015-08-21,Montpellier,1462,1447,48.1,2
2155,2015-08-21,Paris Saint-Germain,1535,1550,51.9,2
2156,2015-08-22,Bastia,1515,1533,64.6,2
2156,2015-08-22,Guingamp,1470,1452,35.4,2
2157,2015-08-22,Angers,1523,1547,46.9,2
2157,2015-08-22,Gazélec Ajaccio,1485,1461,53.1,2
2158,2015-08-22,Lyon,1515,1496,60.7,2
2158,2015-08-22,Rennes,1499,1518,39.3,2
2159,2015-08-22,Nantes,1516,1529,56.7,2
2159,2015-08-22,Stade de Reims,1529,1516,43.3,2
2160,2015-08-22,OGC Nice,1485,1499,52.1,2
2160,2015-08-22,Stade Malherbe Caen,1530,1515,47.9,2
2161,2015-08-22,AS Monaco,1489,1492,40.0,3
2161,2015-08-22,Toulouse,1500,1497,60.0,2
2162,2015-08-23,Bordeaux,1485,1488,41.4,2
2162,2015-08-23,Lille,1485,1483,58.6,2
2163,2015-08-23,Lorient,1500,1482,60.7,2
2163,2015-08-23,Saint-Étienne,1485,1503,39.3,2
2164,2015-08-23,Olympique de Marseille,1471,1500,55.3,2
2164,2015-08-23,Troyes,1494,1466,44.7,2
2165,2015-08-28,Guingamp,1452,1474,51.7,3
2165,2015-08-28,Olympique de Marseille,1500,1478,48.3,3
2166,2015-08-29,Angers,1547,1543,65.1,3
2166,2015-08-29,OGC Nice,1499,1503,34.9,3
2167,2015-08-29,Gazélec Ajaccio,1461,1449,38.4,3
2167,2015-08-29,Lille,1483,1494,61.6,3
2168,2015-08-29,Rennes,1518,1535,61.4,3
2168,2015-08-29,Toulouse,1497,1480,38.6,3
2169,2015-08-29,Lyon,1496,1531,38.8,3
2169,2015-08-29,Stade Malherbe Caen,1515,1481,61.2,3
2170,2015-08-29,Lorient,1482,1463,36.9,3
2170,2015-08-29,Stade de Reims,1516,1535,63.1,3
2171,2015-08-29,Montpellier,1447,1451,38.9,3
2171,2015-08-29,Troyes,1466,1462,61.1,3
2172,2015-08-30,AS Monaco,1492,1466,50.4,4
2172,2015-08-30,Paris Saint-Germain,1550,1576,49.6,3
2173,2015-08-30,Bordeaux,1488,1509,52.8,3
2173,2015-08-30,Nantes,1529,1507,47.2,3
2174,2015-08-30,Bastia,1533,1519,45.7,3
2174,2015-08-30,Saint-Étienne,1503,1517,54.3,3
2175,2015-09-11,Bordeaux,1509,1514,32.5,4
2175,2015-09-11,Paris Saint-Germain,1576,1571,67.5,4
2176,2015-09-12,Angers,1543,1519,52.8,4
2176,2015-09-12,Lorient,1463,1487,47.2,4
2177,2015-09-12,Lille,1494,1498,36.5,4
2177,2015-09-12,Lyon,1531,1527,63.5,4
2178,2015-09-12,Montpellier,1451,1436,49.1,4
2178,2015-09-12,Saint-Étienne,1517,1531,50.9,4
2179,2015-09-12,Guingamp,1474,1492,37.3,4
2179,2015-09-12,OGC Nice,1503,1485,62.7,4
2180,2015-09-12,Stade de Reims,1535,1535,49.3,4
2180,2015-09-12,Toulouse,1480,1480,50.7,4
2181,2015-09-12,Stade Malherbe Caen,1481,1506,44.1,4
2181,2015-09-12,Troyes,1462,1437,55.9,4
2182,2015-09-13,AS Monaco,1466,1483,43.8,5
2182,2015-09-13,Gazélec Ajaccio,1449,1433,56.2,4
2183,2015-09-13,Nantes,1507,1483,54.6,4
2183,2015-09-13,Rennes,1535,1560,45.4,4
2184,2015-09-13,Bastia,1519,1495,47.3,4
2184,2015-09-13,Olympique de Marseille,1478,1503,52.7,4
2185,2015-09-18,Lille,1498,1503,33.2,5
2185,2015-09-18,Rennes,1560,1555,66.8,5
2186,2015-09-19,Angers,1519,1528,69.3,5
2186,2015-09-19,Troyes,1437,1428,30.7,5
2187,2015-09-19,Bastia,1495,1468,59.9,5
2187,2015-09-19,OGC Nice,1485,1512,40.1,5
2188,2015-09-19,Gazélec Ajaccio,1433,1423,33.4,5
2188,2015-09-19,Guingamp,1492,1502,66.6,5
2189,2015-09-19,Montpellier,1436,1426,32.1,5
2189,2015-09-19,Stade Malherbe Caen,1506,1516,67.9,5
2190,2015-09-19,Paris Saint-Germain,1571,1572,46.5,5
2190,2015-09-19,Stade de Reims,1535,1534,53.5,5
2191,2015-09-20,AS Monaco,1483,1465,58.0,6
2191,2015-09-20,Lorient,1487,1504,42.0,5
2192,2015-09-20,Bordeaux,1514,1510,63.3,5
2192,2015-09-20,Toulouse,1480,1484,36.7,5
2193,2015-09-20,Lyon,1527,1528,44.8,5
2193,2015-09-20,Olympique de Marseille,1503,1501,55.2,5
2194,2015-09-20,Nantes,1483,1467,34.8,5
2194,2015-09-20,Saint-Étienne,1531,1547,65.2,5
2195,2015-09-22,Angers,1528,1526,57.7,6
2195,2015-09-22,Stade de Reims,1534,1536,42.3,6
2196,2015-09-22,Guingamp,1502,1485,32.2,6
2196,2015-09-22,Paris Saint-Germain,1572,1589,67.8,6
2197,2015-09-23,Gazélec Ajaccio,1423,1426,39.8,6
2197,2015-09-23,Rennes,1555,1551,60.2,6
2198,2015-09-23,Lorient,1504,1523,56.9,6
2198,2015-09-23,Stade Malherbe Caen,1516,1496,43.1,6
2199,2015-09-23,Bastia,1468,1453,33.3,6
2199,2015-09-23,Lyon,1528,1543,66.7,6
2200,2015-09-23,Bordeaux,1510,1486,41.3,6
2200,2015-09-23,OGC Nice,1512,1536,58.7,6
2201,2015-09-23,Olympique de Marseille,1501,1503,44.0,6
2201,2015-09-23,Toulouse,1484,1482,56.0,6
2202,2015-09-23,Saint-Étienne,1547,1560,58.4,6
2202,2015-09-23,Troyes,1428,1416,41.6,6
2203,2015-09-24,AS Monaco,1465,1481,47.0,7
2203,2015-09-24,Montpellier,1426,1410,53.0,6
2204,2015-09-25,Lille,1503,1492,36.9,6
2204,2015-09-25,Stade de Reims,1536,1547,63.1,7
2205,2015-09-26,Bastia,1453,1477,54.4,7
2205,2015-09-26,Toulouse,1482,1458,45.6,7
2206,2015-09-26,Bordeaux,1486,1508,50.3,7
2206,2015-09-26,Lyon,1543,1521,49.7,7
2207,2015-09-26,Nantes,1467,1445,41.2,6
2207,2015-09-26,Paris Saint-Germain,1589,1610,58.8,7
2208,2015-09-26,Rennes,1551,1544,75.5,7
2208,2015-09-26,Troyes,1416,1423,24.5,7
2209,2015-09-26,Gazélec Ajaccio,1426,1411,32.0,7
2209,2015-09-26,Stade Malherbe Caen,1496,1511,68.0,7
2210,2015-09-27,AS Monaco,1481,1484,40.9,8
2210,2015-09-27,Guingamp,1485,1483,59.1,7
2211,2015-09-27,Lorient,1523,1506,57.6,7
2211,2015-09-27,Montpellier,1410,1428,42.4,7
2212,2015-09-27,Angers,1526,1542,44.6,7
2212,2015-09-27,Olympique de Marseille,1503,1487,55.4,7
2213,2015-09-27,OGC Nice,1536,1569,38.2,7
2213,2015-09-27,Saint-Étienne,1560,1527,61.8,7
2214,2015-09-29,Lille,1492,1473,64.9,7
2214,2015-09-29,Nantes,1445,1465,35.1,7
2215,2015-10-02,Lille,1473,1489,64.7,8
2215,2015-10-02,Montpellier,1428,1412,35.3,8
2216,2015-10-03,Angers,1542,1552,67.3,8
2216,2015-10-03,Bastia,1477,1467,32.7,8
2217,2015-10-03,Gazélec Ajaccio,1411,1411,51.9,8
2217,2015-10-03,Toulouse,1458,1458,48.1,8
2218,2015-10-03,Lyon,1521,1534,54.8,8
2218,2015-10-03,Stade de Reims,1547,1534,45.2,8
2219,2015-10-03,Guingamp,1483,1498,49.9,8
2219,2015-10-03,Troyes,1423,1408,50.1,8
2220,2015-10-04,AS Monaco,1484,1484,50.0,9
2220,2015-10-04,Rennes,1544,1544,50.0,8
2221,2015-10-04,Bordeaux,1508,1495,41.7,8
2221,2015-10-04,Lorient,1506,1519,58.3,8
2222,2015-10-04,Olympique de Marseille,1487,1479,25.8,8
2222,2015-10-04,Paris Saint-Germain,1610,1618,74.2,8
2223,2015-10-04,Saint-Étienne,1527,1514,43.8,8
2223,2015-10-04,Stade Malherbe Caen,1511,1524,56.2,8
2224,2015-10-16,AS Monaco,1484,1484,51.4,10
2224,2015-10-16,Lyon,1534,1535,48.6,9
2225,2015-10-17,Bastia,1467,1450,37.1,9
2225,2015-10-17,Paris Saint-Germain,1618,1635,62.9,9
2226,2015-10-17,Guingamp,1498,1495,59.8,9
2226,2015-10-17,Lille,1489,1492,40.2,9
2227,2015-10-17,Nantes,1465,1483,66.2,8
2227,2015-10-17,Troyes,1408,1390,33.8,9
2228,2015-10-17,Gazélec Ajaccio,1411,1398,28.1,9
2228,2015-10-17,Saint-Étienne,1514,1527,71.9,9
2229,2015-10-17,Stade Malherbe Caen,1524,1542,40.1,9
2229,2015-10-17,Stade de Reims,1534,1516,59.9,9
2230,2015-10-17,Angers,1552,1566,54.8,9
2230,2015-10-17,Toulouse,1458,1445,45.2,9
2231,2015-10-18,Bordeaux,1495,1490,69.6,9
2231,2015-10-18,Montpellier,1412,1418,30.4,9
2232,2015-10-18,Lorient,1519,1520,47.1,9
2232,2015-10-18,Olympique de Marseille,1479,1478,52.9,9
2233,2015-10-18,OGC Nice,1569,1598,45.0,8
2233,2015-10-18,Rennes,1544,1515,55.0,9
2234,2015-10-23,Lyon,1535,1550,70.3,10
2234,2015-10-23,Toulouse,1445,1429,29.7,10
2235,2015-10-23,Nantes,1483,1513,33.5,9
2235,2015-10-23,Stade Malherbe Caen,1542,1512,66.5,10
2236,2015-10-24,Angers,1566,1560,68.0,10
2236,2015-10-24,Guingamp,1495,1500,32.0,10
2237,2015-10-24,Gazélec Ajaccio,1398,1429,30.9,10
2237,2015-10-24,OGC Nice,1598,1567,69.1,9
2238,2015-10-24,Lorient,1520,1517,59.2,10
2238,2015-10-24,Rennes,1515,1518,40.8,10
2239,2015-10-24,Bastia,1450,1429,46.0,10
2239,2015-10-24,Montpellier,1418,1438,54.0,10
2240,2015-10-25,Bordeaux,1490,1498,71.4,10
2240,2015-10-25,Troyes,1390,1382,28.6,10
2241,2015-10-25,Lille,1492,1474,60.4,10
2241,2015-10-25,Olympique de Marseille,1478,1496,39.6,10
2242,2015-10-25,Paris Saint-Germain,1635,1649,72.5,10
2242,2015-10-25,Saint-Étienne,1527,1512,27.5,10
2243,2015-10-25,AS Monaco,1484,1503,37.0,11
2243,2015-10-25,Stade de Reims,1516,1497,63.0,10
2244,2015-10-30,Paris Saint-Germain,1649,1661,60.2,11
2244,2015-10-30,Rennes,1518,1506,39.8,11
2245,2015-10-31,Bastia,1429,1445,46.8,11
2245,2015-10-31,Stade Malherbe Caen,1512,1496,53.2,11
2246,2015-10-31,Bordeaux,1498,1475,51.3,11
2246,2015-10-31,Gazélec Ajaccio,1429,1452,48.7,11
2247,2015-10-31,Guingamp,1500,1498,56.2,11
2247,2015-10-31,Lorient,1517,1519,43.8,11
2248,2015-10-31,Saint-Étienne,1512,1533,60.7,11
2248,2015-10-31,Stade de Reims,1497,1476,39.3,11
2249,2015-10-31,Montpellier,1438,1441,42.7,11
2249,2015-10-31,Toulouse,1429,1427,57.3,11
2250,2015-10-31,Lyon,1550,1561,65.1,11
2250,2015-10-31,Troyes,1382,1371,34.9,11
2251,2015-11-01,AS Monaco,1503,1517,50.3,12
2251,2015-11-01,Angers,1560,1545,49.7,11
2252,2015-11-01,Nantes,1513,1494,60.8,10
2252,2015-11-01,Olympique de Marseille,1496,1514,39.2,11
2253,2015-11-01,Lille,1474,1480,29.3,11
2253,2015-11-01,OGC Nice,1567,1560,70.7,10
2254,2015-11-04,Nantes,1494,1515,32.6,11
2254,2015-11-04,OGC Nice,1560,1540,67.4,11
2255,2015-11-06,Angers,1545,1517,64.0,12
2255,2015-11-06,Rennes,1506,1535,36.0,12
2256,2015-11-07,Bastia,1445,1449,36.7,12
2256,2015-11-07,Lille,1480,1476,63.3,12
2257,2015-11-07,Lorient,1519,1531,76.7,12
2257,2015-11-07,Troyes,1371,1359,23.3,12
2258,2015-11-07,Montpellier,1441,1456,48.0,12
2258,2015-11-07,Nantes,1515,1499,52.0,12
2259,2015-11-07,Paris Saint-Germain,1661,1671,84.5,12
2259,2015-11-07,Toulouse,1427,1418,15.5,12
2260,2015-11-07,Guingamp,1498,1486,41.8,12
2260,2015-11-07,Stade Malherbe Caen,1496,1509,58.2,12
2261,2015-11-07,Gazélec Ajaccio,1452,1471,38.1,12
2261,2015-11-07,Stade de Reims,1476,1458,61.9,12
2262,2015-11-08,AS Monaco,1517,1496,47.5,13
2262,2015-11-08,Bordeaux,1475,1496,52.5,12
2263,2015-11-08,Lyon,1561,1581,62.4,12
2263,2015-11-08,Saint-Étienne,1533,1513,37.6,12
2264,2015-11-08,OGC Nice,1540,1557,45.1,12
2264,2015-11-08,Olympique de Marseille,1514,1498,54.9,12
2265,2015-11-20,Lyon,1581,1557,44.8,13
2265,2015-11-20,OGC Nice,1557,1580,55.2,13
2266,2015-11-21,AS Monaco,1496,1509,58.2,14
2266,2015-11-21,Nantes,1499,1486,41.8,13
2267,2015-11-21,Guingamp,1486,1500,67.6,13
2267,2015-11-21,Toulouse,1418,1403,32.4,13
2268,2015-11-21,Lorient,1531,1519,38.7,13
2268,2015-11-21,Paris Saint-Germain,1671,1682,61.3,13
2269,2015-11-21,Montpellier,1456,1475,58.3,13
2269,2015-11-21,Stade de Reims,1458,1439,41.7,13
2270,2015-11-21,Lille,1476,1473,58.1,13
2270,2015-11-21,Troyes,1359,1362,41.9,13
2271,2015-11-22,Bordeaux,1496,1501,36.2,13
2271,2015-11-22,Rennes,1535,1530,63.8,13
2272,2015-11-22,Olympique de Marseille,1498,1525,39.3,13
2272,2015-11-22,Saint-Étienne,1513,1486,60.7,13
2273,2015-11-22,Angers,1517,1519,42.6,13
2273,2015-11-22,Stade Malherbe Caen,1509,1506,57.4,13
2274,2015-11-27,Lyon,1557,1526,69.4,14
2274,2015-11-27,Montpellier,1475,1506,30.6,14
2275,2015-11-28,Angers,1519,1535,64.7,14
2275,2015-11-28,Lille,1473,1458,35.3,14
2276,2015-11-28,Gazélec Ajaccio,1471,1470,51.7,13
2276,2015-11-28,Lorient,1519,1520,48.3,14
2277,2015-11-28,Bastia,1449,1453,36.4,13
2277,2015-11-28,Nantes,1486,1482,63.6,14
2278,2015-11-28,Paris Saint-Germain,1682,1688,89.9,14
2278,2015-11-28,Troyes,1362,1356,10.1,14
2279,2015-11-28,Rennes,1530,1529,54.5,14
2279,2015-11-28,Stade de Reims,1439,1440,45.5,14
2280,2015-11-28,OGC Nice,1580,1550,66.2,14
2280,2015-11-28,Toulouse,1403,1433,33.8,14
2281,2015-11-29,Bordeaux,1501,1470,57.7,14
2281,2015-11-29,Stade Malherbe Caen,1506,1537,42.3,14
2282,2015-11-29,AS Monaco,1509,1512,39.1,15
2282,2015-11-29,Olympique de Marseille,1525,1522,60.9,14
2283,2015-11-29,Guingamp,1500,1478,43.5,14
2283,2015-11-29,Saint-Étienne,1486,1509,56.5,14
2284,2015-12-01,Angers,1535,1539,36.9,15
2284,2015-12-01,Paris Saint-Germain,1688,1684,63.1,15
2285,2015-12-01,Lorient,1520,1518,54.2,15
2285,2015-12-01,OGC Nice,1550,1552,45.8,15
2286,2015-12-01,Lyon,1526,1527,47.6,15
2286,2015-12-01,Nantes,1482,1482,52.4,15
2287,2015-12-02,AS Monaco,1512,1510,55.1,16
2287,2015-12-02,Stade Malherbe Caen,1537,1538,44.9,15
2288,2015-12-02,Bastia,1453,1467,56.2,14
2288,2015-12-02,Bordeaux,1470,1457,43.8,15
2289,2015-12-02,Guingamp,1478,1458,63.6,15
2289,2015-12-02,Stade de Reims,1440,1460,36.4,15
2290,2015-12-02,Lille,1458,1472,51.3,15
2290,2015-12-02,Saint-Étienne,1509,1494,48.7,15
2291,2015-12-02,Gazélec Ajaccio,1470,1499,36.5,14
2291,2015-12-02,Montpellier,1506,1478,63.5,15
2292,2015-12-02,Toulouse,1433,1458,52.4,15
2292,2015-12-02,Troyes,1356,1331,47.6,15
2293,2015-12-03,Olympique de Marseille,1522,1540,40.5,15
2293,2015-12-03,Rennes,1529,1511,59.5,15
2294,2015-12-04,OGC Nice,1552,1531,39.8,16
2294,2015-12-04,Paris Saint-Germain,1684,1704,60.2,16
2295,2015-12-05,AS Monaco,1510,1526,47.7,17
2295,2015-12-05,Bastia,1467,1451,52.3,15
2296,2015-12-05,Gazélec Ajaccio,1499,1496,60.9,15
2296,2015-12-05,Nantes,1482,1485,39.1,16
2297,2015-12-05,Angers,1539,1564,43.1,16
2297,2015-12-05,Lyon,1527,1501,56.9,16
2298,2015-12-05,Lille,1472,1492,32.6,16
2298,2015-12-05,Stade Malherbe Caen,1538,1518,67.4,16
2299,2015-12-05,Stade de Reims,1460,1452,74.7,16
2299,2015-12-05,Troyes,1331,1339,25.3,16
2300,2015-12-05,Lorient,1518,1533,50.1,16
2300,2015-12-05,Toulouse,1458,1443,49.9,16
2301,2015-12-06,Bordeaux,1457,1470,58.4,16
2301,2015-12-06,Guingamp,1458,1446,41.6,16
2302,2015-12-06,Montpellier,1478,1483,33.1,16
2302,2015-12-06,Olympique de Marseille,1540,1535,66.9,16
2303,2015-12-06,Rennes,1511,1513,43.9,16
2303,2015-12-06,Saint-Étienne,1494,1492,56.1,16
2304,2015-12-11,Rennes,1513,1511,57.9,17
2304,2015-12-11,Stade Malherbe Caen,1518,1520,42.1,17
2305,2015-12-12,Lille,1492,1517,52.7,17
2305,2015-12-12,Lorient,1533,1509,47.3,17
2306,2015-12-12,Guingamp,1446,1435,36.4,17
2306,2015-12-12,Montpellier,1483,1494,63.6,17
2307,2015-12-12,Nantes,1485,1481,64.2,17
2307,2015-12-12,Toulouse,1443,1447,35.8,17
2308,2015-12-12,OGC Nice,1531,1530,52.7,17
2308,2015-12-12,Stade de Reims,1452,1453,47.3,17
2309,2015-12-12,Bastia,1451,1449,57.4,16
2309,2015-12-12,Troyes,1339,1341,42.6,17
2310,2015-12-13,AS Monaco,1526,1537,63.2,18
2310,2015-12-13,Saint-Étienne,1492,1481,36.8,17
2311,2015-12-13,Angers,1564,1558,70.9,17
2311,2015-12-13,Bordeaux,1470,1476,29.1,17
2312,2015-12-13,Gazélec Ajaccio,1496,1500,36.1,16
2312,2015-12-13,Olympique de Marseille,1535,1531,63.9,17
2313,2015-12-13,Lyon,1501,1491,18.0,17
2313,2015-12-13,Paris Saint-Germain,1704,1715,82.0,17
2314,2015-12-18,Montpellier,1494,1483,36.5,18
2314,2015-12-18,OGC Nice,1530,1541,63.5,18
2315,2015-12-19,Bastia,1449,1468,58.0,17
2315,2015-12-19,Stade de Reims,1453,1434,42.0,18
2316,2015-12-19,Guingamp,1435,1414,47.7,18
2316,2015-12-19,Rennes,1511,1532,52.3,18
2317,2015-12-19,Lorient,1509,1505,62.4,18
2317,2015-12-19,Nantes,1481,1484,37.6,18
2318,2015-12-19,Paris Saint-Germain,1715,1731,68.4,18
2318,2015-12-19,Stade Malherbe Caen,1520,1504,31.6,18
2319,2015-12-19,Lille,1517,1517,51.4,18
2319,2015-12-19,Toulouse,1447,1448,48.6,18
2320,2015-12-19,AS Monaco,1537,1532,68.6,19
2320,2015-12-19,Troyes,1341,1347,31.4,18
2321,2015-12-20,Bordeaux,1476,1476,50.7,18
2321,2015-12-20,Olympique de Marseille,1531,1531,49.3,18
2322,2015-12-20,Gazélec Ajaccio,1500,1512,59.8,17
2322,2015-12-20,Lyon,1491,1479,40.2,18
2323,2015-12-20,Angers,1558,1542,52.4,18
2323,2015-12-20,Saint-Étienne,1481,1497,47.6,18
2324,2016-01-08,Bastia,1468,1462,13.4,18
2324,2016-01-08,Paris Saint-Germain,1731,1737,86.6,19
2325,2016-01-09,AS Monaco,1532,1528,61.3,20
2325,2016-01-09,Gazélec Ajaccio,1512,1515,38.7,18
2326,2016-01-09,Angers,1542,1558,63.8,19
2326,2016-01-09,Stade Malherbe Caen,1504,1487,36.2,19
2327,2016-01-09,Lyon,1479,1492,75.2,19
2327,2016-01-09,Troyes,1347,1334,24.8,19
2328,2016-01-09,Bordeaux,1476,1493,40.5,19
2328,2016-01-09,Montpellier,1483,1465,59.5,19
2329,2016-01-09,Lorient,1505,1509,37.7,19
2329,2016-01-09,Rennes,1532,1528,62.3,19
2330,2016-01-09,Stade de Reims,1434,1409,56.6,19
2330,2016-01-09,Toulouse,1448,1473,43.4,19
2331,2016-01-10,Lille,1517,1515,55.1,19
2331,2016-01-10,OGC Nice,1541,1542,44.9,19
2332,2016-01-10,Nantes,1484,1497,56.8,19
2332,2016-01-10,Saint-Étienne,1497,1484,43.2,19
2333,2016-01-10,Guingamp,1414,1421,26.5,19
2333,2016-01-10,Olympique de Marseille,1531,1524,73.5,19
2334,2016-01-15,Angers,1558,1545,43.7,20
2334,2016-01-15,OGC Nice,1542,1556,56.3,20
2335,2016-01-16,Bastia,1462,1474,58.1,19
2335,2016-01-16,Montpellier,1465,1452,41.9,20
2336,2016-01-16,Bordeaux,1493,1507,55.5,20
2336,2016-01-16,Lille,1515,1502,44.5,20
2337,2016-01-16,Gazélec Ajaccio,1515,1508,72.3,19
2337,2016-01-16,Stade de Reims,1409,1415,27.7,20
2338,2016-01-16,Guingamp,1421,1421,47.6,20
2338,2016-01-16,Nantes,1497,1497,52.4,20
2339,2016-01-16,Paris Saint-Germain,1737,1744,76.4,20
2339,2016-01-16,Toulouse,1473,1466,23.6,20
2340,2016-01-16,Rennes,1528,1543,68.5,20
2340,2016-01-16,Troyes,1334,1319,31.5,20
2341,2016-01-17,AS Monaco,1528,1553,44.2,21
2341,2016-01-17,Lorient,1509,1483,55.8,20
2342,2016-01-17,Lyon,1492,1479,42.6,20
2342,2016-01-17,Saint-Étienne,1484,1497,57.4,20
2343,2016-01-17,Olympique de Marseille,1524,1548,46.6,20
2343,2016-01-17,Stade Malherbe Caen,1487,1463,53.4,20
2344,2016-01-22,Gazélec Ajaccio,1508,1497,36.8,20
2344,2016-01-22,Rennes,1543,1554,63.2,21
2345,2016-01-23,Bastia,1474,1459,49.0,20
2345,2016-01-23,Guingamp,1421,1436,51.0,21
2346,2016-01-23,Lille,1502,1466,80.2,21
2346,2016-01-23,Troyes,1319,1355,19.8,21
2347,2016-01-23,Montpellier,1452,1435,57.0,21
2347,2016-01-23,Stade Malherbe Caen,1463,1480,43.0,21
2348,2016-01-23,Bordeaux,1507,1509,42.9,21
2348,2016-01-23,Nantes,1497,1494,57.1,21
2349,2016-01-23,Lorient,1483,1474,31.9,21
2349,2016-01-23,OGC Nice,1556,1565,68.1,21
2350,2016-01-23,Angers,1545,1535,18.4,21
2350,2016-01-23,Paris Saint-Germain,1744,1755,81.6,21
2351,2016-01-24,AS Monaco,1553,1570,70.0,22
2351,2016-01-24,Toulouse,1466,1449,30.0,21
2352,2016-01-24,Lyon,1479,1479,48.7,21
2352,2016-01-24,Olympique de Marseille,1548,1547,51.3,21
2353,2016-01-24,Saint-Étienne,1497,1496,53.1,21
2353,2016-01-24,Stade de Reims,1415,1416,46.9,21
2354,2016-01-29,Lille,1466,1472,30.7,22
2354,2016-01-29,Olympique de Marseille,1547,1542,69.3,22
2355,2016-01-30,AS Monaco,1570,1546,46.4,23
2355,2016-01-30,Angers,1535,1559,53.6,22
2356,2016-01-30,Bastia,1459,1473,55.7,21
2356,2016-01-30,Lyon,1479,1466,44.3,22
2357,2016-01-30,Gazélec Ajaccio,1497,1460,66.9,21
2357,2016-01-30,Montpellier,1435,1473,33.1,22
2358,2016-01-30,Lorient,1474,1489,66.3,22
2358,2016-01-30,Stade de Reims,1416,1401,33.7,22
2359,2016-01-30,Guingamp,1436,1454,39.6,22
2359,2016-01-30,Toulouse,1449,1431,60.4,22
2360,2016-01-30,Nantes,1494,1506,61.2,22
2360,2016-01-30,Troyes,1355,1344,38.8,22
2361,2016-01-31,Bordeaux,1509,1536,52.2,22
2361,2016-01-31,Rennes,1554,1527,47.8,22
2362,2016-01-31,OGC Nice,1565,1541,53.5,22
2362,2016-01-31,Stade Malherbe Caen,1480,1505,46.5,22
2363,2016-02-02,AS Monaco,1546,1560,68.3,24
2363,2016-02-02,Bastia,1473,1458,31.7,22
2364,2016-02-02,Montpellier,1473,1458,48.7,23
2364,2016-02-02,Olympique de Marseille,1542,1556,51.3,23
2365,2016-02-03,Guingamp,1454,1469,72.7,23
2365,2016-02-03,Troyes,1344,1328,27.3,23
2366,2016-02-03,Lille,1472,1485,53.9,23
2366,2016-02-03,Stade Malherbe Caen,1505,1491,46.1,23
2367,2016-02-03,Bordeaux,1536,1509,51.4,23
2367,2016-02-03,Lyon,1466,1493,48.6,23
2368,2016-02-03,Gazélec Ajaccio,1460,1444,35.2,22
2368,2016-02-03,Nantes,1506,1522,64.8,23
2369,2016-02-03,OGC Nice,1541,1549,72.7,23
2369,2016-02-03,Toulouse,1431,1423,27.3,23
2370,2016-02-03,Lorient,1489,1483,13.3,23
2370,2016-02-03,Paris Saint-Germain,1755,1761,86.7,22
2371,2016-02-03,Angers,1559,1540,63.8,23
2371,2016-02-03,Stade de Reims,1401,1420,36.2,23
2372,2016-02-04,Rennes,1527,1508,62.8,23
2372,2016-02-04,Saint-Étienne,1496,1515,37.2,22
2373,2016-02-06,AS Monaco,1560,1572,60.1,25
2373,2016-02-06,OGC Nice,1549,1537,39.9,24
2374,2016-02-06,Angers,1540,1506,64.9,24
2374,2016-02-06,Lyon,1493,1527,35.1,24
2375,2016-02-06,Bastia,1458,1470,74.9,23
2375,2016-02-06,Troyes,1328,1317,25.1,24
2376,2016-02-06,Gazélec Ajaccio,1444,1442,54.9,23
2376,2016-02-06,Guingamp,1469,1471,45.1,24
2377,2016-02-06,Lorient,1483,1480,62.0,24
2377,2016-02-06,Montpellier,1458,1462,38.0,24
2378,2016-02-06,Stade Malherbe Caen,1491,1460,68.0,24
2378,2016-02-06,Stade de Reims,1420,1451,32.0,24
2379,2016-02-06,Nantes,1522,1520,55.6,24
2379,2016-02-06,Toulouse,1423,1425,44.4,24
2380,2016-02-07,Bordeaux,1509,1479,57.7,24
2380,2016-02-07,Saint-Étienne,1515,1545,42.3,23
2381,2016-02-07,Lille,1485,1484,55.4,24
2381,2016-02-07,Rennes,1508,1510,44.6,24
2382,2016-02-07,Olympique de Marseille,1556,1547,30.3,24
2382,2016-02-07,Paris Saint-Germain,1761,1770,69.7,23
2383,2016-02-12,Angers,1506,1494,41.0,25
2383,2016-02-12,Rennes,1510,1522,59.0,25
2384,2016-02-13,Gazélec Ajaccio,1442,1420,74.4,24
2384,2016-02-13,Troyes,1317,1339,25.6,25
2385,2016-02-13,Bordeaux,1479,1504,42.5,25
2385,2016-02-13,Guingamp,1471,1445,57.5,25
2386,2016-02-13,Montpellier,1462,1478,63.6,25
2386,2016-02-13,Toulouse,1425,1408,36.4,25
2387,2016-02-13,Lorient,1480,1469,35.9,25
2387,2016-02-13,Nantes,1520,1531,64.1,25
2388,2016-02-13,Lille,1484,1495,12.0,25
2388,2016-02-13,Paris Saint-Germain,1770,1758,88.0,24
2389,2016-02-13,Bastia,1470,1486,44.1,24
2389,2016-02-13,Stade de Reims,1451,1434,55.9,25
2390,2016-02-14,Lyon,1527,1544,67.5,25
2390,2016-02-14,Stade Malherbe Caen,1460,1443,32.5,25
2391,2016-02-14,OGC Nice,1537,1535,57.2,25
2391,2016-02-14,Olympique de Marseille,1547,1549,42.8,25
2392,2016-02-14,AS Monaco,1572,1573,45.3,26
2392,2016-02-14,Saint-Étienne,1545,1544,54.7,24
2393,2016-02-19,Bordeaux,1504,1503,54.2,26
2393,2016-02-19,OGC Nice,1535,1536,45.8,26
2394,2016-02-20,AS Monaco,1573,1580,84.5,27
2394,2016-02-20,Troyes,1339,1332,15.5,26
2395,2016-02-20,Angers,1494,1476,60.7,26
2395,2016-02-20,Montpellier,1478,1496,39.3,26
2396,2016-02-20,Guingamp,1445,1434,38.2,26
2396,2016-02-20,Lorient,1469,1480,61.8,26
2397,2016-02-20,Paris Saint-Germain,1758,1764,90.1,25
2397,2016-02-20,Stade de Reims,1434,1429,9.9,26
2398,2016-02-20,Gazélec Ajaccio,1420,1422,43.1,25
2398,2016-02-20,Toulouse,1408,1406,56.9,26
2399,2016-02-21,Lille,1495,1510,51.6,26
2399,2016-02-21,Lyon,1544,1530,48.4,26
2400,2016-02-21,Olympique de Marseille,1549,1546,59.4,26
2400,2016-02-21,Saint-Étienne,1544,1546,40.6,25
2401,2016-02-21,Rennes,1522,1506,52.7,26
2401,2016-02-21,Stade Malherbe Caen,1443,1459,47.3,26
2402,2016-02-26,Bastia,1486,1516,34.7,25
2402,2016-02-26,OGC Nice,1536,1507,65.3,27
2403,2016-02-27,Angers,1476,1476,47.4,27
2403,2016-02-27,Guingamp,1434,1433,52.6,27
2404,2016-02-27,Lille,1510,1487,43.3,27
2404,2016-02-27,Montpellier,1496,1519,56.7,27
2405,2016-02-27,Bordeaux,1503,1476,52.1,27
2405,2016-02-27,Stade de Reims,1429,1456,47.9,27
2406,2016-02-27,Rennes,1506,1519,55.7,27
2406,2016-02-27,Toulouse,1406,1393,44.3,27
2407,2016-02-27,Lorient,1480,1491,62.4,27
2407,2016-02-27,Troyes,1332,1321,37.6,27
2408,2016-02-28,Lyon,1530,1552,26.9,27
2408,2016-02-28,Paris Saint-Germain,1764,1742,73.1,26
2409,2016-02-28,AS Monaco,1580,1581,48.5,28
2409,2016-02-28,Nantes,1531,1531,51.5,26
2410,2016-02-28,Saint-Étienne,1546,1525,70.0,26
2410,2016-02-28,Stade Malherbe Caen,1459,1480,30.0,27
2411,2016-03-04,AS Monaco,1581,1579,55.9,29
2411,2016-03-04,Stade Malherbe Caen,1480,1482,44.1,28
2412,2016-03-05,Angers,1476,1476,51.6,28
2412,2016-03-05,Saint-Étienne,1525,1526,48.4,27
2413,2016-03-05,Bastia,1516,1512,61.9,26
2413,2016-03-05,Lorient,1491,1495,38.1,28
2414,2016-03-05,Bordeaux,1476,1471,65.8,28
2414,2016-03-05,Gazélec Ajaccio,1422,1427,34.2,26
2415,2016-03-05,Lille,1487,1504,62.8,28
2415,2016-03-05,Stade de Reims,1456,1439,37.2,28
2416,2016-03-05,OGC Nice,1507,1513,80.5,28
2416,2016-03-05,Troyes,1321,1315,19.5,28
2417,2016-03-05,Montpellier,1519,1529,16.4,28
2417,2016-03-05,Paris Saint-Germain,1742,1732,83.6,27
2418,2016-03-06,Guingamp,1433,1418,26.3,28
2418,2016-03-06,Lyon,1552,1567,73.7,28
2419,2016-03-06,Olympique de Marseille,1546,1538,77.4,27
2419,2016-03-06,Toulouse,1393,1401,22.6,28
2420,2016-03-06,Nantes,1531,1508,43.0,27
2420,2016-03-06,Rennes,1519,1542,57.0,28
2421,2016-03-09,Bastia,1512,1510,59.2,27
2421,2016-03-09,Nantes,1508,1511,40.8,28
2422,2016-03-09,Gazélec Ajaccio,1427,1429,42.7,27
2422,2016-03-09,Olympique de Marseille,1538,1536,57.3,28
2423,2016-03-11,AS Monaco,1579,1571,76.0,30
2423,2016-03-11,Stade de Reims,1439,1447,24.0,29
2424,2016-03-12,Bastia,1510,1492,59.4,28
2424,2016-03-12,Lille,1504,1522,40.6,29
2425,2016-03-12,Gazélec Ajaccio,1429,1444,51.1,28
2425,2016-03-12,Stade Malherbe Caen,1482,1467,48.9,29
2426,2016-03-12,Guingamp,1418,1444,43.2,29
2426,2016-03-12,Saint-Étienne,1526,1500,56.8,28
2427,2016-03-12,Lorient,1495,1494,52.7,29
2427,2016-03-12,Olympique de Marseille,1536,1537,47.3,29
2428,2016-03-12,Montpellier,1529,1502,60.8,29
2428,2016-03-12,OGC Nice,1513,1540,39.2,29
2429,2016-03-12,Bordeaux,1471,1442,51.4,29
2429,2016-03-12,Toulouse,1401,1430,48.6,29
2430,2016-03-13,Angers,1476,1459,36.7,29
2430,2016-03-13,Nantes,1511,1527,63.3,29
2431,2016-03-13,Lyon,1567,1568,44.9,29
2431,2016-03-13,Rennes,1542,1540,55.1,29
2432,2016-03-13,Paris Saint-Germain,1732,1740,88.6,28
2432,2016-03-13,Troyes,1315,1307,11.4,29
2433,2016-03-18,Olympique de Marseille,1537,1506,58.1,30
2433,2016-03-18,Rennes,1540,1571,41.9,30
2434,2016-03-19,Angers,1459,1486,53.6,30
2434,2016-03-19,Lorient,1494,1468,46.4,30
2435,2016-03-19,Lille,1522,1530,70.5,30
2435,2016-03-19,Toulouse,1430,1421,29.5,30
2436,2016-03-19,Lyon,1568,1584,64.1,30
2436,2016-03-19,Nantes,1527,1511,35.9,30
2437,2016-03-19,Montpellier,1502,1480,41.7,30
2437,2016-03-19,Saint-Étienne,1500,1522,58.3,29
2438,2016-03-19,Stade Malherbe Caen,1467,1474,78.0,30
2438,2016-03-19,Troyes,1307,1300,22.0,30
2439,2016-03-19,Guingamp,1444,1461,41.0,30
2439,2016-03-19,Stade de Reims,1447,1429,59.0,30
2440,2016-03-20,Bastia,1492,1492,48.5,29
2440,2016-03-20,Bordeaux,1442,1442,51.5,30
2441,2016-03-20,Gazélec Ajaccio,1444,1429,28.9,29
2441,2016-03-20,OGC Nice,1540,1555,71.1,30
2442,2016-03-20,AS Monaco,1571,1607,21.1,31
2442,2016-03-20,Paris Saint-Germain,1740,1705,78.9,29
2443,2016-04-01,AS Monaco,1607,1583,78.5,32
2443,2016-04-01,Bordeaux,1442,1465,21.5,31
2444,2016-04-02,Gazélec Ajaccio,1429,1408,45.2,30
2444,2016-04-02,Saint-Étienne,1522,1542,54.8,30
2445,2016-04-02,Guingamp,1461,1460,55.9,31
2445,2016-04-02,Montpellier,1480,1482,44.1,31
2446,2016-04-02,OGC Nice,1555,1543,23.1,31
2446,2016-04-02,Paris Saint-Germain,1705,1717,76.9,30
2447,2016-04-02,Rennes,1571,1582,76.1,31
2447,2016-04-02,Stade de Reims,1429,1419,23.9,31
2448,2016-04-02,Stade Malherbe Caen,1474,1452,48.9,31
2448,2016-04-02,Toulouse,1421,1443,51.1,31
2449,2016-04-02,Angers,1486,1495,67.3,31
2449,2016-04-02,Troyes,1300,1290,32.7,31
2450,2016-04-03,Bastia,1492,1505,56.5,30
2450,2016-04-03,Olympique de Marseille,1506,1493,43.5,31
2451,2016-04-03,Lorient,1468,1449,42.0,31
2451,2016-04-03,Lyon,1584,1603,58.0,31
2452,2016-04-03,Lille,1530,1560,44.2,31
2452,2016-04-03,Nantes,1511,1482,55.8,31
2453,2016-04-08,Lyon,1603,1622,58.7,32
2453,2016-04-08,Montpellier,1482,1463,41.3,32
2454,2016-04-09,Angers,1495,1489,70.0,32
2454,2016-04-09,Gazélec Ajaccio,1408,1414,30.0,31
2455,2016-04-09,Guingamp,1460,1449,24.3,32
2455,2016-04-09,Paris Saint-Germain,1717,1728,75.7,31
2456,2016-04-09,Saint-Étienne,1542,1547,85.8,31
2456,2016-04-09,Troyes,1290,1286,14.2,32
2457,2016-04-09,Lorient,1449,1467,41.1,32
2457,2016-04-09,Stade Malherbe Caen,1452,1434,58.9,32
2458,2016-04-09,Nantes,1482,1467,50.4,32
2458,2016-04-09,Stade de Reims,1419,1434,49.6,32
2459,2016-04-09,Bastia,1505,1477,50.3,31
2459,2016-04-09,Toulouse,1443,1471,49.7,32
2460,2016-04-10,AS Monaco,1583,1560,44.8,33
2460,2016-04-10,Lille,1560,1583,55.2,32
2461,2016-04-10,OGC Nice,1543,1568,53.1,32
2461,2016-04-10,Rennes,1582,1557,46.9,32
2462,2016-04-10,Bordeaux,1465,1469,37.6,32
2462,2016-04-10,Olympique de Marseille,1493,1490,62.4,32
2463,2016-04-15,Lyon,1622,1617,65.8,33
2463,2016-04-15,OGC Nice,1568,1573,34.2,33
2464,2016-04-16,Bastia,1477,1462,48.6,32
2464,2016-04-16,Saint-Étienne,1547,1561,51.4,32
2465,2016-04-16,Angers,1489,1514,44.3,33
2465,2016-04-16,Bordeaux,1469,1444,55.7,33
2466,2016-04-16,Gazélec Ajaccio,1414,1399,34.8,32
2466,2016-04-16,Lille,1583,1599,65.2,33
2467,2016-04-16,Lorient,1467,1465,57.9,33
2467,2016-04-16,Toulouse,1471,1474,42.1,33
2468,2016-04-16,Paris Saint-Germain,1728,1735,88.5,32
2468,2016-04-16,Stade Malherbe Caen,1434,1427,11.5,33
2469,2016-04-16,Stade de Reims,1434,1415,62.4,33
2469,2016-04-16,Troyes,1286,1305,37.6,33
2470,2016-04-17,AS Monaco,1560,1569,67.9,34
2470,2016-04-17,Olympique de Marseille,1490,1480,32.1,33
2471,2016-04-17,Montpellier,1463,1490,41.0,33
2471,2016-04-17,Nantes,1467,1440,59.0,33
2472,2016-04-17,Guingamp,1449,1487,27.5,33
2472,2016-04-17,Rennes,1557,1519,72.5,33
2473,2016-04-22,OGC Nice,1573,1583,77.8,34
2473,2016-04-22,Stade de Reims,1415,1405,22.2,34
2474,2016-04-23,Lyon,1617,1628,61.7,34
2474,2016-04-23,Toulouse,1474,1462,38.3,34
2475,2016-04-24,Bastia,1462,1447,50.5,33
2475,2016-04-24,Gazélec Ajaccio,1399,1414,49.5,33
2476,2016-04-24,Guingamp,1487,1482,66.6,34
2476,2016-04-24,Stade Malherbe Caen,1427,1432,33.4,34
2477,2016-04-24,Montpellier,1490,1500,80.4,34
2477,2016-04-24,Troyes,1305,1295,19.6,34
2478,2016-04-24,Nantes,1440,1444,36.0,34
2478,2016-04-24,Olympique de Marseille,1480,1476,64.0,34
2479,2016-04-24,AS Monaco,1569,1570,48.6,35
2479,2016-04-24,Rennes,1519,1519,51.4,34
2480,2016-04-24,Lorient,1465,1452,28.9,34
2480,2016-04-24,Saint-Étienne,1561,1574,71.1,33
2481,2016-04-27,Angers,1514,1520,30.3,34
2481,2016-04-27,Lille,1599,1593,69.7,34
2482,2016-04-29,Paris Saint-Germain,1735,1745,83.1,33
2482,2016-04-29,Rennes,1519,1509,16.9,35
2483,2016-04-30,AS Monaco,1570,1579,70.1,36
2483,2016-04-30,Guingamp,1482,1473,29.9,35
2484,2016-04-30,Lille,1593,1605,61.5,35
2484,2016-04-30,Lorient,1452,1440,38.5,35
2485,2016-04-30,Gazélec Ajaccio,1414,1409,17.1,34
2485,2016-04-30,Lyon,1628,1634,82.9,35
2486,2016-04-30,Nantes,1444,1463,38.9,35
2486,2016-04-30,OGC Nice,1583,1564,61.1,35
2487,2016-04-30,Saint-Étienne,1574,1567,72.9,34
2487,2016-04-30,Toulouse,1462,1469,27.1,35
2488,2016-04-30,Bastia,1447,1449,43.6,34
2488,2016-04-30,Stade Malherbe Caen,1432,1430,56.4,35
2489,2016-04-30,Montpellier,1500,1514,55.0,35
2489,2016-04-30,Stade de Reims,1405,1392,45.0,35
2490,2016-05-01,Angers,1520,1501,64.6,35
2490,2016-05-01,Olympique de Marseille,1476,1495,35.4,35
2491,2016-05-07,Angers,1501,1486,48.8,36
2491,2016-05-07,Bastia,1449,1464,51.2,35
2492,2016-05-07,Bordeaux,1444,1465,59.1,34
2492,2016-05-07,Lorient,1440,1419,40.9,36
2493,2016-05-07,Gazélec Ajaccio,1409,1399,17.0,35
2493,2016-05-07,Paris Saint-Germain,1745,1754,83.0,34
2494,2016-05-07,Guingamp,1473,1480,24.9,36
2494,2016-05-07,Lille,1605,1597,75.1,36
2495,2016-05-07,AS Monaco,1579,1558,34.1,37
2495,2016-05-07,Lyon,1634,1654,65.9,36
2496,2016-05-07,Montpellier,1514,1532,59.2,36
2496,2016-05-07,Rennes,1509,1491,40.8,36
2497,2016-05-07,Nantes,1463,1444,63.1,36
2497,2016-05-07,Stade Malherbe Caen,1430,1449,36.9,36
2498,2016-05-07,OGC Nice,1564,1583,58.1,36
2498,2016-05-07,Saint-Étienne,1567,1549,41.9,35
2499,2016-05-07,Olympique de Marseille,1495,1504,71.9,36
2499,2016-05-07,Stade de Reims,1392,1383,28.1,36
2500,2016-05-07,Toulouse,1469,1475,79.4,36
2500,2016-05-07,Troyes,1295,1288,20.6,35
2501,2016-05-11,Bordeaux,1465,1474,21.1,35
2501,2016-05-11,Paris Saint-Germain,1754,1745,78.9,35
2502,2016-05-14,AS Monaco,1558,1575,62.2,38
2502,2016-05-14,Montpellier,1532,1515,37.8,37
2503,2016-05-14,Angers,1486,1468,60.1,37
2503,2016-05-14,Toulouse,1475,1493,39.9,37
2504,2016-05-14,Guingamp,1480,1467,43.9,37
2504,2016-05-14,OGC Nice,1583,1596,56.1,37
2505,2016-05-14,Gazélec Ajaccio,1399,1388,38.8,36
2505,2016-05-14,Lorient,1419,1430,61.2,37
2506,2016-05-14,Nantes,1444,1437,11.1,37
2506,2016-05-14,Paris Saint-Germain,1745,1752,88.9,36
2507,2016-05-14,Bastia,1464,1482,37.7,36
2507,2016-05-14,Rennes,1491,1472,62.3,37
2508,2016-05-14,Lille,1597,1612,48.3,37
2508,2016-05-14,Saint-Étienne,1549,1533,51.7,36
2509,2016-05-14,Bordeaux,1474,1461,45.0,36
2509,2016-05-14,Stade Malherbe Caen,1449,1462,55.0,37
2510,2016-05-14,Lyon,1654,1613,77.1,37
2510,2016-05-14,Stade de Reims,1383,1424,22.9,37
2511,2016-05-14,Olympique de Marseille,1504,1497,71.0,37
2511,2016-05-14,Troyes,1288,1295,29.0,36
2512,2021-08-29,Paris Saint-Germain,1752,1760,82.4,37
2512,2021-08-29,Stade de Reims,1424,1416,17.6,38
2513,2021-09-19,Lyon,1613,1606,23.4,38
2513,2021-09-19,Paris Saint-Germain,1760,1767,76.6,38
2514,2021-10-03,Paris Saint-Germain,1767,1731,79.4,39
2514,2021-10-03,Rennes,1472,1508,20.6,38
2515,2021-10-24,Olympique de Marseille,1497,1504,26.9,38
2515,2021-10-24,Paris Saint-Germain,1731,1724,73.1,40
2516,2021-10-29,Lille,1612,1604,27.2,38
2516,2021-10-29,Paris Saint-Germain,1724,1732,72.8,41
2517,2021-11-20,Nantes,1437,1432,11.5,38
2517,2021-11-20,Paris Saint-Germain,1732,1737,88.5,42
2518,2021-11-28,Paris Saint-Germain,1737,1751,69.6,43
2518,2021-11-28,Saint-Étienne,1533,1519,30.4,37
2519,2021-12-01,OGC Nice,1596,1605,22.5,38
2519,2021-12-01,Paris Saint-Germain,1751,1743,77.5,44
2520,2021-12-04,Lens,1500,1507,25.9,0
2520,2021-12-04,Paris Saint-Germain,1743,1735,74.1,45
2521,2021-12-12,AS Monaco,1575,1565,22.0,39
2521,2021-12-12,Paris Saint-Germain,1735,1745,78.0,46
2522,2021-12-22,Lorient,1430,1440,18.7,38
2522,2021-12-22,Paris Saint-Germain,1745,1736,81.3,47
2523,2022-01-23,Paris Saint-Germain,1736,1742,89.9,48
2523,2022-01-23,Stade de Reims,1416,1410,10.1,39
2524,2022-02-06,Lille,1604,1582,39.1,39
2524,2022-02-06,Paris Saint-Germain,1742,1764,60.9,49
2525,2022-02-11,Paris Saint-Germain,1764,1768,86.0,50
2525,2022-02-11,Rennes,1508,1504,14.0,39
2526,2022-02-19,Nantes,1432,1470,17.0,39
2526,2022-02-19,Paris Saint-Germain,1768,1730,83.0,51
2527,2022-02-26,Paris Saint-Germain,1730,1738,82.6,52
2527,2022-02-26,Saint-Étienne,1519,1512,17.4,38
2528,2022-03-05,OGC Nice,1605,1623,39.6,39
2528,2022-03-05,Paris Saint-Germain,1738,1720,60.4,53
2529,2022-03-13,Bordeaux,1461,1453,13.7,37
2529,2022-03-13,Paris Saint-Germain,1720,1727,86.3,54
2530,2022-04-03,Lorient,1440,1433,11.9,39
2530,2022-04-03,Paris Saint-Germain,1727,1734,88.1,55
2531,2022-04-09,Clermont Foot,1500,1484,26.9,0
2531,2022-04-09,Paris Saint-Germain,1734,1750,73.1,56
2532,2022-04-17,Olympique de Marseille,1504,1500,14.7,39
2532,2022-04-17,Paris Saint-Germain,1750,1755,85.3,57
2533,2022-04-23,Lens,1507,1518,14.6,1
2533,2022-04-23,Paris Saint-Germain,1755,1744,85.4,58
2534,2022-04-29,Paris Saint-Germain,1744,1737,74.2,59
2534,2022-04-29,Strasbourg,1500,1507,25.8,0
2535,2022-05-08,Paris Saint-Germain,1737,1723,94.7,60
2535,2022-05-08,Troyes,1295,1308,5.3,37
2536,2022-05-14,Montpellier,1515,1498,29.9,38
2536,2022-05-14,Paris Saint-Germain,1723,1740,70.1,61
2537,2022-05-21,Metz,1500,1491,15.1,0
2537,2022-05-21,Paris Saint-Germain,1740,1749,84.9,62
2538,2022-08-06,Clermont Foot,1484,1470,23.5,1
2538,2022-08-06,Paris Saint-Germain,1749,1763,76.5,63
2539,2022-08-13,Montpellier,1498,1491,13.3,39
2539,2022-08-13,Paris Saint-Germain,1763,1770,86.7,64
2540,2022-08-21,Lille,1582,1562,32.4,40
2540,2022-08-21,Paris Saint-Germain,1770,1791,67.6,65
2541,2022-08-28,AS Monaco,1565,1576,16.2,40
2541,2022-08-28,Paris Saint-Germain,1791,1781,83.8,66
2542,2022-08-31,Paris Saint-Germain,1781,1792,78.7,67
2542,2022-08-31,Toulouse,1493,1482,21.3,38
2543,2022-09-03,Nantes,1470,1460,18.1,40
2543,2022-09-03,Paris Saint-Germain,1792,1801,81.9,68
2544,2022-09-10,Paris Saint-Germain,1801,1805,88.9,69
2544,2022-09-10,Stade Brestois,1500,1497,11.1,0
2545,2022-09-18,Lyon,1606,1597,31.1,39
2545,2022-09-18,Paris Saint-Germain,1805,1814,68.9,70
2546,2022-10-01,OGC Nice,1623,1617,19.1,40
2546,2022-10-01,Paris Saint-Germain,1814,1820,80.9,71
2547,2022-10-16,Olympique de Marseille,1500,1497,10.1,40
2547,2022-10-16,Paris Saint-Germain,1820,1823,89.9,72
2548,2022-10-21,AC Ajaccio,1500,1491,18.1,0
2548,2022-10-21,Paris Saint-Germain,1823,1832,81.9,73
2549,2022-10-29,Paris Saint-Germain,1832,1833,96.7,74
2549,2022-10-29,Troyes,1308,1307,3.3,38
2550,2022-11-13,Auxerre,1500,1494,9.4,0
2550,2022-11-13,Paris Saint-Germain,1833,1839,90.6,75
2551,2023-01-11,Angers,1468,1465,7.7,38
2551,2023-01-11,Paris Saint-Germain,1839,1842,92.3,76
2552,2023-01-15,Paris Saint-Germain,1842,1817,83.3,77
2552,2023-01-15,Rennes,1504,1529,16.7,40
2553,2023-01-29,Paris Saint-Germain,1817,1804,93.6,78
2553,2023-01-29,Stade de Reims,1410,1423,6.4,40
2554,2023-02-01,Montpellier,1491,1483,18.9,40
2554,2023-02-01,Paris Saint-Germain,1804,1813,81.1,79
2555,2023-02-04,Paris Saint-Germain,1813,1816,90.4,80
2555,2023-02-04,Toulouse,1482,1479,9.6,39
2556,2023-02-19,Lille,1562,1557,14.1,41
2556,2023-02-19,Paris Saint-Germain,1816,1820,85.9,81
2557,2023-02-26,Olympique de Marseille,1497,1487,18.0,41
2557,2023-02-26,Paris Saint-Germain,1820,1829,82.0,82
2558,2023-03-04,Nantes,1460,1457,7.8,41
2558,2023-03-04,Paris Saint-Germain,1829,1833,92.2,83
2559,2023-03-11,Paris Saint-Germain,1833,1838,83.1,84
2559,2023-03-11,Stade Brestois,1497,1492,16.9,1
2560,2023-03-19,Paris Saint-Germain,1838,1798,89.3,85
2560,2023-03-19,Rennes,1529,1569,10.7,41
2561,2023-04-02,Lyon,1597,1622,18.2,40
2561,2023-04-02,Paris Saint-Germain,1798,1773,81.8,86
2562,2023-04-08,OGC Nice,1617,1601,36.5,41
2562,2023-04-08,Paris Saint-Germain,1773,1790,63.5,87
2563,2023-04-15,Lens,1518,1512,12.9,2
2563,2023-04-15,Paris Saint-Germain,1790,1795,87.1,88
2564,2023-04-21,Angers,1465,1460,17.4,39
2564,2023-04-21,Paris Saint-Germain,1795,1801,82.6,89
2565,2023-04-30,Lorient,1433,1474,7.9,40
2565,2023-04-30,Paris Saint-Germain,1801,1759,92.1,90
2566,2023-05-13,AC Ajaccio,1491,1483,13.1,1
2566,2023-05-13,Paris Saint-Germain,1759,1767,86.9,91
2567,2023-05-21,Auxerre,1494,1488,22.7,1
2567,2023-05-21,Paris Saint-Germain,1767,1774,77.3,92
2568,2023-05-27,Paris Saint-Germain,1774,1766,76.7,93
2568,2023-05-27,Strasbourg,1507,1515,23.3,1
2569,2023-06-03,Clermont Foot,1470,1496,11.4,2
2569,2023-06-03,Paris Saint-Germain,1766,1739,88.6,94
2570,2023-08-27,Inter Miami,1500,1526,41.5,0
2570,2023-08-27,New York Red Bulls,1500,1474,58.5,0
2571,2023-08-31,Inter Miami,1526,1523,62.2,1
2571,2023-08-31,Nashville SC,1500,1504,37.8,0
2572,2023-09-04,Inter Miami,1523,1548,44.7,2
2572,2023-09-04,LAFC,1500,1475,55.3,0
2573,2023-09-21,Inter Miami,1548,1567,65.0,3
2573,2023-09-21,Toronto FC,1500,1480,35.0,0
2574,2023-10-08,Cincinnati,1500,1520,32.5,0
2574,2023-10-08,Inter Miami,1567,1547,67.5,4
2575,2023-10-22,Charlotte,1500,1514,51.9,0
2575,2023-10-22,Inter Miami,1547,1533,48.1,5
2576,2018-04-15,North Carolina Courage,1500,1526,41.5,0
2576,2018-04-15,Washington Spirit,1500,1474,58.5,0
2577,2018-05-05,Portland Thorns,1500,1482,58.5,0
2577,2018-05-05,Seattle Reign,1500,1518,41.5,0
2578,2018-05-06,Chicago Red Stars,1500,1504,37.8,0
2578,2018-05-06,North Carolina Courage,1526,1523,62.2,1
2579,2018-05-06,Utah Royals,1500,1517,62.2,0
2579,2018-05-06,Washington Spirit,1474,1457,37.8,1
2580,2018-05-13,North Carolina Courage,1523,1532,67.4,2
2580,2018-05-13,Washington Spirit,1457,1447,32.6,2
2581,2018-05-20,NJ/NY Gotham FC,1500,1484,54.0,0
2581,2018-05-20,North Carolina Courage,1532,1549,46.0,3
2582,2018-05-24,North Carolina Courage,1549,1564,48.4,4
2582,2018-05-24,Orlando Pride,1500,1485,51.6,0
2583,2018-05-31,North Carolina Courage,1564,1589,53.1,5
2583,2018-05-31,Portland Thorns,1482,1458,46.9,1
2584,2018-06-03,NJ/NY Gotham FC,1484,1468,53.8,1
2584,2018-06-03,Utah Royals,1517,1533,46.2,1
2585,2018-06-03,Chicago Red Stars,1504,1526,49.5,1
2585,2018-06-03,Washington Spirit,1447,1424,50.5,3
2586,2018-06-04,Houston Dash,1500,1501,45.9,0
2586,2018-06-04,North Carolina Courage,1589,1588,54.1,6
2587,2018-06-04,Orlando Pride,1485,1488,36.9,1
2587,2018-06-04,Seattle Reign,1518,1514,63.1,1
2588,2018-06-30,North Carolina Courage,1588,1611,55.6,7
2588,2018-06-30,Orlando Pride,1488,1465,44.4,2
2589,2018-07-01,Portland Thorns,1458,1448,33.9,2
2589,2018-07-01,Seattle Reign,1514,1524,66.1,2
2590,2018-07-01,NJ/NY Gotham FC,1468,1453,32.7,2
2590,2018-07-01,Utah Royals,1533,1548,67.3,2
2591,2018-07-02,Chicago Red Stars,1526,1539,71.8,2
2591,2018-07-02,Washington Spirit,1424,1411,28.2,4
2592,2018-07-05,Chicago Red Stars,1539,1522,31.9,3
2592,2018-07-05,North Carolina Courage,1611,1628,68.1,8
2593,2018-07-07,Portland Thorns,1448,1479,44.2,3
2593,2018-07-07,Utah Royals,1548,1517,55.8,3
2594,2018-07-08,Chicago Red Stars,1522,1544,51.3,4
2594,2018-07-08,NJ/NY Gotham FC,1453,1431,48.7,3
2595,2018-07-08,Orlando Pride,1465,1475,65.8,3
2595,2018-07-08,Washington Spirit,1411,1401,34.2,5
2596,2018-07-08,Houston Dash,1501,1484,38.3,1
2596,2018-07-08,Seattle Reign,1524,1541,61.7,3
2597,2018-07-12,Houston Dash,1484,1502,59.7,2
2597,2018-07-12,Orlando Pride,1475,1457,40.3,4
2598,2018-07-12,North Carolina Courage,1628,1635,83.9,9
2598,2018-07-12,Washington Spirit,1401,1394,16.1,6
2599,2018-07-12,Seattle Reign,1541,1552,61.9,4
2599,2018-07-12,Utah Royals,1517,1505,38.1,4
2600,2018-07-15,Chicago Red Stars,1544,1557,57.4,5
2600,2018-07-15,Seattle Reign,1552,1540,42.6,5
2601,2018-07-15,NJ/NY Gotham FC,1431,1414,30.4,4
2601,2018-07-15,North Carolina Courage,1635,1652,69.6,10
2602,2018-07-15,Orlando Pride,1457,1477,35.0,5
2602,2018-07-15,Utah Royals,1505,1486,65.0,5
2603,2018-07-16,Houston Dash,1502,1482,44.7,3
2603,2018-07-16,Portland Thorns,1479,1499,55.3,4
2604,2018-07-21,North Carolina Courage,1652,1647,64.8,11
2604,2018-07-21,Utah Royals,1486,1490,35.2,6
2605,2018-07-22,NJ/NY Gotham FC,1414,1400,46.4,5
2605,2018-07-22,Portland Thorns,1499,1513,53.6,5
2606,2018-08-06,Houston Dash,1482,1465,57.4,4
2606,2018-08-06,Utah Royals,1490,1507,42.6,7
2607,2018-08-06,NJ/NY Gotham FC,1400,1406,31.3,6
2607,2018-08-06,Orlando Pride,1477,1471,68.7,6
2608,2018-08-06,Seattle Reign,1540,1550,76.6,6
2608,2018-08-06,Washington Spirit,1394,1383,23.4,7
2609,2018-08-09,Utah Royals,1507,1515,74.2,8
2609,2018-08-09,Washington Spirit,1383,1376,25.8,8
2610,2018-08-11,Chicago Red Stars,1557,1558,45.6,6
2610,2018-08-11,North Carolina Courage,1647,1646,54.4,12
2611,2018-08-12,Orlando Pride,1471,1447,52.6,7
2611,2018-08-12,Portland Thorns,1513,1537,47.4,6
2612,2023-03-25,KC Current,1500,1493,23.4,0
2612,2023-03-25,North Carolina Courage,1646,1653,76.6,13
2613,2023-03-26,Orlando Pride,1447,1431,29.8,8
2613,2023-03-26,Portland Thorns,1537,1553,70.2,7
2614,2023-03-26,Chicago Red Stars,1558,1543,49.8,7
2614,2023-03-26,San Diego Wave,1500,1515,50.2,0
2615,2023-03-26,Seattle Reign,1550,1530,65.9,7
2615,2023-03-26,Washington Spirit,1376,1395,34.1,9
2616,2023-03-27,Angel City,1500,1479,70.9,0
2616,2023-03-27,NJ/NY Gotham FC,1406,1427,29.1,7
2617,2023-03-27,Houston Dash,1465,1464,53.6,5
2617,2023-03-27,Racing Louisville FC,1500,1501,46.4,0
2618,2023-04-01,Chicago Red Stars,1543,1523,69.1,8
2618,2023-04-01,Houston Dash,1464,1484,30.9,6
2619,2023-04-01,KC Current,1493,1467,49.9,1
2619,2023-04-01,Portland Thorns,1553,1580,50.1,8
2620,2023-04-01,Racing Louisville FC,1501,1494,72.2,1
2620,2023-04-01,Washington Spirit,1395,1402,27.8,10
2621,2023-04-02,NJ/NY Gotham FC,1427,1407,43.8,8
2621,2023-04-02,Seattle Reign,1530,1550,56.2,8
2622,2023-04-02,Angel City,1479,1494,48.3,1
2622,2023-04-02,Orlando Pride,1431,1415,51.7,9
2623,2023-04-02,North Carolina Courage,1653,1626,61.1,14
2623,2023-04-02,San Diego Wave,1515,1542,38.9,1
2624,2023-04-15,Houston Dash,1484,1491,29.0,7
2624,2023-04-15,Portland Thorns,1580,1573,71.0,9
2625,2023-04-16,Angel City,1494,1492,58.5,2
2625,2023-04-16,Racing Louisville FC,1494,1497,41.5,2
2626,2023-04-16,Chicago Red Stars,1523,1538,66.1,9
2626,2023-04-16,KC Current,1467,1452,33.9,2
2627,2023-04-16,North Carolina Courage,1626,1601,83.7,15
2627,2023-04-16,Washington Spirit,1402,1427,16.3,11
2628,2023-04-16,NJ/NY Gotham FC,1407,1434,40.3,9
2628,2023-04-16,Orlando Pride,1415,1388,59.7,10
2629,2023-04-16,San Diego Wave,1542,1530,40.4,2
2629,2023-04-16,Seattle Reign,1550,1562,59.6,9
2630,2023-04-22,Chicago Red Stars,1538,1518,38.1,10
2630,2023-04-22,Seattle Reign,1562,1582,61.9,10
2631,2023-04-23,KC Current,1452,1466,67.0,3
2631,2023-04-23,Orlando Pride,1388,1374,33.0,11
2632,2023-04-23,NJ/NY Gotham FC,1434,1454,35.1,10
2632,2023-04-23,North Carolina Courage,1601,1581,64.9,16
2633,2023-04-23,Portland Thorns,1573,1587,68.7,10
2633,2023-04-23,Racing Louisville FC,1497,1483,31.3,3
2634,2023-04-23,Houston Dash,1491,1491,50.5,8
2634,2023-04-23,Washington Spirit,1427,1427,49.5,12
2635,2023-04-24,Angel City,1492,1468,53.1,3
2635,2023-04-24,San Diego Wave,1530,1554,46.9,3
2636,2023-04-29,Houston Dash,1491,1477,45.6,9
2636,2023-04-29,North Carolina Courage,1581,1595,54.4,17
2637,2023-04-30,Chicago Red Stars,1518,1512,70.4,11
2637,2023-04-30,Washington Spirit,1427,1433,29.6,13
2638,2023-04-30,KC Current,1466,1484,60.3,4
2638,2023-04-30,NJ/NY Gotham FC,1454,1436,39.7,11
2639,2023-04-30,Angel City,1468,1475,26.2,4
2639,2023-04-30,Portland Thorns,1587,1580,73.8,11
2640,2023-04-30,Racing Louisville FC,1483,1485,44.4,4
2640,2023-04-30,Seattle Reign,1582,1581,55.6,11
2641,2023-04-30,Orlando Pride,1374,1410,20.0,12
2641,2023-04-30,San Diego Wave,1554,1518,80.0,4
2642,2023-05-06,San Diego Wave,1518,1494,53.6,5
2642,2023-05-06,Washington Spirit,1433,1458,46.4,14
2643,2023-05-07,North Carolina Courage,1595,1592,60.6,18
2643,2023-05-07,Portland Thorns,1580,1584,39.4,12
2644,2023-05-07,Orlando Pride,1410,1425,47.8,13
2644,2023-05-07,Racing Louisville FC,1485,1469,52.2,5
2645,2023-05-07,Houston Dash,1477,1464,28.0,10
2645,2023-05-07,Seattle Reign,1581,1593,72.0,12
2646,2023-05-08,Angel City,1475,1488,57.3,5
2646,2023-05-08,KC Current,1484,1471,42.7,5
2647,2023-05-08,Chicago Red Stars,1512,1491,68.6,12
2647,2023-05-08,NJ/NY Gotham FC,1436,1456,31.4,12
2648,2023-05-13,Houston Dash,1464,1482,41.6,11
2648,2023-05-13,Portland Thorns,1584,1566,58.4,13
2649,2023-05-13,Chicago Red Stars,1491,1468,44.6,13
2649,2023-05-13,Racing Louisville FC,1469,1492,55.4,6
2650,2023-05-14,Angel City,1488,1469,62.7,6
2650,2023-05-14,Washington Spirit,1458,1476,37.3,15
2651,2023-05-14,KC Current,1471,1446,55.3,6
2651,2023-05-14,San Diego Wave,1494,1519,44.7,6
2652,2023-05-14,North Carolina Courage,1592,1604,58.3,19
2652,2023-05-14,Seattle Reign,1593,1581,41.7,13
2653,2023-05-15,NJ/NY Gotham FC,1456,1452,62.8,13
2653,2023-05-15,Orlando Pride,1425,1429,37.2,14
2654,2023-05-21,Houston Dash,1482,1454,53.3,12
2654,2023-05-21,San Diego Wave,1519,1547,46.7,7
2655,2023-05-21,KC Current,1446,1423,52.0,7
2655,2023-05-21,Racing Louisville FC,1492,1516,48.0,7
2656,2023-05-21,Angel City,1469,1477,24.5,7
2656,2023-05-21,North Carolina Courage,1604,1597,75.5,20
2657,2023-05-21,Orlando Pride,1429,1443,51.8,15
2657,2023-05-21,Washington Spirit,1476,1462,48.2,16
2658,2023-05-22,Chicago Red Stars,1468,1452,28.7,14
2658,2023-05-22,Portland Thorns,1566,1582,71.3,14
2659,2023-05-22,NJ/NY Gotham FC,1452,1492,25.3,14
2659,2023-05-22,Seattle Reign,1581,1541,74.7,14
2660,2023-05-27,Houston Dash,1454,1478,45.8,13
2660,2023-05-27,KC Current,1423,1399,54.2,8
2661,2023-05-27,Portland Thorns,1582,1583,46.4,15
2661,2023-05-27,San Diego Wave,1547,1546,53.6,8
2662,2023-05-27,Angel City,1477,1459,32.8,8
2662,2023-05-27,Seattle Reign,1541,1559,67.2,15
2663,2023-05-28,Chicago Red Stars,1452,1464,59.7,15
2663,2023-05-28,Orlando Pride,1443,1431,40.3,16
2664,2023-05-28,North Carolina Courage,1597,1611,53.0,21
2664,2023-05-28,Racing Louisville FC,1516,1502,47.0,8
2665,2023-05-29,NJ/NY Gotham FC,1492,1493,45.7,15
2665,2023-05-29,Washington Spirit,1462,1461,54.3,17
2666,2023-06-04,Houston Dash,1478,1494,64.9,14
2666,2023-06-04,Orlando Pride,1431,1416,35.1,17
2667,2023-06-04,KC Current,1399,1420,29.4,9
2667,2023-06-04,North Carolina Courage,1611,1589,70.6,22
2668,2023-06-04,Portland Thorns,1583,1608,44.9,16
2668,2023-06-04,Seattle Reign,1559,1534,55.1,16
2669,2023-06-04,Racing Louisville FC,1502,1502,47.3,9
2669,2023-06-04,Washington Spirit,1461,1460,52.7,18
2670,2023-06-05,NJ/NY Gotham FC,1493,1478,51.0,16
2670,2023-06-05,San Diego Wave,1546,1561,49.0,9
2671,2023-06-06,Angel City,1459,1442,57.9,9
2671,2023-06-06,Chicago Red Stars,1464,1481,42.1,16
2672,2023-06-10,Racing Louisville FC,1502,1502,50.2,10
2672,2023-06-10,San Diego Wave,1561,1561,49.8,10
2673,2023-06-11,Chicago Red Stars,1481,1455,43.1,17
2673,2023-06-11,North Carolina Courage,1589,1615,56.9,23
2674,2023-06-11,KC Current,1420,1412,26.9,10
2674,2023-06-11,Seattle Reign,1534,1542,73.1,17
2675,2023-06-11,Angel City,1442,1430,39.0,10
2675,2023-06-11,Washington Spirit,1460,1471,61.0,19
2676,2023-06-12,Houston Dash,1494,1491,60.8,15
2676,2023-06-12,NJ/NY Gotham FC,1478,1481,39.2,17
2677,2023-06-12,Orlando Pride,1416,1446,31.8,18
2677,2023-06-12,Portland Thorns,1608,1577,68.2,17
2678,2023-06-17,Angel City,1430,1453,25.0,11
2678,2023-06-17,San Diego Wave,1561,1539,75.0,11
2679,2023-06-18,Houston Dash,1491,1490,51.3,16
2679,2023-06-18,Seattle Reign,1542,1542,48.7,18
2680,2023-06-18,KC Current,1412,1397,50.0,11
2680,2023-06-18,Washington Spirit,1471,1487,50.0,20
2681,2023-06-18,North Carolina Courage,1615,1626,78.9,24
2681,2023-06-18,Orlando Pride,1446,1435,21.1,19
2682,2023-06-18,NJ/NY Gotham FC,1481,1464,38.5,18
2682,2023-06-18,Racing Louisville FC,1502,1520,61.5,11
2683,2023-06-19,Chicago Red Stars,1455,1443,41.2,18
2683,2023-06-19,Portland Thorns,1577,1590,58.8,18
2684,2023-06-24,KC Current,1397,1416,36.2,12
2684,2023-06-24,Orlando Pride,1435,1416,63.8,20
2685,2023-06-24,Portland Thorns,1590,1602,71.9,19
2685,2023-06-24,Washington Spirit,1487,1474,28.1,21
2686,2023-06-25,North Carolina Courage,1626,1635,72.3,25
2686,2023-06-25,Racing Louisville FC,1520,1511,27.7,12
2687,2023-06-25,San Diego Wave,1539,1521,58.1,12
2687,2023-06-25,Seattle Reign,1542,1560,41.9,19
2688,2023-06-26,Angel City,1453,1452,53.2,12
2688,2023-06-26,Houston Dash,1490,1491,46.8,17
2689,2023-06-26,Chicago Red Stars,1443,1431,38.6,19
2689,2023-06-26,NJ/NY Gotham FC,1464,1475,61.4,19
2690,2023-07-01,Racing Louisville FC,1511,1516,34.9,13
2690,2023-07-01,Seattle Reign,1560,1555,65.1,20
2691,2023-07-02,Chicago Red Stars,1431,1448,45.7,20
2691,2023-07-02,San Diego Wave,1521,1505,54.3,13
2692,2023-07-02,Houston Dash,1491,1484,23.7,18
2692,2023-07-02,North Carolina Courage,1635,1642,76.3,26
2693,2023-07-02,KC Current,1416,1440,19.5,13
2693,2023-07-02,Portland Thorns,1602,1578,80.5,20
2694,2023-07-02,Orlando Pride,1416,1451,33.7,21
2694,2023-07-02,Washington Spirit,1474,1439,66.3,22
2695,2023-07-03,Angel City,1452,1455,38.2,13
2695,2023-07-03,NJ/NY Gotham FC,1475,1472,61.8,20
2696,2023-07-08,Chicago Red Stars,1448,1467,36.4,21
2696,2023-07-08,Houston Dash,1484,1465,63.6,19
2697,2023-07-08,Orlando Pride,1451,1468,43.7,22
2697,2023-07-08,Seattle Reign,1555,1538,56.3,21
2698,2023-07-08,KC Current,1440,1431,31.4,14
2698,2023-07-08,Racing Louisville FC,1516,1525,68.6,14
2699,2023-07-09,San Diego Wave,1505,1500,67.4,14
2699,2023-07-09,Washington Spirit,1439,1444,32.6,23
2700,2023-07-10,Angel City,1455,1476,32.6,14
2700,2023-07-10,North Carolina Courage,1642,1622,67.4,27
2701,2023-07-10,NJ/NY Gotham FC,1472,1489,43.3,21
2701,2023-07-10,Portland Thorns,1578,1561,56.7,21
2702,2023-08-19,KC Current,1431,1448,43.2,15
2702,2023-08-19,Seattle Reign,1538,1521,56.8,22
2703,2023-08-20,Houston Dash,1465,1462,61.4,20
2703,2023-08-20,Washington Spirit,1444,1448,38.6,24
2704,2023-08-20,Angel City,1476,1480,34.7,15
2704,2023-08-20,Racing Louisville FC,1525,1521,65.3,15
2705,2023-08-20,NJ/NY Gotham FC,1489,1477,39.9,22
2705,2023-08-20,San Diego Wave,1500,1512,60.1,15
2706,2023-08-21,Chicago Red Stars,1467,1442,41.3,22
2706,2023-08-21,Orlando Pride,1468,1493,58.7,23
2707,2023-08-21,North Carolina Courage,1622,1607,50.1,28
2707,2023-08-21,Portland Thorns,1561,1576,49.9,22
2708,2023-08-26,Orlando Pride,1493,1476,55.8,24
2708,2023-08-26,San Diego Wave,1512,1529,44.2,16
2709,2023-08-27,Houston Dash,1462,1459,60.5,21
2709,2023-08-27,KC Current,1448,1451,39.5,16
2710,2023-08-27,Chicago Red Stars,1442,1450,21.5,23
2710,2023-08-27,North Carolina Courage,1607,1598,78.5,29
2711,2023-08-28,Angel City,1480,1494,52.7,16
2711,2023-08-28,Seattle Reign,1521,1507,47.3,23
2712,2023-08-28,NJ/NY Gotham FC,1477,1476,52.3,23
2712,2023-08-28,Racing Louisville FC,1521,1521,47.7,16
2713,2023-08-28,Portland Thorns,1576,1573,59.7,23
2713,2023-08-28,Washington Spirit,1448,1451,40.3,25
2714,2023-09-02,Angel City,1494,1510,47.6,17
2714,2023-09-02,KC Current,1451,1435,52.4,17
2715,2023-09-03,NJ/NY Gotham FC,1476,1483,26.0,24
2715,2023-09-03,North Carolina Courage,1598,1591,74.0,30
2716,2023-09-03,Portland Thorns,1573,1559,48.8,24
2716,2023-09-03,Racing Louisville FC,1521,1536,51.2,17
2717,2023-09-04,Houston Dash,1459,1449,32.1,22
2717,2023-09-04,San Diego Wave,1529,1538,67.9,17
2718,2023-09-04,Orlando Pride,1476,1465,37.2,25
2718,2023-09-04,Seattle Reign,1507,1518,62.8,24
2719,2023-09-04,Chicago Red Stars,1450,1477,41.4,24
2719,2023-09-04,Washington Spirit,1451,1424,58.6,26
2720,2023-09-16,Houston Dash,1449,1470,30.0,23
2720,2023-09-16,Racing Louisville FC,1536,1515,70.0,18
2721,2023-09-17,NJ/NY Gotham FC,1483,1498,66.5,25
2721,2023-09-17,Washington Spirit,1424,1409,33.5,27
2722,2023-09-17,Portland Thorns,1559,1575,64.1,25
2722,2023-09-17,Seattle Reign,1518,1502,35.9,25
2723,2023-09-17,KC Current,1435,1457,28.1,18
2723,2023-09-17,San Diego Wave,1538,1517,71.9,18
2724,2023-09-18,Angel City,1510,1511,46.2,18
2724,2023-09-18,Chicago Red Stars,1477,1476,53.8,25
2725,2023-09-18,North Carolina Courage,1591,1573,59.4,31
2725,2023-09-18,Orlando Pride,1465,1482,40.6,26
2726,2023-09-30,KC Current,1457,1442,48.2,19
2726,2023-09-30,Washington Spirit,1409,1424,51.8,28
2727,2023-10-01,Chicago Red Stars,1476,1490,53.0,26
2727,2023-10-01,Racing Louisville FC,1515,1501,47.0,19
2728,2023-10-01,Portland Thorns,1575,1545,66.4,26
2728,2023-10-01,San Diego Wave,1517,1546,33.6,19
2729,2023-10-02,Houston Dash,1470,1498,37.6,24
2729,2023-10-02,NJ/NY Gotham FC,1498,1470,62.4,26
2730,2023-10-02,North Carolina Courage,1573,1573,51.6,32
2730,2023-10-02,Seattle Reign,1502,1503,48.4,26
2731,2023-10-03,Angel City,1511,1492,62.5,19
2731,2023-10-03,Orlando Pride,1482,1501,37.5,27
2732,2023-10-07,Orlando Pride,1501,1489,41.5,28
2732,2023-10-07,Racing Louisville FC,1501,1513,58.5,20
2733,2023-10-07,Seattle Reign,1503,1497,69.0,27
2733,2023-10-07,Washington Spirit,1424,1429,31.0,29
2734,2023-10-08,Chicago Red Stars,1490,1464,48.2,27
2734,2023-10-08,KC Current,1442,1468,51.8,20
2735,2023-10-08,North Carolina Courage,1573,1569,62.1,33
2735,2023-10-08,San Diego Wave,1546,1550,37.9,20
2736,2023-10-08,NJ/NY Gotham FC,1470,1461,31.5,27
2736,2023-10-08,Portland Thorns,1545,1554,68.5,27
2737,2023-10-09,Angel City,1492,1510,40.7,20
2737,2023-10-09,Houston Dash,1498,1480,59.3,25
2738,2023-10-15,KC Current,1468,1470,42.4,21
2738,2023-10-15,NJ/NY Gotham FC,1461,1458,57.6,28
2739,2023-10-16,Angel City,1510,1537,52.3,21
2739,2023-10-16,Portland Thorns,1554,1528,47.7,28
2740,2023-10-16,Chicago Red Stars,1464,1436,54.0,28
2740,2023-10-16,Seattle Reign,1497,1525,46.0,28
2741,2023-10-16,Houston Dash,1480,1468,40.3,26
2741,2023-10-16,Orlando Pride,1489,1501,59.7,29
2742,2023-10-16,Racing Louisville FC,1513,1497,36.4,21
2742,2023-10-16,San Diego Wave,1550,1567,63.6,21
2743,2023-10-16,North Carolina Courage,1569,1580,61.3,34
2743,2023-10-16,Washington Spirit,1429,1418,38.7,30
2744,2023-10-21,Angel City,1537,1524,43.1,22
2744,2023-10-21,Seattle Reign,1525,1538,56.9,29
2745,2023-10-23,NJ/NY Gotham FC,1458,1492,26.0,29
2745,2023-10-23,North Carolina Courage,1580,1547,74.0,35
2746,2023-11-06,NJ/NY Gotham FC,1492,1511,36.6,30
2746,2023-11-06,Portland Thorns,1528,1508,63.4,29
2747,2023-11-06,San Diego Wave,1567,1548,62.5,22
2747,2023-11-06,Seattle Reign,1538,1557,37.5,30
2748,2023-11-12,NJ/NY Gotham FC,1511,1530,35.2,31
2748,2023-11-12,Seattle Reign,1557,1537,64.8,31
2749,1977-08-28,NY Cosmos,1500,1512,58.5,0
2749,1977-08-28,Seattle Sounders,1500,1488,41.5,0
2750,2003-08-16,Arsenal,1500,1512,58.5,0
2750,2003-08-16,Everton,1500,1488,41.5,0
2751,2003-08-24,Arsenal,1512,1544,43.2,1
2751,2003-08-24,Middlesbrough,1500,1468,56.8,0
2752,2003-08-27,Arsenal,1544,1560,64.6,2
2752,2003-08-27,Aston Villa,1500,1484,35.4,0
2753,2003-08-31,Arsenal,1560,1575,50.0,3
2753,2003-08-31,Manchester City,1500,1485,50.0,0
2754,2003-09-13,Arsenal,1575,1570,68.5,4
2754,2003-09-13,Portsmouth,1500,1506,31.5,0
2755,2003-09-21,Arsenal,1570,1568,54.6,5
2755,2003-09-21,Manchester United,1478,1479,45.4,1
2756,2003-09-26,Arsenal,1568,1578,67.7,6
2756,2003-09-26,Newcastle United,1500,1490,32.3,0
2757,2003-10-04,Arsenal,1578,1592,52.6,7
2757,2003-10-04,Liverpool,1500,1486,47.4,0
2758,2003-10-18,Arsenal,1592,1601,70.6,8
2758,2003-10-18,Chelsea,1500,1491,29.4,0
2759,2003-10-26,Arsenal,1601,1599,55.9,9
2759,2003-10-26,Charlton Athletic,1500,1502,44.1,0
2760,2003-11-01,Arsenal,1599,1623,55.6,10
2760,2003-11-01,Leeds United,1500,1477,44.4,0
2761,2003-11-08,Arsenal,1623,1630,74.1,11
2761,2003-11-08,Tottenham Hotspur,1500,1492,25.9,0
2762,2003-11-22,Arsenal,1630,1651,60.0,12
2762,2003-11-22,Birmingham City,1500,1479,40.0,0
2763,2003-11-30,Arsenal,1651,1643,77.2,13
2763,2003-11-30,Fulham,1500,1508,22.8,0
2764,2003-12-06,Arsenal,1643,1640,61.8,14
2764,2003-12-06,Leicester City,1500,1504,38.2,0
2765,2003-12-14,Arsenal,1640,1647,75.9,15
2765,2003-12-14,Blackburn Rovers,1500,1493,24.1,0
2766,2003-12-20,Arsenal,1647,1643,62.3,16
2766,2003-12-20,Bolton Wanderers,1500,1504,37.7,0
2767,2003-12-26,Arsenal,1643,1656,76.3,17
2767,2003-12-26,Wolverhampton Wanderers,1500,1488,23.7,0
2768,2003-12-29,Arsenal,1656,1667,63.4,18
2768,2003-12-29,Southampton,1500,1489,36.6,0
2769,2004-01-07,Arsenal,1667,1662,66.5,19
2769,2004-01-07,Everton,1488,1493,33.5,1
2770,2004-01-10,Arsenal,1662,1672,81.2,20
2770,2004-01-10,Middlesbrough,1468,1458,18.8,1
2771,2004-01-18,Arsenal,1672,1686,67.6,21
2771,2004-01-18,Aston Villa,1484,1469,32.4,1
2772,2004-02-01,Arsenal,1686,1692,81.8,22
2772,2004-02-01,Manchester City,1485,1480,18.2,1
2773,2004-02-07,Arsenal,1692,1705,69.6,23
2773,2004-02-07,Wolverhampton Wanderers,1488,1474,30.4,1
2774,2004-02-10,Arsenal,1705,1713,83.1,24
2774,2004-02-10,Southampton,1489,1481,16.9,1
2775,2004-02-21,Arsenal,1713,1721,71.7,25
2775,2004-02-21,Chelsea,1491,1483,28.3,1
2776,2004-02-28,Arsenal,1721,1726,83.3,26
2776,2004-02-28,Charlton Athletic,1502,1497,16.7,1
2777,2004-03-13,Arsenal,1726,1739,73.1,27
2777,2004-03-13,Blackburn Rovers,1493,1481,26.9,1
2778,2004-03-20,Arsenal,1739,1743,84.5,28
2778,2004-03-20,Bolton Wanderers,1504,1499,15.5,1
2779,2004-03-28,Arsenal,1743,1732,86.6,29
2779,2004-03-28,Manchester United,1479,1490,13.4,2
2780,2004-04-09,Arsenal,1732,1739,85.4,30
2780,2004-04-09,Liverpool,1486,1479,14.6,1
2781,2004-04-11,Arsenal,1739,1731,74.7,31
2781,2004-04-11,Newcastle United,1490,1498,25.3,1
2782,2004-04-16,Arsenal,1731,1740,86.0,32
2782,2004-04-16,Leeds United,1477,1468,14.0,1
2783,2004-04-25,Arsenal,1740,1732,74.6,33
2783,2004-04-25,Tottenham Hotspur,1492,1500,25.4,1
2784,2004-05-01,Arsenal,1732,1722,85.9,34
2784,2004-05-01,Birmingham City,1479,1490,14.1,1
2785,2004-05-04,Arsenal,1722,1715,71.1,35
2785,2004-05-04,Portsmouth,1506,1512,28.9,1
2786,2004-05-09,Arsenal,1715,1724,70.0,36
2786,2004-05-09,Fulham,1508,1499,30.0,1
2787,2004-05-15,Arsenal,1724,1729,83.4,37
2787,2004-05-15,Leicester City,1504,1499,16.6,1
2788,2015-08-08,AFC Bournemouth,1500,1481,62.7,0
2788,2015-08-08,Aston Villa,1469,1488,37.3,2
2789,2015-08-08,Chelsea,1482,1480,56.0,3
2789,2015-08-08,Swansea City,1500,1502,44.0,0
2790,2015-08-08,Everton,1493,1490,57.5,2
2790,2015-08-08,Watford,1500,1502,42.5,0
2791,2015-08-08,Leicester City,1499,1517,58.3,2
2791,2015-08-08,Sunderland,1500,1481,41.7,0
2792,2015-08-08,Manchester United,1478,1492,55.6,5
2792,2015-08-08,Tottenham Hotspur,1500,1486,44.4,2
2793,2015-08-08,Crystal Palace,1500,1526,41.5,0
2793,2015-08-08,Norwich City,1500,1474,58.5,0
2794,2015-08-09,Arsenal,1729,1691,84.1,38
2794,2015-08-09,West Ham United,1500,1538,15.9,0
2795,2015-08-09,Newcastle United,1498,1494,60.8,2
2795,2015-08-09,Southampton,1481,1485,39.2,2
2796,2015-08-09,Liverpool,1466,1485,36.8,4
2796,2015-08-09,Stoke City,1500,1481,63.2,0
2797,2015-08-10,Manchester City,1480,1512,38.6,2
2797,2015-08-10,West Bromwich Albion,1500,1468,61.4,0
2798,2015-08-14,Aston Villa,1488,1471,58.1,3
2798,2015-08-14,Manchester United,1492,1509,41.9,6
2799,2015-08-15,Everton,1490,1521,42.2,3
2799,2015-08-15,Southampton,1485,1454,57.8,3
2800,2015-08-15,Norwich City,1474,1500,40.4,1
2800,2015-08-15,Sunderland,1481,1454,59.6,1
2801,2015-08-15,Newcastle United,1494,1476,40.4,3
2801,2015-08-15,Swansea City,1502,1520,59.6,1
2802,2015-08-15,Stoke City,1481,1484,40.7,1
2802,2015-08-15,Tottenham Hotspur,1486,1484,59.3,3
2803,2015-08-15,Watford,1502,1498,63.3,1
2803,2015-08-15,West Bromwich Albion,1468,1472,36.7,1
2804,2015-08-15,Leicester City,1517,1536,38.6,3
2804,2015-08-15,West Ham United,1538,1519,61.4,1
2805,2015-08-16,Arsenal,1691,1702,64.7,39
2805,2015-08-16,Crystal Palace,1526,1516,35.3,1
2806,2015-08-16,Chelsea,1480,1460,37.1,4
2806,2015-08-16,Manchester City,1512,1531,62.9,3
2807,2015-08-17,AFC Bournemouth,1481,1469,40.9,1
2807,2015-08-17,Liverpool,1485,1497,59.1,5
2808,2015-08-22,Aston Villa,1471,1460,35.3,4
2808,2015-08-22,Crystal Palace,1516,1526,64.7,2
2809,2015-08-22,Leicester City,1536,1531,65.6,4
2809,2015-08-22,Tottenham Hotspur,1484,1488,34.4,4
2810,2015-08-22,Manchester United,1509,1505,63.1,7
2810,2015-08-22,Newcastle United,1476,1480,36.9,4
2811,2015-08-22,Norwich City,1500,1497,60.9,2
2811,2015-08-22,Stoke City,1484,1487,39.1,2
2812,2015-08-22,Sunderland,1454,1455,49.2,2
2812,2015-08-22,Swansea City,1520,1520,50.8,2
2813,2015-08-22,AFC Bournemouth,1469,1489,34.6,2
2813,2015-08-22,West Ham United,1519,1500,65.4,2
2814,2015-08-23,Everton,1521,1495,57.1,4
2814,2015-08-23,Manchester City,1531,1557,42.9,4
2815,2015-08-23,Southampton,1454,1459,35.5,4
2815,2015-08-23,Watford,1498,1494,64.5,2
2816,2015-08-23,Chelsea,1460,1478,39.9,5
2816,2015-08-23,West Bromwich Albion,1472,1454,60.1,2
2817,2015-08-24,Arsenal,1702,1692,82.1,40
2817,2015-08-24,Liverpool,1497,1507,17.9,6
2818,2015-08-29,AFC Bournemouth,1489,1488,52.5,3
2818,2015-08-29,Leicester City,1531,1532,47.5,5
2819,2015-08-29,Aston Villa,1460,1457,59.3,5
2819,2015-08-29,Sunderland,1455,1457,40.7,3
2820,2015-08-29,Chelsea,1478,1463,51.7,6
2820,2015-08-29,Crystal Palace,1526,1542,48.3,3
2821,2015-08-29,Liverpool,1507,1476,59.5,7
2821,2015-08-29,West Ham United,1500,1531,40.5,3
2822,2015-08-29,Manchester City,1557,1572,67.0,5
2822,2015-08-29,Watford,1494,1479,33.0,3
2823,2015-08-29,Arsenal,1692,1701,70.6,41
2823,2015-08-29,Newcastle United,1480,1471,29.4,5
2824,2015-08-29,Stoke City,1487,1468,63.1,3
2824,2015-08-29,West Bromwich Albion,1454,1473,36.9,3
2825,2015-08-29,Everton,1495,1497,42.4,5
2825,2015-08-29,Tottenham Hotspur,1488,1486,57.6,5
2826,2015-08-30,Norwich City,1497,1473,46.9,3
2826,2015-08-30,Southampton,1459,1483,53.1,5
2827,2015-08-30,Manchester United,1505,1493,39.4,8
2827,2015-08-30,Swansea City,1520,1532,60.6,3
2828,2015-09-12,Arsenal,1701,1708,84.4,42
2828,2015-09-12,Stoke City,1468,1461,15.6,4
2829,2015-09-12,Crystal Palace,1542,1526,54.3,4
2829,2015-09-12,Manchester City,1572,1588,45.7,6
2830,2015-09-12,Chelsea,1463,1446,36.8,7
2830,2015-09-12,Everton,1497,1514,63.2,6
2831,2015-09-12,Liverpool,1476,1458,39.0,8
2831,2015-09-12,Manchester United,1493,1511,61.0,9
2832,2015-09-12,AFC Bournemouth,1488,1468,43.6,4
2832,2015-09-12,Norwich City,1473,1492,56.4,4
2833,2015-09-12,Swansea City,1532,1517,48.9,4
2833,2015-09-12,Watford,1479,1494,51.1,4
2834,2015-09-12,Southampton,1483,1485,42.9,6
2834,2015-09-12,West Bromwich Albion,1473,1471,57.1,4
2835,2015-09-13,Aston Villa,1457,1448,31.6,6
2835,2015-09-13,Leicester City,1532,1541,68.4,6
2836,2015-09-13,Sunderland,1457,1441,54.5,4
2836,2015-09-13,Tottenham Hotspur,1486,1502,45.5,6
2837,2015-09-14,Newcastle United,1471,1456,33.4,6
2837,2015-09-14,West Ham United,1531,1546,66.6,4
2838,2015-09-19,AFC Bournemouth,1468,1485,62.3,5
2838,2015-09-19,Sunderland,1441,1424,37.7,5
2839,2015-09-19,Aston Villa,1448,1431,55.4,7
2839,2015-09-19,West Bromwich Albion,1471,1487,44.6,5
2840,2015-09-19,Arsenal,1708,1674,76.2,43
2840,2015-09-19,Chelsea,1446,1481,23.8,8
2841,2015-09-19,Manchester City,1588,1569,64.3,7
2841,2015-09-19,West Ham United,1546,1565,35.7,5
2842,2015-09-19,Newcastle United,1456,1440,53.2,7
2842,2015-09-19,Watford,1494,1510,46.8,5
2843,2015-09-19,Leicester City,1541,1540,52.9,7
2843,2015-09-19,Stoke City,1461,1462,47.1,5
2844,2015-09-19,Everton,1514,1516,41.0,7
2844,2015-09-19,Swansea City,1517,1514,59.0,5
2845,2015-09-20,Liverpool,1458,1457,53.7,9
2845,2015-09-20,Norwich City,1492,1493,46.3,5
2846,2015-09-20,Manchester United,1511,1527,45.1,10
2846,2015-09-20,Southampton,1485,1469,54.9,7
2847,2015-09-20,Crystal Palace,1526,1512,44.7,5
2847,2015-09-20,Tottenham Hotspur,1502,1516,55.3,7
2848,2015-09-26,Arsenal,1674,1695,60.4,44
2848,2015-09-26,Leicester City,1540,1520,39.6,8
2849,2015-09-26,Aston Villa,1431,1420,37.9,8
2849,2015-09-26,Liverpool,1457,1468,62.1,10
2850,2015-09-26,Manchester United,1527,1542,71.9,11
2850,2015-09-26,Sunderland,1424,1409,28.1,6
2851,2015-09-26,Chelsea,1481,1481,47.2,9
2851,2015-09-26,Newcastle United,1440,1440,52.8,8
2852,2015-09-26,Southampton,1469,1490,52.1,8
2852,2015-09-26,Swansea City,1514,1493,47.9,6
2853,2015-09-26,AFC Bournemouth,1485,1472,44.7,6
2853,2015-09-26,Stoke City,1462,1475,55.3,6
2854,2015-09-26,Manchester City,1569,1543,49.0,8
2854,2015-09-26,Tottenham Hotspur,1516,1541,51.0,8
2855,2015-09-26,Norwich City,1493,1499,31.9,6
2855,2015-09-26,West Ham United,1565,1560,68.1,6
2856,2015-09-27,Crystal Palace,1512,1530,41.8,6
2856,2015-09-27,Watford,1510,1492,58.2,6
2857,2015-09-28,Everton,1516,1533,45.6,8
2857,2015-09-28,West Bromwich Albion,1487,1471,54.4,6
2858,2015-10-03,AFC Bournemouth,1472,1470,55.7,7
2858,2015-10-03,Watford,1492,1494,44.3,7
2859,2015-10-03,Aston Villa,1420,1405,50.7,9
2859,2015-10-03,Stoke City,1475,1491,49.3,7
2860,2015-10-03,Chelsea,1481,1456,57.3,10
2860,2015-10-03,Southampton,1490,1516,42.7,9
2861,2015-10-03,Crystal Palace,1530,1545,66.5,7
2861,2015-10-03,West Bromwich Albion,1471,1456,33.5,7
2862,2015-10-03,Manchester City,1543,1560,71.9,9
2862,2015-10-03,Newcastle United,1440,1423,28.1,9
2863,2015-10-03,Leicester City,1520,1536,44.4,9
2863,2015-10-03,Norwich City,1499,1482,55.6,7
2864,2015-10-03,Sunderland,1409,1413,37.3,7
2864,2015-10-03,West Ham United,1560,1556,62.7,7
2865,2015-10-04,Arsenal,1695,1707,77.3,45
2865,2015-10-04,Manchester United,1542,1530,22.7,12
2866,2015-10-04,Everton,1533,1528,67.2,9
2866,2015-10-04,Liverpool,1468,1473,32.8,11
2867,2015-10-04,Swansea City,1493,1492,51.6,7
2867,2015-10-04,Tottenham Hotspur,1541,1542,48.4,9
2868,2015-10-17,Aston Villa,1405,1389,34.6,10
2868,2015-10-17,Chelsea,1456,1471,65.4,11
2869,2015-10-17,Crystal Palace,1545,1519,56.9,8
2869,2015-10-17,West Ham United,1556,1582,43.1,8
2870,2015-10-17,Everton,1528,1497,58.2,10
2870,2015-10-17,Manchester United,1530,1561,41.8,13
2871,2015-10-17,AFC Bournemouth,1470,1453,29.7,8
2871,2015-10-17,Manchester City,1560,1577,70.3,10
2872,2015-10-17,Leicester City,1536,1538,44.3,10
2872,2015-10-17,Southampton,1516,1515,55.7,10
2873,2015-10-17,Liverpool,1473,1479,32.3,12
2873,2015-10-17,Tottenham Hotspur,1542,1537,67.7,10
2874,2015-10-17,Arsenal,1707,1722,70.7,46
2874,2015-10-17,Watford,1494,1479,29.3,8
2875,2015-10-17,Sunderland,1413,1403,35.7,8
2875,2015-10-17,West Bromwich Albion,1456,1466,64.3,8
2876,2015-10-18,Newcastle United,1423,1451,50.1,10
2876,2015-10-18,Norwich City,1482,1454,49.9,8
2877,2015-10-19,Stoke City,1491,1508,41.2,8
2877,2015-10-19,Swansea City,1492,1475,58.8,8
2878,2015-10-24,Arsenal,1722,1727,83.8,47
2878,2015-10-24,Everton,1497,1492,16.2,11
2879,2015-10-24,Aston Villa,1389,1375,46.4,11
2879,2015-10-24,Swansea City,1475,1488,53.6,9
2880,2015-10-24,Crystal Palace,1519,1507,38.8,9
2880,2015-10-24,Leicester City,1538,1550,61.2,11
2881,2015-10-24,Norwich City,1454,1437,56.8,9
2881,2015-10-24,West Bromwich Albion,1466,1483,43.2,9
2882,2015-10-24,Stoke City,1508,1480,62.6,9
2882,2015-10-24,Watford,1479,1507,37.4,9
2883,2015-10-24,Chelsea,1471,1463,27.3,12
2883,2015-10-24,West Ham United,1582,1590,72.7,9
2884,2015-10-25,AFC Bournemouth,1453,1427,46.7,9
2884,2015-10-25,Tottenham Hotspur,1537,1563,53.3,11
2885,2015-10-25,Liverpool,1479,1478,53.5,13
2885,2015-10-25,Southampton,1515,1516,46.5,11
2886,2015-10-25,Manchester City,1577,1578,43.7,11
2886,2015-10-25,Manchester United,1561,1559,56.3,14
2887,2015-10-25,Newcastle United,1451,1425,48.3,11
2887,2015-10-25,Sunderland,1403,1428,51.7,9
2888,2015-10-31,Chelsea,1463,1438,56.5,13
2888,2015-10-31,Liverpool,1478,1503,43.5,14
2889,2015-10-31,Crystal Palace,1507,1507,51.2,10
2889,2015-10-31,Manchester United,1559,1559,48.8,15
2890,2015-10-31,Manchester City,1578,1586,76.1,12
2890,2015-10-31,Norwich City,1437,1430,23.9,10
2891,2015-10-31,Newcastle United,1425,1425,50.8,12
2891,2015-10-31,Stoke City,1480,1480,49.2,10
2892,2015-10-31,Arsenal,1727,1741,73.6,48
2892,2015-10-31,Swansea City,1488,1475,26.4,10
2893,2015-10-31,Watford,1507,1531,46.7,10
2893,2015-10-31,West Ham United,1590,1566,53.3,10
2894,2015-10-31,Leicester City,1550,1564,50.9,12
2894,2015-10-31,West Bromwich Albion,1483,1469,49.1,10
2895,2015-11-01,Everton,1492,1511,67.2,12
2895,2015-11-01,Sunderland,1428,1409,32.8,10
2896,2015-11-01,AFC Bournemouth,1427,1414,29.8,10
2896,2015-11-01,Southampton,1516,1529,70.2,12
2897,2015-11-02,Aston Villa,1375,1367,19.4,12
2897,2015-11-02,Tottenham Hotspur,1563,1572,80.6,12
2898,2015-11-07,AFC Bournemouth,1414,1397,56.9,11
2898,2015-11-07,Newcastle United,1425,1442,43.1,13
2899,2015-11-07,Leicester City,1564,1575,63.2,13
2899,2015-11-07,Watford,1531,1520,36.8,11
2900,2015-11-07,Manchester United,1559,1573,70.4,16
2900,2015-11-07,West Bromwich Albion,1469,1455,29.6,11
2901,2015-11-07,Norwich City,1430,1444,52.2,11
2901,2015-11-07,Swansea City,1475,1460,47.8,11
2902,2015-11-07,Chelsea,1438,1427,35.6,14
2902,2015-11-07,Stoke City,1480,1491,64.4,11
2903,2015-11-07,Southampton,1529,1541,58.5,13
2903,2015-11-07,Sunderland,1409,1397,41.5,11
2904,2015-11-07,Everton,1511,1515,34.0,13
2904,2015-11-07,West Ham United,1566,1561,66.0,11
2905,2015-11-08,Arsenal,1741,1732,78.9,49
2905,2015-11-08,Tottenham Hotspur,1572,1580,21.1,13
2906,2015-11-08,Aston Villa,1367,1373,28.6,13
2906,2015-11-08,Manchester City,1586,1579,71.4,13
2907,2015-11-08,Crystal Palace,1507,1524,42.0,11
2907,2015-11-08,Liverpool,1503,1486,58.0,15
2908,2015-11-21,Chelsea,1427,1440,56.1,15
2908,2015-11-21,Norwich City,1444,1431,43.9,12
2909,2015-11-21,Aston Villa,1373,1360,23.8,14
2909,2015-11-21,Everton,1515,1529,76.2,14
2910,2015-11-21,Liverpool,1486,1523,29.2,16
2910,2015-11-21,Manchester City,1579,1542,70.8,14
2911,2015-11-21,Leicester City,1575,1596,60.4,14
2911,2015-11-21,Newcastle United,1442,1421,39.6,14
2912,2015-11-21,Southampton,1541,1522,65.4,14
2912,2015-11-21,Stoke City,1491,1511,34.6,12
2913,2015-11-21,AFC Bournemouth,1397,1402,32.9,12
2913,2015-11-21,Swansea City,1460,1455,67.1,12
2914,2015-11-21,Manchester United,1573,1588,49.0,17
2914,2015-11-21,Watford,1520,1504,51.0,12
2915,2015-11-21,Arsenal,1732,1709,77.7,50
2915,2015-11-21,West Bromwich Albion,1455,1479,22.3,12
2916,2015-11-22,Tottenham Hotspur,1580,1601,61.2,14
2916,2015-11-22,West Ham United,1561,1541,38.8,12
2917,2015-11-23,Crystal Palace,1524,1502,74.6,12
2917,2015-11-23,Sunderland,1397,1419,25.4,12
2918,2015-11-28,AFC Bournemouth,1402,1405,40.5,13
2918,2015-11-28,Everton,1529,1526,59.5,15
2919,2015-11-28,Aston Villa,1360,1348,38.0,15
2919,2015-11-28,Watford,1504,1516,62.0,13
2920,2015-11-28,Crystal Palace,1502,1519,69.2,13
2920,2015-11-28,Newcastle United,1421,1404,30.8,15
2921,2015-11-28,Leicester City,1596,1593,59.7,15
2921,2015-11-28,Manchester United,1588,1591,40.3,18
2922,2015-11-28,Manchester City,1542,1559,61.3,15
2922,2015-11-28,Southampton,1522,1504,38.7,15
2923,2015-11-28,Stoke City,1511,1486,54.5,13
2923,2015-11-28,Sunderland,1419,1444,45.5,13
2924,2015-11-29,Liverpool,1523,1533,67.6,17
2924,2015-11-29,Swansea City,1455,1445,32.4,13
2925,2015-11-29,Arsenal,1709,1700,77.8,51
2925,2015-11-29,Norwich City,1431,1439,22.2,13
2926,2015-11-29,Chelsea,1440,1449,21.9,16
2926,2015-11-29,Tottenham Hotspur,1601,1592,78.1,15
2927,2015-11-29,West Bromwich Albion,1479,1484,33.1,13
2927,2015-11-29,West Ham United,1541,1536,66.9,13
2928,2015-12-05,Arsenal,1700,1707,86.1,52
2928,2015-12-05,Sunderland,1444,1438,13.9,14
2929,2015-12-05,AFC Bournemouth,1405,1424,35.5,14
2929,2015-12-05,Chelsea,1449,1429,64.5,17
2930,2015-12-05,Manchester United,1591,1586,66.0,19
2930,2015-12-05,West Ham United,1536,1540,34.0,14
2931,2015-12-05,Aston Villa,1348,1357,22.4,16
2931,2015-12-05,Southampton,1504,1496,77.6,16
2932,2015-12-05,Manchester City,1559,1536,51.9,16
2932,2015-12-05,Stoke City,1486,1509,48.1,14
2933,2015-12-05,Leicester City,1593,1613,62.4,16
2933,2015-12-05,Swansea City,1445,1426,37.6,14
2934,2015-12-05,Norwich City,1439,1425,31.3,14
2934,2015-12-05,Watford,1516,1530,68.7,14
2935,2015-12-05,Tottenham Hotspur,1592,1590,56.9,16
2935,2015-12-05,West Bromwich Albion,1484,1486,43.1,14
2936,2015-12-06,Liverpool,1533,1506,59.7,18
2936,2015-12-06,Newcastle United,1404,1431,40.3,16
2937,2015-12-07,Crystal Palace,1519,1522,40.5,14
2937,2015-12-07,Everton,1526,1523,59.5,16
2938,2015-12-12,AFC Bournemouth,1424,1443,35.7,15
2938,2015-12-12,Manchester United,1586,1567,64.3,20
2939,2015-12-12,Crystal Palace,1522,1534,62.1,15
2939,2015-12-12,Southampton,1496,1485,37.9,17
2940,2015-12-12,Manchester City,1536,1544,72.7,17
2940,2015-12-12,Swansea City,1426,1417,27.3,15
2941,2015-12-12,Everton,1523,1521,55.4,17
2941,2015-12-12,Norwich City,1425,1427,44.6,15
2942,2015-12-12,Sunderland,1438,1424,45.4,15
2942,2015-12-12,Watford,1530,1543,54.6,15
2943,2015-12-12,Stoke City,1509,1513,37.2,15
2943,2015-12-12,West Ham United,1540,1537,62.8,15
2944,2015-12-13,Arsenal,1707,1714,84.2,53
2944,2015-12-13,Aston Villa,1357,1349,15.8,17
2945,2015-12-13,Liverpool,1506,1502,61.3,19
2945,2015-12-13,West Bromwich Albion,1486,1489,38.7,15
2946,2015-12-13,Newcastle United,1431,1454,22.1,17
2946,2015-12-13,Tottenham Hotspur,1590,1567,77.9,17
2947,2015-12-14,Chelsea,1429,1423,19.7,18
2947,2015-12-14,Leicester City,1613,1619,80.3,17
2948,2015-12-19,Chelsea,1423,1442,58.4,19
2948,2015-12-19,Sunderland,1424,1405,41.6,16
2949,2015-12-19,Everton,1521,1508,44.6,18
2949,2015-12-19,Leicester City,1619,1632,55.4,18
2950,2015-12-19,Manchester United,1567,1544,76.0,21
2950,2015-12-19,Norwich City,1427,1450,24.0,16
2951,2015-12-19,Aston Villa,1349,1356,27.9,18
2951,2015-12-19,Newcastle United,1454,1448,72.1,18
2952,2015-12-19,Southampton,1485,1464,46.8,18
2952,2015-12-19,Tottenham Hotspur,1567,1588,53.2,18
2953,2015-12-19,Crystal Palace,1534,1550,44.3,16
2953,2015-12-19,Stoke City,1513,1497,55.7,16
2954,2015-12-19,AFC Bournemouth,1443,1463,35.2,16
2954,2015-12-19,West Bromwich Albion,1489,1470,64.8,16
2955,2015-12-20,Swansea City,1417,1420,41.6,16
2955,2015-12-20,West Ham United,1537,1534,58.4,16
2956,2015-12-20,Liverpool,1502,1484,35.8,20
2956,2015-12-20,Watford,1543,1562,64.2,16
2957,2015-12-21,Arsenal,1714,1720,78.9,54
2957,2015-12-21,Manchester City,1544,1538,21.1,18
2958,2015-12-26,AFC Bournemouth,1463,1464,46.0,17
2958,2015-12-26,Crystal Palace,1550,1549,54.0,17
2959,2015-12-26,Aston Villa,1356,1361,33.6,19
2959,2015-12-26,West Ham United,1534,1529,66.4,17
2960,2015-12-26,Chelsea,1442,1445,41.4,20
2960,2015-12-26,Watford,1562,1560,58.6,17
2961,2015-12-26,Leicester City,1632,1614,62.5,19
2961,2015-12-26,Liverpool,1484,1502,37.5,21
2962,2015-12-26,Manchester City,1538,1551,75.2,19
2962,2015-12-26,Sunderland,1405,1392,24.8,17
2963,2015-12-26,Everton,1508,1523,50.1,19
2963,2015-12-26,Newcastle United,1448,1433,49.9,19
2964,2015-12-26,Arsenal,1720,1678,75.6,55
2964,2015-12-26,Southampton,1464,1506,24.4,19
2965,2015-12-26,Manchester United,1544,1522,48.2,22
2965,2015-12-26,Stoke City,1497,1518,51.8,17
2966,2015-12-26,Swansea City,1420,1435,51.5,17
2966,2015-12-26,West Bromwich Albion,1470,1455,48.5,17
2967,2015-12-26,Norwich City,1450,1437,24.2,17
2967,2015-12-26,Tottenham Hotspur,1588,1601,75.8,19
2968,2015-12-28,AFC Bournemouth,1464,1456,17.1,18
2968,2015-12-28,Arsenal,1678,1685,82.9,56
2969,2015-12-28,Crystal Palace,1549,1542,73.2,18
2969,2015-12-28,Swansea City,1435,1442,26.8,18
2970,2015-12-28,Everton,1523,1505,59.2,20
2970,2015-12-28,Stoke City,1518,1536,40.8,18
2971,2015-12-28,Chelsea,1445,1450,31.2,21
2971,2015-12-28,Manchester United,1522,1517,68.8,23
2972,2015-12-28,Aston Villa,1361,1347,31.4,20
2972,2015-12-28,Norwich City,1437,1451,68.6,18
2973,2015-12-28,Tottenham Hotspur,1601,1616,47.2,20
2973,2015-12-28,Watford,1560,1544,52.8,18
2974,2015-12-28,Newcastle United,1433,1421,38.3,20
2974,2015-12-28,West Bromwich Albion,1455,1467,61.7,18
2975,2015-12-28,Southampton,1506,1495,38.3,20
2975,2015-12-28,West Ham United,1529,1541,61.7,18
2976,2015-12-29,Leicester City,1614,1609,67.0,20
2976,2015-12-29,Manchester City,1551,1556,33.0,20
2977,2015-12-30,Liverpool,1502,1515,57.1,22
2977,2015-12-30,Sunderland,1392,1379,42.9,18
2978,2016-01-02,Arsenal,1685,1689,86.6,57
2978,2016-01-02,Newcastle United,1421,1417,13.4,21
2979,2016-01-02,AFC Bournemouth,1456,1464,22.7,19
2979,2016-01-02,Leicester City,1609,1600,77.3,21
2980,2016-01-02,Manchester United,1517,1526,68.5,24
2980,2016-01-02,Swansea City,1442,1432,31.5,19
2981,2016-01-02,Norwich City,1451,1465,52.3,19
2981,2016-01-02,Southampton,1495,1480,47.7,21
2982,2016-01-02,Aston Villa,1347,1330,37.0,21
2982,2016-01-02,Sunderland,1379,1396,63.0,19
2983,2016-01-02,Manchester City,1556,1573,43.2,21
2983,2016-01-02,Watford,1544,1527,56.8,19
2984,2016-01-02,Stoke City,1536,1521,51.3,19
2984,2016-01-02,West Bromwich Albion,1467,1482,48.7,19
2985,2016-01-02,Liverpool,1515,1498,37.9,23
2985,2016-01-02,West Ham United,1541,1558,62.1,19
2986,2016-01-03,Chelsea,1450,1487,29.4,22
2986,2016-01-03,Crystal Palace,1542,1505,70.6,19
2987,2016-01-03,Everton,1505,1508,42.7,21
2987,2016-01-03,Tottenham Hotspur,1616,1614,57.3,21
2988,2016-01-12,AFC Bournemouth,1464,1444,45.2,20
2988,2016-01-12,West Ham United,1558,1578,54.8,20
2989,2016-01-12,Aston Villa,1330,1350,34.0,22
2989,2016-01-12,Crystal Palace,1505,1485,66.0,20
2990,2016-01-12,Manchester United,1526,1524,57.0,25
2990,2016-01-12,Newcastle United,1417,1419,43.0,22
2991,2016-01-13,Chelsea,1487,1484,59.3,23
2991,2016-01-13,West Bromwich Albion,1482,1485,40.7,20
2992,2016-01-13,Arsenal,1689,1684,68.0,58
2992,2016-01-13,Liverpool,1498,1503,32.0,24
2993,2016-01-13,Everton,1508,1513,32.7,22
2993,2016-01-13,Manchester City,1573,1568,67.3,22
2994,2016-01-13,Southampton,1480,1502,52.0,22
2994,2016-01-13,Watford,1527,1505,48.0,20
2995,2016-01-13,Norwich City,1465,1450,34.0,20
2995,2016-01-13,Stoke City,1521,1536,66.0,20
2996,2016-01-13,Sunderland,1396,1425,36.5,20
2996,2016-01-13,Swansea City,1432,1404,63.5,20
2997,2016-01-13,Leicester City,1600,1619,39.5,22
2997,2016-01-13,Tottenham Hotspur,1614,1596,60.5,22
2998,2016-01-16,AFC Bournemouth,1444,1466,57.7,21
2998,2016-01-16,Norwich City,1450,1428,42.3,21
2999,2016-01-16,Aston Villa,1350,1358,23.1,23
2999,2016-01-16,Leicester City,1619,1610,76.9,23
3000,2016-01-16,Chelsea,1484,1483,54.6,24
3000,2016-01-16,Everton,1513,1514,45.4,23
3001,2016-01-16,Crystal Palace,1485,1468,30.6,21
3001,2016-01-16,Manchester City,1568,1585,69.4,23
3002,2016-01-16,Newcastle United,1419,1438,36.2,23
3002,2016-01-16,West Ham United,1578,1559,63.8,21
3003,2016-01-16,Southampton,1502,1523,60.9,23
3003,2016-01-16,West Bromwich Albion,1485,1464,39.1,21
3004,2016-01-16,Sunderland,1425,1414,20.9,21
3004,2016-01-16,Tottenham Hotspur,1596,1607,79.1,23
3005,2016-01-17,Liverpool,1503,1487,55.7,25
3005,2016-01-17,Manchester United,1524,1541,44.3,26
3006,2016-01-17,Arsenal,1684,1680,62.4,59
3006,2016-01-17,Stoke City,1536,1540,37.6,21
3007,2016-01-18,Swansea City,1404,1420,44.0,21
3007,2016-01-18,Watford,1505,1488,56.0,21
3008,2016-01-23,Crystal Palace,1468,1451,38.8,22
3008,2016-01-23,Tottenham Hotspur,1607,1624,61.2,24
3009,2016-01-23,Leicester City,1610,1627,68.0,24
3009,2016-01-23,Stoke City,1540,1523,32.0,22
3010,2016-01-23,Manchester United,1541,1522,61.0,27
3010,2016-01-23,Southampton,1523,1541,39.0,24
3011,2016-01-23,Liverpool,1487,1502,49.8,26
3011,2016-01-23,Norwich City,1428,1413,50.2,22
3012,2016-01-23,AFC Bournemouth,1466,1466,48.9,22
3012,2016-01-23,Sunderland,1414,1413,51.1,22
3013,2016-01-23,Newcastle United,1438,1428,34.7,24
3013,2016-01-23,Watford,1488,1499,65.3,22
3014,2016-01-23,Aston Villa,1358,1365,27.7,24
3014,2016-01-23,West Bromwich Albion,1464,1458,72.3,22
3015,2016-01-23,Manchester City,1585,1587,45.1,24
3015,2016-01-23,West Ham United,1559,1557,54.9,22
3016,2016-01-24,Arsenal,1680,1656,81.5,60
3016,2016-01-24,Chelsea,1483,1508,18.5,25
3017,2016-01-24,Everton,1514,1493,70.8,24
3017,2016-01-24,Swansea City,1420,1442,29.2,22
3018,2016-02-02,Arsenal,1656,1649,73.2,61
3018,2016-02-02,Southampton,1541,1548,26.8,25
3019,2016-02-02,AFC Bournemouth,1466,1483,43.7,23
3019,2016-02-02,Crystal Palace,1451,1434,56.3,23
3020,2016-02-02,Leicester City,1627,1639,74.4,25
3020,2016-02-02,Liverpool,1502,1490,25.6,27
3021,2016-02-02,Manchester United,1522,1544,58.5,28
3021,2016-02-02,Stoke City,1523,1501,41.5,23
3022,2016-02-02,Norwich City,1413,1397,29.5,23
3022,2016-02-02,Tottenham Hotspur,1624,1640,70.5,25
3023,2016-02-02,Manchester City,1587,1597,65.7,25
3023,2016-02-02,Sunderland,1413,1403,34.3,23
3024,2016-02-02,Swansea City,1442,1445,39.2,23
3024,2016-02-02,West Bromwich Albion,1458,1455,60.8,23
3025,2016-02-02,Aston Villa,1365,1356,18.9,25
3025,2016-02-02,West Ham United,1557,1566,81.1,23
3026,2016-02-03,Everton,1493,1510,67.2,25
3026,2016-02-03,Newcastle United,1428,1411,32.8,25
3027,2016-02-03,Chelsea,1508,1510,42.7,26
3027,2016-02-03,Watford,1499,1497,57.3,23
3028,2016-02-06,Aston Villa,1356,1377,52.7,26
3028,2016-02-06,Norwich City,1397,1376,47.3,24
3029,2016-02-06,Liverpool,1490,1484,70.0,28
3029,2016-02-06,Sunderland,1403,1409,30.0,24
3030,2016-02-06,Leicester City,1639,1662,47.4,26
3030,2016-02-06,Manchester City,1597,1573,52.6,26
3031,2016-02-06,Newcastle United,1411,1425,52.4,26
3031,2016-02-06,West Bromwich Albion,1455,1440,47.6,24
3032,2016-02-06,Southampton,1548,1561,56.0,26
3032,2016-02-06,West Ham United,1566,1553,44.0,24
3033,2016-02-06,Everton,1510,1540,42.7,26
3033,2016-02-06,Stoke City,1501,1471,57.3,24
3034,2016-02-06,Crystal Palace,1434,1437,39.9,24
3034,2016-02-06,Swansea City,1445,1442,60.1,24
3035,2016-02-06,Tottenham Hotspur,1640,1647,76.3,26
3035,2016-02-06,Watford,1497,1490,23.7,24
3036,2016-02-07,AFC Bournemouth,1483,1468,35.3,24
3036,2016-02-07,Arsenal,1649,1665,64.7,62
3037,2016-02-07,Chelsea,1510,1509,53.7,27
3037,2016-02-07,Manchester United,1544,1545,46.3,29
3038,2016-02-13,AFC Bournemouth,1468,1441,58.1,25
3038,2016-02-13,Stoke City,1471,1497,41.9,25
3039,2016-02-13,Chelsea,1509,1526,69.5,28
3039,2016-02-13,Newcastle United,1425,1408,30.5,27
3040,2016-02-13,Crystal Palace,1437,1421,51.0,25
3040,2016-02-13,Watford,1490,1505,49.0,25
3041,2016-02-13,Everton,1540,1519,71.5,27
3041,2016-02-13,West Bromwich Albion,1440,1462,28.5,25
3042,2016-02-13,Norwich City,1376,1381,33.8,25
3042,2016-02-13,West Ham United,1553,1548,66.2,25
3043,2016-02-13,Manchester United,1545,1527,60.8,30
3043,2016-02-13,Sunderland,1409,1427,39.2,25
3044,2016-02-13,Southampton,1561,1574,58.5,27
3044,2016-02-13,Swansea City,1442,1429,41.5,25
3045,2016-02-14,Arsenal,1665,1677,58.9,63
3045,2016-02-14,Leicester City,1662,1650,41.1,27
3046,2016-02-14,Aston Villa,1377,1350,43.3,27
3046,2016-02-14,Liverpool,1484,1512,56.7,29
3047,2016-02-14,Manchester City,1573,1559,48.0,27
3047,2016-02-14,Tottenham Hotspur,1647,1661,52.0,27
3048,2016-02-27,Leicester City,1650,1654,86.9,28
3048,2016-02-27,Norwich City,1381,1377,13.1,26
3049,2016-02-27,Chelsea,1526,1545,35.0,29
3049,2016-02-27,Southampton,1574,1554,65.0,28
3050,2016-02-27,Aston Villa,1350,1343,23.3,28
3050,2016-02-27,Stoke City,1497,1504,76.7,26
3051,2016-02-27,AFC Bournemouth,1441,1447,32.9,26
3051,2016-02-27,Watford,1505,1500,67.1,26
3052,2016-02-27,Crystal Palace,1421,1411,36.0,26
3052,2016-02-27,West Bromwich Albion,1462,1472,64.0,26
3053,2016-02-27,Sunderland,1427,1419,26.1,26
3053,2016-02-27,West Ham United,1548,1556,73.9,26
3054,2016-02-28,Arsenal,1677,1658,62.7,64
3054,2016-02-28,Manchester United,1527,1546,37.3,31
3055,2016-02-28,Swansea City,1429,1425,15.7,26
3055,2016-02-28,Tottenham Hotspur,1661,1666,84.3,28
3056,2016-03-01,AFC Bournemouth,1447,1472,43.2,27
3056,2016-03-01,Southampton,1554,1528,56.8,29
3057,2016-03-01,Aston Villa,1343,1328,33.9,29
3057,2016-03-01,Everton,1519,1534,66.1,28
3058,2016-03-01,Leicester City,1654,1645,80.1,29
3058,2016-03-01,West Bromwich Albion,1472,1481,19.9,27
3059,2016-03-01,Chelsea,1545,1556,65.1,30
3059,2016-03-01,Norwich City,1377,1367,34.9,27
3060,2016-03-01,Crystal Palace,1411,1414,40.2,27
3060,2016-03-01,Sunderland,1419,1417,59.8,27
3061,2016-03-02,Arsenal,1658,1633,84.4,65
3061,2016-03-02,Swansea City,1425,1450,15.6,27
3062,2016-03-02,Liverpool,1512,1537,51.9,30
3062,2016-03-02,Manchester City,1559,1534,48.1,28
3063,2016-03-02,Manchester United,1546,1556,64.8,32
3063,2016-03-02,Watford,1500,1489,35.2,27
3064,2016-03-02,Newcastle United,1408,1399,28.9,28
3064,2016-03-02,Stoke City,1504,1513,71.1,27
3065,2016-03-02,Tottenham Hotspur,1666,1649,57.2,29
3065,2016-03-02,West Ham United,1556,1573,42.8,27
3066,2016-03-05,Chelsea,1556,1551,64.4,31
3066,2016-03-05,Stoke City,1513,1517,35.6,28
3067,2016-03-05,Everton,1534,1518,53.0,29
3067,2016-03-05,West Ham United,1573,1589,47.0,28
3068,2016-03-05,Aston Villa,1328,1318,17.8,30
3068,2016-03-05,Manchester City,1534,1544,82.2,29
3069,2016-03-05,AFC Bournemouth,1472,1494,51.8,28
3069,2016-03-05,Newcastle United,1399,1378,48.2,29
3070,2016-03-05,Southampton,1528,1522,72.9,30
3070,2016-03-05,Sunderland,1417,1423,27.1,28
3071,2016-03-05,Norwich City,1367,1357,30.5,28
3071,2016-03-05,Swansea City,1450,1459,69.5,28
3072,2016-03-05,Arsenal,1633,1636,39.2,66
3072,2016-03-05,Tottenham Hotspur,1649,1646,60.8,30
3073,2016-03-05,Leicester City,1645,1656,63.5,30
3073,2016-03-05,Watford,1489,1478,36.5,28
3074,2016-03-06,Crystal Palace,1414,1401,41.0,28
3074,2016-03-06,Liverpool,1537,1549,59.0,31
3075,2016-03-06,Manchester United,1556,1541,52.1,33
3075,2016-03-06,West Bromwich Albion,1481,1497,47.9,28
3076,2016-03-12,AFC Bournemouth,1494,1505,63.3,29
3076,2016-03-12,Swansea City,1459,1448,36.7,29
3077,2016-03-12,Manchester City,1544,1538,67.4,30
3077,2016-03-12,Norwich City,1357,1363,32.6,29
3078,2016-03-12,Southampton,1522,1539,42.1,31
3078,2016-03-12,Stoke City,1517,1500,57.9,29
3079,2016-03-13,Aston Villa,1318,1310,17.6,31
3079,2016-03-13,Tottenham Hotspur,1646,1654,82.4,31
3080,2016-03-14,Leicester City,1656,1660,87.5,31
3080,2016-03-14,Newcastle United,1378,1374,12.5,30
3081,2016-03-19,Chelsea,1551,1550,53.2,32
3081,2016-03-19,West Ham United,1589,1590,46.8,29
3082,2016-03-19,Crystal Palace,1401,1394,24.2,29
3082,2016-03-19,Leicester City,1660,1667,75.8,32
3083,2016-03-19,Arsenal,1636,1655,58.3,67
3083,2016-03-19,Everton,1518,1499,41.7,30
3084,2016-03-19,Aston Villa,1310,1302,24.2,32
3084,2016-03-19,Swansea City,1448,1455,75.8,30
3085,2016-03-19,Stoke City,1500,1516,44.5,30
3085,2016-03-19,Watford,1478,1462,55.5,29
3086,2016-03-19,Norwich City,1363,1385,24.6,30
3086,2016-03-19,West Bromwich Albion,1497,1474,75.4,29
3087,2016-03-20,Manchester City,1538,1521,58.2,31
3087,2016-03-20,Manchester United,1541,1558,41.8,34
3088,2016-03-20,Newcastle United,1374,1373,51.5,31
3088,2016-03-20,Sunderland,1423,1424,48.5,29
3089,2016-03-20,Liverpool,1549,1537,42.9,32
3089,2016-03-20,Southampton,1539,1552,57.1,32
3090,2016-03-20,AFC Bournemouth,1505,1493,23.1,30
3090,2016-03-20,Tottenham Hotspur,1654,1666,76.9,32
3091,2016-04-02,AFC Bournemouth,1493,1462,54.6,31
3091,2016-04-02,Manchester City,1521,1552,45.4,32
3092,2016-04-02,Arsenal,1655,1666,81.1,68
3092,2016-04-02,Watford,1462,1451,18.9,30
3093,2016-04-02,Aston Villa,1302,1288,25.3,33
3093,2016-04-02,Chelsea,1550,1565,74.7,33
3094,2016-04-02,Liverpool,1537,1540,40.2,33
3094,2016-04-02,Tottenham Hotspur,1666,1663,59.8,33
3095,2016-04-02,Newcastle United,1373,1362,39.8,32
3095,2016-04-02,Norwich City,1385,1397,60.2,31
3096,2016-04-02,Stoke City,1516,1511,66.7,31
3096,2016-04-02,Swansea City,1455,1460,33.3,31
3097,2016-04-02,Sunderland,1424,1423,51.3,30
3097,2016-04-02,West Bromwich Albion,1474,1475,48.7,30
3098,2016-04-02,Crystal Palace,1394,1403,18.7,30
3098,2016-04-02,West Ham United,1590,1580,81.3,30
3099,2016-04-03,Leicester City,1667,1675,73.3,33
3099,2016-04-03,Southampton,1552,1544,26.7,33
3100,2016-04-03,Everton,1499,1489,33.5,31
3100,2016-04-03,Manchester United,1558,1568,66.5,35
3101,2016-04-09,AFC Bournemouth,1462,1472,65.8,32
3101,2016-04-09,Aston Villa,1288,1278,34.2,34
3102,2016-04-09,Crystal Palace,1403,1416,59.4,31
3102,2016-04-09,Norwich City,1397,1385,40.6,32
3103,2016-04-09,Manchester City,1552,1561,68.7,33
3103,2016-04-09,West Bromwich Albion,1475,1466,31.3,31
3104,2016-04-09,Newcastle United,1362,1353,19.9,33
3104,2016-04-09,Southampton,1544,1553,80.1,34
3105,2016-04-09,Chelsea,1565,1548,56.3,34
3105,2016-04-09,Swansea City,1460,1477,43.7,32
3106,2016-04-09,Everton,1489,1490,46.9,32
3106,2016-04-09,Watford,1451,1450,53.1,31
3107,2016-04-09,Arsenal,1666,1664,53.6,69
3107,2016-04-09,West Ham United,1580,1581,46.4,31
3108,2016-04-10,Liverpool,1540,1559,62.4,34
3108,2016-04-10,Stoke City,1511,1492,37.6,32
3109,2016-04-10,Leicester City,1675,1686,75.1,34
3109,2016-04-10,Sunderland,1423,1412,24.9,31
3110,2016-04-10,Manchester United,1568,1553,29.1,36
3110,2016-04-10,Tottenham Hotspur,1663,1678,70.9,34
3111,2016-04-13,Crystal Palace,1416,1416,47.9,32
3111,2016-04-13,Everton,1490,1490,52.1,33
3112,2016-04-16,Chelsea,1548,1518,56.7,35
3112,2016-04-16,Manchester City,1561,1591,43.3,34
3113,2016-04-16,Everton,1490,1490,49.5,34
3113,2016-04-16,Southampton,1553,1553,50.5,35
3114,2016-04-16,Aston Villa,1278,1274,12.7,35
3114,2016-04-16,Manchester United,1553,1557,87.3,37
3115,2016-04-16,Newcastle United,1353,1384,40.8,34
3115,2016-04-16,Swansea City,1477,1446,59.2,33
3116,2016-04-16,Norwich City,1385,1356,54.7,33
3116,2016-04-16,Sunderland,1412,1441,45.3,32
3117,2016-04-16,Watford,1450,1468,39.3,32
3117,2016-04-16,West Bromwich Albion,1466,1447,60.7,32
3118,2016-04-17,AFC Bournemouth,1472,1458,46.1,33
3118,2016-04-17,Liverpool,1559,1573,53.9,35
3119,2016-04-17,Arsenal,1664,1654,85.5,70
3119,2016-04-17,Crystal Palace,1416,1427,14.5,33
3120,2016-04-17,Leicester City,1686,1680,72.1,35
3120,2016-04-17,West Ham United,1581,1588,27.9,32
3121,2016-04-18,Stoke City,1492,1473,32.6,33
3121,2016-04-18,Tottenham Hotspur,1678,1696,67.4,35
3122,2016-04-19,Manchester City,1591,1585,70.0,35
3122,2016-04-19,Newcastle United,1384,1390,30.0,35
3123,2016-04-20,Everton,1490,1473,30.5,35
3123,2016-04-20,Liverpool,1573,1590,69.5,36
3124,2016-04-20,Crystal Palace,1427,1416,25.1,34
3124,2016-04-20,Manchester United,1557,1568,74.9,38
3125,2016-04-20,Watford,1468,1456,26.2,33
3125,2016-04-20,West Ham United,1588,1600,73.8,33
3126,2016-04-21,Arsenal,1654,1662,82.3,71
3126,2016-04-21,West Bromwich Albion,1447,1439,17.7,33
3127,2016-04-23,AFC Bournemouth,1458,1432,50.0,34
3127,2016-04-23,Chelsea,1518,1544,50.0,36
3128,2016-04-23,Aston Villa,1274,1264,22.1,36
3128,2016-04-23,Southampton,1553,1563,77.9,36
3129,2016-04-23,Liverpool,1590,1581,81.8,37
3129,2016-04-23,Newcastle United,1390,1399,18.2,36
3130,2016-04-23,Manchester City,1585,1600,72.8,36
3130,2016-04-23,Stoke City,1473,1458,27.2,34
3131,2016-04-24,Leicester City,1680,1688,84.4,36
3131,2016-04-24,Swansea City,1446,1437,15.6,34
3132,2016-04-24,Arsenal,1662,1655,71.6,72
3132,2016-04-24,Sunderland,1441,1447,28.4,33
3133,2016-04-25,Tottenham Hotspur,1696,1686,86.1,36
3133,2016-04-25,West Bromwich Albion,1439,1450,13.9,34
3134,2016-04-30,Arsenal,1655,1659,88.8,73
3134,2016-04-30,Norwich City,1356,1353,11.2,34
3135,2016-04-30,AFC Bournemouth,1432,1421,35.9,35
3135,2016-04-30,Everton,1473,1483,64.1,36
3136,2016-04-30,Crystal Palace,1416,1402,43.8,35
3136,2016-04-30,Newcastle United,1399,1412,56.2,37
3137,2016-04-30,Stoke City,1458,1455,60.0,35
3137,2016-04-30,Sunderland,1447,1450,40.0,34
3138,2016-04-30,Aston Villa,1264,1258,19.0,37
3138,2016-04-30,Watford,1456,1462,81.0,34
3139,2016-04-30,West Bromwich Albion,1450,1431,37.4,35
3139,2016-04-30,West Ham United,1600,1620,62.6,34
3140,2016-05-01,Leicester City,1688,1686,58.6,37
3140,2016-05-01,Manchester United,1568,1571,41.4,39
3141,2016-05-01,Manchester City,1600,1579,46.7,37
3141,2016-05-01,Southampton,1563,1584,53.3,37
3142,2016-05-01,Liverpool,1581,1553,61.8,38
3142,2016-05-01,Swansea City,1437,1465,38.2,35
3143,2016-05-02,Chelsea,1544,1548,38.5,37
3143,2016-05-02,Tottenham Hotspur,1686,1682,61.5,37
3144,2016-05-07,AFC Bournemouth,1421,1419,57.3,36
3144,2016-05-07,West Bromwich Albion,1431,1433,42.7,36
3145,2016-05-07,Aston Villa,1258,1262,36.8,38
3145,2016-05-07,Newcastle United,1412,1408,63.2,38
3146,2016-05-07,Crystal Palace,1402,1417,51.1,36
3146,2016-05-07,Stoke City,1455,1440,48.9,36
3147,2016-05-07,Everton,1483,1475,18.1,37
3147,2016-05-07,Leicester City,1686,1694,81.9,38
3148,2016-05-07,Manchester United,1571,1579,71.3,40
3148,2016-05-07,Norwich City,1353,1344,28.7,35
3149,2016-05-07,Chelsea,1548,1531,55.3,38
3149,2016-05-07,Sunderland,1450,1467,44.7,35
3150,2016-05-07,Swansea City,1465,1506,22.6,36
3150,2016-05-07,West Ham United,1620,1579,77.4,35
3151,2016-05-08,Liverpool,1553,1566,70.4,39
3151,2016-05-08,Watford,1462,1449,29.6,35
3152,2016-05-08,Arsenal,1659,1658,52.8,74
3152,2016-05-08,Manchester City,1579,1580,47.2,38
3153,2016-05-08,Southampton,1584,1605,28.6,38
3153,2016-05-08,Tottenham Hotspur,1682,1661,71.4,38
3154,2016-05-10,Manchester United,1579,1567,41.5,41
3154,2016-05-10,West Ham United,1579,1591,58.5,36
3155,2016-05-11,Chelsea,1531,1535,36.7,39
3155,2016-05-11,Liverpool,1566,1562,63.3,40
3156,2016-05-11,Norwich City,1344,1370,43.6,36
3156,2016-05-11,Watford,1449,1423,56.4,36
3157,2016-05-11,Everton,1475,1453,42.6,38
3157,2016-05-11,Sunderland,1467,1489,57.4,36
3158,2016-05-15,Arsenal,1658,1662,93.2,75
3158,2016-05-15,Aston Villa,1262,1259,6.8,39
3159,2016-05-15,Chelsea,1535,1539,36.2,40
3159,2016-05-15,Leicester City,1694,1690,63.8,39
3160,2016-05-15,Everton,1453,1469,69.5,39
3160,2016-05-15,Norwich City,1370,1354,30.5,37
3161,2016-05-15,Newcastle United,1408,1451,24.8,39
3161,2016-05-15,Tottenham Hotspur,1661,1618,75.2,39
3162,2016-05-15,Crystal Palace,1417,1407,19.4,37
3162,2016-05-15,Southampton,1605,1615,80.6,39
3163,2016-05-15,Stoke City,1440,1459,37.2,37
3163,2016-05-15,West Ham United,1591,1572,62.8,37
3164,2016-05-15,Manchester City,1580,1579,52.0,39
3164,2016-05-15,Swansea City,1506,1506,48.0,37
3165,2016-05-15,Sunderland,1489,1489,50.9,37
3165,2016-05-15,Watford,1423,1424,49.1,37
3166,2016-05-15,Liverpool,1562,1559,59.9,41
3166,2016-05-15,West Bromwich Albion,1433,1436,40.1,37
3167,2016-05-17,AFC Bournemouth,1419,1409,23.2,37
3167,2016-05-17,Manchester United,1567,1577,76.8,42
3168,1986-11-09,Juventus,1487,1461,56.7,1
3168,1986-11-09,Napoli,1500,1526,43.3,0
3169,2015-08-22,AS Roma,1500,1503,41.5,0
3169,2015-08-22,Hellas Verona,1500,1497,58.5,0
3170,2015-08-22,Bologna,1500,1488,41.5,0
3170,2015-08-22,Lazio,1500,1512,58.5,0
3171,2015-08-23,Chievo,1500,1526,41.5,0
3171,2015-08-23,Empoli,1500,1474,58.5,0
3172,2015-08-23,AC Milan,1513,1495,40.2,2
3172,2015-08-23,Fiorentina,1522,1541,59.8,1
3173,2015-08-23,Frosinone,1500,1482,58.5,0
3173,2015-08-23,Torino,1500,1518,41.5,0
3174,2015-08-23,Atalanta,1500,1488,41.2,0
3174,2015-08-23,Inter Milan,1502,1514,58.8,2
3175,2015-08-23,Juventus,1457,1441,52.4,3
3175,2015-08-23,Udinese,1500,1516,47.6,0
3176,2015-08-23,Genoa,1500,1488,41.5,0
3176,2015-08-23,Palermo,1500,1512,58.5,0
3177,2015-08-23,Carpi,1500,1478,41.5,0
3177,2015-08-23,Sampdoria,1500,1522,58.5,0
3178,2015-08-23,Napoli,1581,1565,53.0,4
3178,2015-08-23,Sassuolo,1500,1516,47.0,0
3179,2015-08-29,AC Milan,1495,1507,61.5,3
3179,2015-08-29,Empoli,1474,1462,38.5,1
3180,2015-08-29,Bologna,1488,1471,54.5,1
3180,2015-08-29,Sassuolo,1516,1532,45.5,1
3181,2015-08-30,AS Roma,1503,1513,66.8,1
3181,2015-08-30,Juventus,1441,1431,33.2,4
3182,2015-08-30,Atalanta,1488,1506,59.3,1
3182,2015-08-30,Frosinone,1482,1464,40.7,1
3183,2015-08-30,Carpi,1478,1462,53.5,1
3183,2015-08-30,Inter Milan,1514,1530,46.5,3
3184,2015-08-30,Chievo,1526,1549,60.5,1
3184,2015-08-30,Lazio,1512,1490,39.5,1
3185,2015-08-30,Genoa,1488,1507,57.2,1
3185,2015-08-30,Hellas Verona,1497,1478,42.8,1
3186,2015-08-30,Napoli,1565,1561,64.5,5
3186,2015-08-30,Sampdoria,1522,1526,35.5,1
3187,2015-08-30,Fiorentina,1541,1520,44.7,2
3187,2015-08-30,Torino,1518,1538,55.3,1
3188,2015-08-30,Palermo,1512,1530,41.0,1
3188,2015-08-30,Udinese,1516,1498,59.0,1
3189,2015-09-12,Fiorentina,1520,1532,60.4,3
3189,2015-09-12,Genoa,1507,1495,39.6,2
3190,2015-09-12,AS Roma,1513,1536,48.3,2
3190,2015-09-12,Frosinone,1464,1441,51.7,2
3191,2015-09-12,Chievo,1549,1546,58.2,2
3191,2015-09-12,Juventus,1431,1434,41.8,5
3192,2015-09-13,Empoli,1462,1464,44.4,2
3192,2015-09-13,Napoli,1561,1559,55.6,6
3193,2015-09-13,Hellas Verona,1478,1478,50.1,2
3193,2015-09-13,Torino,1538,1538,49.9,2
3194,2015-09-13,AC Milan,1507,1495,38.2,4
3194,2015-09-13,Inter Milan,1530,1541,61.8,4
3195,2015-09-13,Lazio,1490,1509,57.5,2
3195,2015-09-13,Udinese,1498,1479,42.5,2
3196,2015-09-13,Carpi,1462,1467,32.4,2
3196,2015-09-13,Palermo,1530,1525,67.6,2
3197,2015-09-13,Atalanta,1506,1510,37.8,2
3197,2015-09-13,Sassuolo,1532,1529,62.2,2
3198,2015-09-14,Bologna,1471,1456,34.0,2
3198,2015-09-14,Sampdoria,1526,1541,66.0,2
3199,2015-09-19,AC Milan,1495,1509,54.4,5
3199,2015-09-19,Palermo,1525,1511,45.6,3
3200,2015-09-19,Empoli,1464,1482,39.4,3
3200,2015-09-19,Udinese,1479,1461,60.6,3
3201,2015-09-20,AS Roma,1536,1533,59.5,3
3201,2015-09-20,Sassuolo,1529,1531,40.5,3
3202,2015-09-20,Atalanta,1510,1506,62.9,3
3202,2015-09-20,Hellas Verona,1478,1482,37.1,3
3203,2015-09-20,Bologna,1456,1468,60.6,3
3203,2015-09-20,Frosinone,1441,1429,39.4,3
3204,2015-09-20,Carpi,1467,1453,49.3,3
3204,2015-09-20,Fiorentina,1532,1547,50.7,4
3205,2015-09-20,Chievo,1546,1528,59.2,3
3205,2015-09-20,Inter Milan,1541,1559,40.8,5
3206,2015-09-20,Genoa,1495,1465,66.8,3
3206,2015-09-20,Juventus,1434,1464,33.2,6
3207,2015-09-20,Lazio,1509,1489,34.7,3
3207,2015-09-20,Napoli,1559,1580,65.3,7
3208,2015-09-20,Sampdoria,1541,1523,42.0,3
3208,2015-09-20,Torino,1538,1557,58.0,3
3209,2015-09-22,AC Milan,1509,1524,48.3,6
3209,2015-09-22,Udinese,1461,1445,51.7,4
3210,2015-09-23,Carpi,1453,1456,40.4,4
3210,2015-09-23,Napoli,1580,1577,59.6,8
3211,2015-09-23,Chievo,1528,1542,54.6,4
3211,2015-09-23,Torino,1557,1543,45.4,4
3212,2015-09-23,Bologna,1468,1454,30.9,4
3212,2015-09-23,Fiorentina,1547,1561,69.1,5
3213,2015-09-23,Hellas Verona,1482,1473,31.2,4
3213,2015-09-23,Inter Milan,1559,1569,68.8,6
3214,2015-09-23,Frosinone,1429,1433,36.7,4
3214,2015-09-23,Juventus,1464,1460,63.3,7
3215,2015-09-23,Genoa,1465,1448,38.2,4
3215,2015-09-23,Lazio,1489,1506,61.8,4
3216,2015-09-23,Palermo,1511,1494,55.7,4
3216,2015-09-23,Sassuolo,1531,1548,44.3,4
3217,2015-09-23,AS Roma,1533,1520,42.9,4
3217,2015-09-23,Sampdoria,1523,1535,57.1,4
3218,2015-09-24,Atalanta,1506,1522,44.8,4
3218,2015-09-24,Empoli,1482,1465,55.2,4
3219,2015-09-26,AS Roma,1520,1539,67.2,5
3219,2015-09-26,Carpi,1456,1437,32.8,5
3220,2015-09-26,Juventus,1460,1452,26.5,8
3220,2015-09-26,Napoli,1577,1585,73.5,9
3221,2015-09-27,Bologna,1454,1436,59.7,5
3221,2015-09-27,Udinese,1445,1463,40.3,5
3222,2015-09-27,AC Milan,1524,1509,52.4,7
3222,2015-09-27,Genoa,1448,1463,47.6,5
3223,2015-09-27,Hellas Verona,1473,1456,53.9,5
3223,2015-09-27,Lazio,1506,1522,46.1,5
3224,2015-09-27,Fiorentina,1561,1592,40.4,6
3224,2015-09-27,Inter Milan,1569,1537,59.6,7
3225,2015-09-27,Chievo,1542,1545,40.6,5
3225,2015-09-27,Sassuolo,1548,1545,59.4,5
3226,2015-09-27,Palermo,1494,1484,34.9,5
3226,2015-09-27,Torino,1543,1553,65.1,5
3227,2015-09-28,Atalanta,1522,1535,56.7,5
3227,2015-09-28,Sampdoria,1535,1522,43.3,5
3228,2015-09-28,Empoli,1465,1445,46.0,5
3228,2015-09-28,Frosinone,1433,1454,54.0,5
3229,2015-10-03,Carpi,1437,1455,42.0,6
3229,2015-10-03,Torino,1553,1536,58.0,6
3230,2015-10-03,Chievo,1545,1539,70.1,6
3230,2015-10-03,Hellas Verona,1456,1463,29.9,6
3231,2015-10-04,AC Milan,1509,1482,47.6,8
3231,2015-10-04,Napoli,1585,1612,52.4,10
3232,2015-10-04,Empoli,1445,1461,44.2,6
3232,2015-10-04,Sassuolo,1545,1529,55.8,6
3233,2015-10-04,Atalanta,1535,1518,33.8,6
3233,2015-10-04,Fiorentina,1592,1610,66.2,7
3234,2015-10-04,Bologna,1436,1418,39.2,6
3234,2015-10-04,Juventus,1452,1470,60.8,9
3235,2015-10-04,Frosinone,1454,1439,32.4,6
3235,2015-10-04,Lazio,1522,1536,67.6,6
3236,2015-10-04,AS Roma,1539,1561,49.2,6
3236,2015-10-04,Palermo,1484,1461,50.8,6
3237,2015-10-04,Inter Milan,1537,1539,43.5,8
3237,2015-10-04,Sampdoria,1522,1520,56.5,6
3238,2015-10-04,Genoa,1463,1466,41.5,6
3238,2015-10-04,Udinese,1463,1461,58.5,6
3239,2015-10-17,AS Roma,1561,1574,71.5,7
3239,2015-10-17,Empoli,1461,1449,28.5,7
3240,2015-10-17,AC Milan,1482,1487,34.2,9
3240,2015-10-17,Torino,1536,1531,65.8,7
3241,2015-10-18,Atalanta,1518,1535,67.0,7
3241,2015-10-18,Carpi,1455,1437,33.0,7
3242,2015-10-18,Bologna,1418,1402,52.5,7
3242,2015-10-18,Palermo,1461,1477,47.5,7
3243,2015-10-18,Frosinone,1439,1463,46.9,7
3243,2015-10-18,Sampdoria,1520,1497,53.1,7
3244,2015-10-18,Chievo,1539,1523,51.8,7
3244,2015-10-18,Genoa,1466,1482,48.2,7
3245,2015-10-18,Hellas Verona,1463,1460,58.8,7
3245,2015-10-18,Udinese,1461,1463,41.2,7
3246,2015-10-18,Inter Milan,1539,1534,67.8,9
3246,2015-10-18,Juventus,1470,1475,32.2,10
3247,2015-10-18,Fiorentina,1610,1598,41.2,8
3247,2015-10-18,Napoli,1612,1624,58.8,11
3248,2015-10-18,Lazio,1536,1524,42.5,7
3248,2015-10-18,Sassuolo,1529,1541,57.5,7
3249,2015-10-24,Bologna,1402,1421,36.7,8
3249,2015-10-24,Carpi,1437,1418,63.3,8
3250,2015-10-24,Empoli,1449,1469,53.9,8
3250,2015-10-24,Genoa,1482,1461,46.1,8
3251,2015-10-24,Inter Milan,1534,1534,49.6,10
3251,2015-10-24,Palermo,1477,1477,50.4,8
3252,2015-10-25,AC Milan,1487,1501,50.8,10
3252,2015-10-25,Sassuolo,1541,1527,49.2,8
3253,2015-10-25,Chievo,1523,1510,44.1,8
3253,2015-10-25,Napoli,1624,1638,55.9,12
3254,2015-10-25,AS Roma,1574,1593,38.2,8
3254,2015-10-25,Fiorentina,1598,1579,61.8,9
3255,2015-10-25,Atalanta,1535,1512,50.0,8
3255,2015-10-25,Juventus,1475,1497,50.0,11
3256,2015-10-25,Lazio,1524,1546,57.5,8
3256,2015-10-25,Torino,1531,1509,42.5,8
3257,2015-10-25,Hellas Verona,1460,1441,36.4,8
3257,2015-10-25,Sampdoria,1497,1516,63.6,8
3258,2015-10-25,Frosinone,1463,1451,41.4,8
3258,2015-10-25,Udinese,1463,1476,58.6,8
3259,2015-10-27,Bologna,1421,1409,42.5,9
3259,2015-10-27,Inter Milan,1534,1547,57.5,11
3260,2015-10-28,AC Milan,1501,1514,57.4,11
3260,2015-10-28,Chievo,1510,1497,42.6,9
3261,2015-10-28,AS Roma,1593,1605,73.5,9
3261,2015-10-28,Udinese,1476,1464,26.5,9
3262,2015-10-28,Atalanta,1512,1526,53.8,9
3262,2015-10-28,Lazio,1546,1532,46.2,9
3263,2015-10-28,Carpi,1418,1407,37.0,9
3263,2015-10-28,Frosinone,1451,1462,63.0,9
3264,2015-10-28,Fiorentina,1579,1597,61.1,10
3264,2015-10-28,Hellas Verona,1441,1423,38.9,9
3265,2015-10-28,Napoli,1638,1647,78.1,13
3265,2015-10-28,Palermo,1477,1467,21.9,9
3266,2015-10-28,Juventus,1497,1486,37.4,12
3266,2015-10-28,Sassuolo,1527,1538,62.6,9
3267,2015-10-28,Genoa,1461,1465,34.9,9
3267,2015-10-28,Torino,1509,1504,65.1,9
3268,2015-10-29,Empoli,1469,1474,35.2,9
3268,2015-10-29,Sampdoria,1516,1511,64.8,9
3269,2015-10-31,AS Roma,1605,1590,49.7,10
3269,2015-10-31,Inter Milan,1547,1562,50.3,12
3270,2015-10-31,Juventus,1486,1499,56.0,13
3270,2015-10-31,Torino,1504,1491,44.0,10
3271,2015-11-01,Atalanta,1526,1496,58.2,10
3271,2015-11-01,Bologna,1409,1439,41.8,10
3272,2015-11-01,Carpi,1407,1405,56.3,10
3272,2015-11-01,Hellas Verona,1423,1425,43.7,10
3273,2015-11-01,Fiorentina,1597,1610,75.4,11
3273,2015-11-01,Frosinone,1462,1449,24.6,10
3274,2015-11-01,Genoa,1465,1470,33.1,10
3274,2015-11-01,Napoli,1647,1642,66.9,14
3275,2015-11-01,AC Milan,1514,1542,39.0,12
3275,2015-11-01,Lazio,1532,1505,61.0,10
3276,2015-11-01,Sassuolo,1538,1537,52.0,10
3276,2015-11-01,Udinese,1464,1464,48.0,10
3277,2015-11-02,Chievo,1497,1495,56.6,10
3277,2015-11-02,Sampdoria,1511,1513,43.4,10
3278,2015-11-02,Empoli,1474,1491,42.4,10
3278,2015-11-02,Palermo,1467,1450,57.6,10
3279,2015-11-07,AC Milan,1542,1537,64.8,13
3279,2015-11-07,Atalanta,1496,1500,35.2,11
3280,2015-11-07,Bologna,1439,1465,43.4,11
3280,2015-11-07,Hellas Verona,1425,1400,56.6,11
3281,2015-11-08,AS Roma,1590,1603,69.7,11
3281,2015-11-08,Lazio,1505,1491,30.3,11
3282,2015-11-08,Empoli,1491,1465,57.4,11
3282,2015-11-08,Juventus,1499,1525,42.6,14
3283,2015-11-08,Frosinone,1449,1447,55.5,11
3283,2015-11-08,Genoa,1470,1472,44.5,11
3284,2015-11-08,Napoli,1642,1648,79.7,15
3284,2015-11-08,Udinese,1464,1458,20.3,11
3285,2015-11-08,Chievo,1495,1481,47.9,11
3285,2015-11-08,Palermo,1450,1464,52.1,11
3286,2015-11-08,Fiorentina,1610,1630,55.2,12
3286,2015-11-08,Sampdoria,1513,1493,44.8,11
3287,2015-11-08,Carpi,1405,1398,24.9,11
3287,2015-11-08,Sassuolo,1537,1545,75.1,11
3288,2015-11-08,Inter Milan,1562,1576,51.5,13
3288,2015-11-08,Torino,1491,1477,48.5,11
3289,2015-11-21,AS Roma,1603,1600,61.1,12
3289,2015-11-21,Bologna,1465,1468,38.9,12
3290,2015-11-21,AC Milan,1537,1524,43.2,14
3290,2015-11-21,Juventus,1525,1538,56.8,15
3291,2015-11-22,Atalanta,1500,1482,61.8,12
3291,2015-11-22,Torino,1477,1495,38.2,12
3292,2015-11-22,Carpi,1398,1384,46.7,12
3292,2015-11-22,Chievo,1481,1495,53.3,12
3293,2015-11-22,Empoli,1465,1474,21.6,12
3293,2015-11-22,Fiorentina,1630,1621,78.4,13
3294,2015-11-22,Genoa,1472,1488,48.2,12
3294,2015-11-22,Sassuolo,1545,1529,51.8,12
3295,2015-11-22,Hellas Verona,1400,1388,25.2,12
3295,2015-11-22,Napoli,1648,1660,74.8,16
3296,2015-11-22,Frosinone,1447,1433,25.2,12
3296,2015-11-22,Inter Milan,1576,1590,74.8,14
3297,2015-11-22,Lazio,1491,1487,62.3,12
3297,2015-11-22,Palermo,1464,1468,37.7,12
3298,2015-11-22,Sampdoria,1493,1479,46.4,12
3298,2015-11-22,Udinese,1458,1472,53.6,12
3299,2015-11-28,AC Milan,1524,1543,64.7,15
3299,2015-11-28,Sampdoria,1479,1461,35.3,13
3300,2015-11-28,Bologna,1468,1451,37.7,13
3300,2015-11-28,Torino,1495,1512,62.3,13
3301,2015-11-29,AS Roma,1600,1567,73.6,13
3301,2015-11-29,Atalanta,1482,1515,26.4,13
3302,2015-11-29,Chievo,1495,1476,61.7,13
3302,2015-11-29,Udinese,1472,1491,38.3,13
3303,2015-11-29,Empoli,1474,1487,56.6,13
3303,2015-11-29,Lazio,1487,1474,43.4,13
3304,2015-11-29,Frosinone,1433,1444,64.6,13
3304,2015-11-29,Hellas Verona,1388,1378,35.4,13
3305,2015-11-29,Carpi,1384,1405,28.0,13
3305,2015-11-29,Genoa,1488,1466,72.0,13
3306,2015-11-29,Juventus,1538,1564,51.5,16
3306,2015-11-29,Palermo,1468,1442,48.5,13
3307,2015-11-30,Inter Milan,1590,1581,32.2,15
3307,2015-11-30,Napoli,1660,1669,67.8,17
3308,2015-11-30,Fiorentina,1621,1620,54.6,14
3308,2015-11-30,Sassuolo,1529,1531,45.4,13
3309,2015-12-04,Juventus,1564,1584,54.2,17
3309,2015-12-04,Lazio,1474,1454,45.8,14
3310,2015-12-05,Genoa,1466,1458,26.8,14
3310,2015-12-05,Inter Milan,1581,1589,73.2,16
3311,2015-12-05,AS Roma,1567,1567,49.2,14
3311,2015-12-05,Torino,1512,1512,50.8,14
3312,2015-12-06,Atalanta,1515,1531,68.2,14
3312,2015-12-06,Palermo,1442,1426,31.8,14
3313,2015-12-06,Bologna,1451,1472,28.7,14
3313,2015-12-06,Napoli,1669,1648,71.3,18
3314,2015-12-06,AC Milan,1543,1540,61.0,16
3314,2015-12-06,Carpi,1405,1409,39.0,14
3315,2015-12-06,Fiorentina,1620,1633,74.8,15
3315,2015-12-06,Udinese,1491,1477,25.2,14
3316,2015-12-06,Chievo,1476,1501,46.1,14
3316,2015-12-06,Frosinone,1444,1419,53.9,14
3317,2015-12-06,Empoli,1487,1500,57.0,14
3317,2015-12-06,Hellas Verona,1378,1365,43.0,14
3318,2015-12-06,Sampdoria,1461,1439,48.6,14
3318,2015-12-06,Sassuolo,1531,1552,51.4,14
3319,2015-12-12,Bologna,1472,1489,43.5,15
3319,2015-12-12,Genoa,1458,1441,56.5,15
3320,2015-12-12,Frosinone,1419,1398,40.6,15
3320,2015-12-12,Palermo,1426,1447,59.4,15
3321,2015-12-12,Inter Milan,1589,1613,57.3,17
3321,2015-12-12,Udinese,1477,1453,42.7,15
3322,2015-12-13,AC Milan,1540,1531,79.4,17
3322,2015-12-13,Hellas Verona,1365,1374,20.6,15
3323,2015-12-13,Atalanta,1531,1518,45.8,15
3323,2015-12-13,Chievo,1501,1514,54.2,15
3324,2015-12-13,Carpi,1409,1393,29.5,15
3324,2015-12-13,Empoli,1500,1515,70.5,15
3325,2015-12-13,Fiorentina,1633,1611,48.4,16
3325,2015-12-13,Juventus,1584,1606,51.6,18
3326,2015-12-13,AS Roma,1567,1573,30.8,15
3326,2015-12-13,Napoli,1648,1642,69.2,19
3327,2015-12-14,Lazio,1454,1451,60.6,15
3327,2015-12-14,Sampdoria,1439,1442,39.4,15
3328,2015-12-19,Bologna,1489,1473,54.9,16
3328,2015-12-19,Empoli,1515,1532,45.1,16
3329,2015-12-20,AS Roma,1573,1584,75.1,16
3329,2015-12-20,Genoa,1441,1430,24.9,16
3330,2015-12-20,Atalanta,1518,1499,40.8,16
3330,2015-12-20,Napoli,1642,1661,59.2,20
3331,2015-12-20,Carpi,1393,1384,29.3,16
3331,2015-12-20,Juventus,1606,1615,70.7,19
3332,2015-12-20,Chievo,1514,1501,28.8,16
3332,2015-12-20,Fiorentina,1611,1624,71.2,17
3333,2015-12-20,AC Milan,1531,1549,60.3,18
3333,2015-12-20,Frosinone,1398,1380,39.7,16
3334,2015-12-20,Hellas Verona,1374,1379,33.5,16
3334,2015-12-20,Sassuolo,1552,1547,66.5,15
3335,2015-12-20,Inter Milan,1613,1589,78.2,18
3335,2015-12-20,Lazio,1451,1474,21.8,16
3336,2015-12-20,Palermo,1447,1428,42.1,16
3336,2015-12-20,Sampdoria,1442,1461,57.9,16
3337,2015-12-20,Torino,1512,1492,66.4,15
3337,2015-12-20,Udinese,1453,1473,33.6,16
3338,2016-01-05,Genoa,1430,1414,54.1,17
3338,2016-01-05,Sampdoria,1461,1477,45.9,17
3339,2016-01-06,AC Milan,1549,1528,68.6,19
3339,2016-01-06,Bologna,1473,1494,31.4,17
3340,2016-01-06,AS Roma,1584,1583,53.3,17
3340,2016-01-06,Chievo,1501,1502,46.7,17
3341,2016-01-06,Empoli,1532,1517,50.3,17
3341,2016-01-06,Inter Milan,1589,1604,49.7,19
3342,2016-01-06,Hellas Verona,1379,1371,15.4,17
3342,2016-01-06,Juventus,1615,1623,84.6,20
3343,2016-01-06,Carpi,1384,1390,29.7,17
3343,2016-01-06,Lazio,1474,1468,70.3,17
3344,2016-01-06,Napoli,1661,1667,78.9,21
3344,2016-01-06,Torino,1492,1486,21.1,16
3345,2016-01-06,Fiorentina,1624,1638,68.7,18
3345,2016-01-06,Palermo,1428,1414,31.3,17
3346,2016-01-06,Frosinone,1380,1389,21.3,17
3346,2016-01-06,Sassuolo,1547,1539,78.7,16
3347,2016-01-06,Atalanta,1499,1486,45.1,17
3347,2016-01-06,Udinese,1473,1487,54.9,17
3348,2016-01-09,AC Milan,1528,1533,34.0,20
3348,2016-01-09,AS Roma,1583,1578,66.0,18
3349,2016-01-09,Carpi,1390,1407,44.8,18
3349,2016-01-09,Udinese,1487,1470,55.2,18
3350,2016-01-09,Fiorentina,1638,1603,79.0,19
3350,2016-01-09,Lazio,1468,1504,21.0,18
3351,2016-01-10,Atalanta,1486,1455,68.2,18
3351,2016-01-10,Genoa,1414,1444,31.8,18
3352,2016-01-10,Bologna,1494,1476,57.3,18
3352,2016-01-10,Chievo,1502,1520,42.7,18
3353,2016-01-10,Frosinone,1389,1376,22.2,18
3353,2016-01-10,Napoli,1667,1679,77.8,22
3354,2016-01-10,Hellas Verona,1371,1355,52.4,18
3354,2016-01-10,Palermo,1414,1429,47.6,18
3355,2016-01-10,Inter Milan,1604,1584,67.3,20
3355,2016-01-10,Sassuolo,1539,1559,32.7,17
3356,2016-01-10,Juventus,1623,1634,62.1,21
3356,2016-01-10,Sampdoria,1477,1466,37.9,18
3357,2016-01-10,Empoli,1517,1533,45.8,18
3357,2016-01-10,Torino,1486,1469,54.2,17
3358,2016-01-16,Atalanta,1455,1458,40.2,19
3358,2016-01-16,Inter Milan,1584,1581,59.8,21
3359,2016-01-16,Napoli,1679,1691,73.9,23
3359,2016-01-16,Sassuolo,1559,1547,26.1,18
3360,2016-01-16,Frosinone,1376,1363,29.3,19
3360,2016-01-16,Torino,1469,1483,70.7,18
3361,2016-01-17,AC Milan,1533,1556,48.6,21
3361,2016-01-17,Fiorentina,1603,1580,51.4,20
3362,2016-01-17,AS Roma,1578,1568,83.6,19
3362,2016-01-17,Hellas Verona,1355,1365,16.4,19
3363,2016-01-17,Bologna,1476,1475,54.7,19
3363,2016-01-17,Lazio,1504,1505,45.3,19
3364,2016-01-17,Carpi,1407,1422,50.2,19
3364,2016-01-17,Sampdoria,1466,1451,49.8,19
3365,2016-01-17,Chievo,1520,1518,56.7,19
3365,2016-01-17,Empoli,1533,1535,43.3,19
3366,2016-01-17,Genoa,1444,1466,60.6,19
3366,2016-01-17,Palermo,1429,1407,39.4,19
3367,2016-01-17,Juventus,1634,1654,64.5,22
3367,2016-01-17,Udinese,1470,1450,35.5,19
3368,2016-01-20,Sassuolo,1547,1542,67.2,19
3368,2016-01-20,Torino,1483,1488,32.8,19
3369,2016-01-23,AC Milan,1556,1558,44.4,22
3369,2016-01-23,Empoli,1535,1533,55.6,20
3370,2016-01-23,Atalanta,1458,1457,55.0,20
3370,2016-01-23,Frosinone,1363,1365,45.0,20
3371,2016-01-24,Fiorentina,1580,1593,70.6,21
3371,2016-01-24,Torino,1488,1475,29.4,20
3372,2016-01-24,Genoa,1466,1465,55.9,20
3372,2016-01-24,Hellas Verona,1365,1367,44.1,20
3373,2016-01-24,Carpi,1422,1430,22.1,20
3373,2016-01-24,Inter Milan,1581,1573,77.9,22
3374,2016-01-24,AS Roma,1568,1559,30.1,20
3374,2016-01-24,Juventus,1654,1663,69.9,23
3375,2016-01-24,Chievo,1518,1495,43.2,20
3375,2016-01-24,Lazio,1505,1528,56.8,20
3376,2016-01-24,Palermo,1407,1432,52.4,20
3376,2016-01-24,Udinese,1450,1425,47.6,20
3377,2016-01-24,Napoli,1691,1703,73.9,24
3377,2016-01-24,Sampdoria,1451,1439,26.1,20
3378,2016-01-24,Bologna,1475,1505,32.5,20
3378,2016-01-24,Sassuolo,1542,1512,67.5,20
3379,2016-01-30,AS Roma,1559,1568,81.2,21
3379,2016-01-30,Frosinone,1365,1356,18.8,21
3380,2016-01-30,Atalanta,1457,1456,50.7,21
3380,2016-01-30,Sassuolo,1512,1512,49.3,21
3381,2016-01-30,Carpi,1430,1428,58.3,21
3381,2016-01-30,Palermo,1432,1435,41.7,21
3382,2016-01-31,AC Milan,1558,1581,56.4,23
3382,2016-01-31,Inter Milan,1573,1550,43.6,23
3383,2016-01-31,Bologna,1505,1515,67.4,21
3383,2016-01-31,Sampdoria,1439,1429,32.6,21
3384,2016-01-31,Chievo,1495,1475,34.9,21
3384,2016-01-31,Juventus,1663,1683,65.1,24
3385,2016-01-31,Fiorentina,1593,1590,59.7,22
3385,2016-01-31,Genoa,1465,1468,40.3,21
3386,2016-01-31,Empoli,1533,1521,21.0,21
3386,2016-01-31,Napoli,1703,1715,79.0,25
3387,2016-01-31,Hellas Verona,1367,1373,27.6,21
3387,2016-01-31,Torino,1475,1468,72.4,21
3388,2016-01-31,Lazio,1528,1526,56.0,21
3388,2016-01-31,Udinese,1425,1427,44.0,21
3389,2016-02-02,AS Roma,1568,1590,49.4,22
3389,2016-02-02,Sassuolo,1512,1489,50.6,22
3390,2016-02-03,Empoli,1521,1515,70.8,22
3390,2016-02-03,Udinese,1427,1433,29.2,22
3391,2016-02-03,Carpi,1428,1421,21.8,22
3391,2016-02-03,Fiorentina,1590,1596,78.2,23
3392,2016-02-03,Bologna,1515,1496,63.9,22
3392,2016-02-03,Frosinone,1356,1375,36.1,22
3393,2016-02-03,Atalanta,1456,1440,53.3,22
3393,2016-02-03,Hellas Verona,1373,1389,46.7,22
3394,2016-02-03,Chievo,1475,1466,31.5,22
3394,2016-02-03,Inter Milan,1550,1559,68.5,24
3395,2016-02-03,Genoa,1468,1462,17.0,22
3395,2016-02-03,Juventus,1683,1688,83.0,25
3396,2016-02-03,Lazio,1526,1511,32.2,22
3396,2016-02-03,Napoli,1715,1729,67.8,26
3397,2016-02-03,AC Milan,1581,1598,62.1,24
3397,2016-02-03,Palermo,1435,1418,37.9,22
3398,2016-02-03,Sampdoria,1429,1428,53.1,22
3398,2016-02-03,Torino,1468,1469,46.9,22
3399,2016-02-06,Bologna,1496,1498,44.2,23
3399,2016-02-06,Fiorentina,1596,1595,55.8,24
3400,2016-02-06,Genoa,1462,1462,51.6,23
3400,2016-02-06,Lazio,1511,1512,48.4,23
3401,2016-02-07,AC Milan,1598,1589,78.4,25
3401,2016-02-07,Udinese,1433,1442,21.6,23
3402,2016-02-07,AS Roma,1590,1597,78.2,23
3402,2016-02-07,Sampdoria,1428,1422,21.8,23
3403,2016-02-07,Atalanta,1440,1441,47.9,23
3403,2016-02-07,Empoli,1515,1514,52.1,23
3404,2016-02-07,Frosinone,1375,1367,18.9,23
3404,2016-02-07,Juventus,1688,1696,81.1,26
3405,2016-02-07,Hellas Verona,1389,1394,34.7,23
3405,2016-02-07,Inter Milan,1559,1555,65.3,25
3406,2016-02-07,Carpi,1421,1418,10.7,23
3406,2016-02-07,Napoli,1729,1733,89.3,27
3407,2016-02-07,Palermo,1418,1423,31.9,23
3407,2016-02-07,Sassuolo,1489,1484,68.1,23
3408,2016-02-07,Chievo,1466,1483,41.0,23
3408,2016-02-07,Torino,1469,1451,59.0,23
3409,2016-02-11,Hellas Verona,1394,1380,26.4,24
3409,2016-02-11,Lazio,1512,1526,73.6,24
3410,2016-02-12,AS Roma,1597,1612,66.5,24
3410,2016-02-12,Carpi,1418,1403,33.5,24
3411,2016-02-13,Chievo,1483,1481,58.5,24
3411,2016-02-13,Sassuolo,1484,1486,41.5,24
3412,2016-02-13,Empoli,1514,1491,76.8,24
3412,2016-02-13,Frosinone,1367,1390,23.2,24
3413,2016-02-13,Juventus,1696,1710,53.4,27
3413,2016-02-13,Napoli,1733,1719,46.6,28
3414,2016-02-14,AC Milan,1589,1597,74.6,26
3414,2016-02-14,Genoa,1462,1454,25.4,24
3415,2016-02-14,Fiorentina,1595,1606,64.0,25
3415,2016-02-14,Inter Milan,1555,1544,36.0,26
3416,2016-02-14,Palermo,1423,1399,54.6,24
3416,2016-02-14,Torino,1451,1476,45.4,24
3417,2016-02-14,Atalanta,1441,1443,44.1,24
3417,2016-02-14,Sampdoria,1422,1420,55.9,24
3418,2016-02-14,Bologna,1498,1513,49.4,24
3418,2016-02-14,Udinese,1442,1427,50.6,24
3419,2016-02-19,Bologna,1513,1519,31.2,25
3419,2016-02-19,Juventus,1710,1705,68.8,28
3420,2016-02-20,Chievo,1481,1456,55.8,25
3420,2016-02-20,Hellas Verona,1380,1405,44.2,25
3421,2016-02-20,Inter Milan,1544,1556,74.2,27
3421,2016-02-20,Sampdoria,1420,1408,25.8,25
3422,2016-02-21,AS Roma,1612,1622,82.8,25
3422,2016-02-21,Palermo,1399,1388,17.2,25
3423,2016-02-21,Atalanta,1443,1432,35.6,25
3423,2016-02-21,Fiorentina,1606,1616,64.4,26
3424,2016-02-21,Frosinone,1390,1393,39.3,25
3424,2016-02-21,Lazio,1526,1522,60.7,25
3425,2016-02-21,Genoa,1454,1466,62.3,25
3425,2016-02-21,Udinese,1427,1416,37.7,25
3426,2016-02-21,Empoli,1491,1479,42.2,25
3426,2016-02-21,Sassuolo,1486,1499,57.8,25
3427,2016-02-21,Carpi,1403,1408,31.8,25
3427,2016-02-21,Torino,1476,1470,68.2,25
3428,2016-02-22,AC Milan,1597,1604,26.0,27
3428,2016-02-22,Napoli,1719,1711,74.0,29
3429,2016-02-27,AC Milan,1604,1611,75.3,28
3429,2016-02-27,Torino,1470,1463,24.7,26
3430,2016-02-27,AS Roma,1622,1640,61.8,26
3430,2016-02-27,Empoli,1479,1462,38.2,26
3431,2016-02-28,Atalanta,1432,1434,44.8,26
3431,2016-02-28,Carpi,1408,1407,55.2,26
3432,2016-02-28,Chievo,1456,1469,57.2,26
3432,2016-02-28,Genoa,1466,1453,42.8,26
3433,2016-02-28,Inter Milan,1556,1545,23.1,28
3433,2016-02-28,Juventus,1705,1715,76.9,29
3434,2016-02-28,Bologna,1519,1516,60.0,26
3434,2016-02-28,Palermo,1388,1391,40.0,26
3435,2016-02-28,Frosinone,1393,1375,39.3,26
3435,2016-02-28,Sampdoria,1408,1426,60.7,26
3436,2016-02-28,Hellas Verona,1405,1387,40.0,26
3436,2016-02-28,Udinese,1416,1434,60.0,26
3437,2016-02-29,Fiorentina,1616,1618,45.0,27
3437,2016-02-29,Napoli,1711,1710,55.0,30
3438,2016-02-29,Lazio,1522,1495,61.8,26
3438,2016-02-29,Sassuolo,1499,1527,38.2,26
3439,2016-03-04,AS Roma,1640,1660,61.6,27
3439,2016-03-04,Fiorentina,1618,1598,38.4,28
3440,2016-03-05,Hellas Verona,1387,1359,53.0,27
3440,2016-03-05,Sampdoria,1426,1454,47.0,27
3441,2016-03-05,Chievo,1469,1462,15.0,27
3441,2016-03-05,Napoli,1710,1717,85.0,31
3442,2016-03-06,Atalanta,1434,1424,21.8,27
3442,2016-03-06,Juventus,1715,1725,78.2,30
3443,2016-03-06,Bologna,1516,1509,72.5,27
3443,2016-03-06,Carpi,1407,1414,27.5,27
3444,2016-03-06,Frosinone,1375,1398,50.3,27
3444,2016-03-06,Udinese,1434,1411,49.7,27
3445,2016-03-06,Empoli,1462,1449,42.7,27
3445,2016-03-06,Genoa,1453,1466,57.3,27
3446,2016-03-06,Inter Milan,1545,1555,77.4,29
3446,2016-03-06,Palermo,1391,1381,22.6,27
3447,2016-03-06,AC Milan,1611,1587,53.5,29
3447,2016-03-06,Sassuolo,1527,1551,46.5,27
3448,2016-03-06,Lazio,1495,1496,46.0,27
3448,2016-03-06,Torino,1463,1462,54.0,27
3449,2016-03-11,Juventus,1725,1731,79.4,31
3449,2016-03-11,Sassuolo,1551,1545,20.6,28
3450,2016-03-12,Empoli,1449,1446,57.8,28
3450,2016-03-12,Sampdoria,1454,1456,42.2,28
3451,2016-03-12,Bologna,1509,1498,35.1,28
3451,2016-03-12,Inter Milan,1555,1566,64.9,30
3452,2016-03-13,Carpi,1414,1425,60.7,28
3452,2016-03-13,Frosinone,1398,1386,39.3,28
3453,2016-03-13,AC Milan,1587,1584,59.3,30
3453,2016-03-13,Chievo,1462,1465,40.7,28
3454,2016-03-13,Fiorentina,1598,1587,84.8,29
3454,2016-03-13,Hellas Verona,1359,1370,15.2,28
3455,2016-03-13,Genoa,1466,1478,59.1,28
3455,2016-03-13,Torino,1462,1449,40.9,28
3456,2016-03-13,Atalanta,1424,1409,31.9,28
3456,2016-03-13,Lazio,1496,1510,68.1,28
3457,2016-03-13,Napoli,1717,1722,83.0,32
3457,2016-03-13,Palermo,1381,1376,17.0,28
3458,2016-03-13,AS Roma,1660,1667,74.8,28
3458,2016-03-13,Udinese,1411,1404,25.2,28
3459,2016-03-19,AS Roma,1667,1661,71.7,29
3459,2016-03-19,Inter Milan,1566,1572,28.3,31
3460,2016-03-19,Empoli,1446,1441,67.9,29
3460,2016-03-19,Palermo,1376,1381,32.1,29
3461,2016-03-20,AC Milan,1584,1579,68.4,31
3461,2016-03-20,Lazio,1510,1516,31.6,29
3462,2016-03-20,Atalanta,1409,1434,45.9,29
3462,2016-03-20,Bologna,1498,1474,54.1,29
3463,2016-03-20,Fiorentina,1587,1581,69.3,30
3463,2016-03-20,Frosinone,1386,1392,30.7,29
3464,2016-03-20,Carpi,1425,1441,49.4,29
3464,2016-03-20,Hellas Verona,1370,1355,50.6,29
3465,2016-03-20,Genoa,1478,1471,14.8,29
3465,2016-03-20,Napoli,1722,1728,85.2,33
3466,2016-03-20,Chievo,1465,1482,42.6,29
3466,2016-03-20,Sampdoria,1456,1439,57.4,29
3467,2016-03-20,Sassuolo,1545,1537,76.1,29
3467,2016-03-20,Udinese,1404,1411,23.9,29
3468,2016-03-20,Juventus,1731,1743,78.2,32
3468,2016-03-20,Torino,1449,1438,21.8,29
3469,2016-04-02,Carpi,1441,1420,44.8,30
3469,2016-04-02,Sassuolo,1537,1557,55.2,30
3470,2016-04-02,Empoli,1441,1438,11.1,30
3470,2016-04-02,Juventus,1743,1746,88.9,33
3471,2016-04-03,AC Milan,1579,1560,62.0,32
3471,2016-04-03,Atalanta,1434,1452,38.0,30
3472,2016-04-03,Chievo,1482,1495,71.6,30
3472,2016-04-03,Palermo,1381,1369,28.4,30
3473,2016-04-03,Fiorentina,1581,1573,76.2,31
3473,2016-04-03,Sampdoria,1439,1447,23.8,30
3474,2016-04-03,Frosinone,1392,1374,31.0,30
3474,2016-04-03,Genoa,1471,1489,69.0,30
3475,2016-04-03,Inter Milan,1572,1550,75.4,32
3475,2016-04-03,Torino,1438,1460,24.6,30
3476,2016-04-03,AS Roma,1661,1681,62.0,30
3476,2016-04-03,Lazio,1516,1496,38.0,30
3477,2016-04-03,Napoli,1728,1692,81.4,34
3477,2016-04-03,Udinese,1411,1448,18.6,30
3478,2016-04-04,Bologna,1474,1452,73.7,30
3478,2016-04-04,Hellas Verona,1355,1377,26.3,30
3479,2016-04-09,AC Milan,1560,1550,32.7,33
3479,2016-04-09,Juventus,1746,1756,67.3,34
3480,2016-04-09,Carpi,1420,1411,31.6,31
3480,2016-04-09,Chievo,1495,1504,68.4,31
3481,2016-04-09,Frosinone,1374,1364,34.0,31
3481,2016-04-09,Inter Milan,1550,1560,66.0,33
3482,2016-04-09,Genoa,1489,1509,32.3,31
3482,2016-04-09,Sassuolo,1557,1537,67.7,31
3483,2016-04-10,Empoli,1438,1465,39.3,31
3483,2016-04-10,Fiorentina,1573,1546,60.7,32
3484,2016-04-10,Hellas Verona,1377,1371,10.4,31
3484,2016-04-10,Napoli,1692,1697,89.6,35
3485,2016-04-10,Lazio,1496,1517,59.5,31
3485,2016-04-10,Palermo,1369,1347,40.5,31
3486,2016-04-10,Sampdoria,1447,1466,58.4,31
3486,2016-04-10,Udinese,1448,1429,41.6,31
3487,2016-04-10,Atalanta,1452,1440,40.3,31
3487,2016-04-10,Torino,1460,1473,59.7,31
3488,2016-04-11,AS Roma,1681,1670,84.1,31
3488,2016-04-11,Bologna,1452,1462,15.9,31
3489,2016-04-16,Bologna,1462,1445,57.1,32
3489,2016-04-16,Torino,1473,1490,42.9,32
3490,2016-04-16,Carpi,1411,1440,44.6,32
3490,2016-04-16,Genoa,1509,1480,55.4,32
3491,2016-04-16,Inter Milan,1560,1587,39.1,34
3491,2016-04-16,Napoli,1697,1670,60.9,36
3492,2016-04-17,AS Roma,1670,1664,72.7,32
3492,2016-04-17,Atalanta,1440,1447,27.3,32
3493,2016-04-17,Fiorentina,1546,1564,59.9,33
3493,2016-04-17,Sassuolo,1537,1519,40.1,32
3494,2016-04-17,Frosinone,1364,1382,40.5,32
3494,2016-04-17,Hellas Verona,1371,1353,59.5,32
3495,2016-04-17,Juventus,1756,1759,93.7,35
3495,2016-04-17,Palermo,1347,1344,6.3,32
3496,2016-04-17,Empoli,1465,1450,34.4,32
3496,2016-04-17,Lazio,1517,1532,65.6,32
3497,2016-04-17,AC Milan,1550,1564,53.6,34
3497,2016-04-17,Sampdoria,1466,1452,46.4,32
3498,2016-04-17,Chievo,1504,1504,52.1,32
3498,2016-04-17,Udinese,1429,1430,47.9,32
3499,2016-04-19,Bologna,1445,1434,16.2,33
3499,2016-04-19,Napoli,1670,1680,83.8,37
3500,2016-04-20,AS Roma,1664,1670,79.4,33
3500,2016-04-20,Torino,1490,1483,20.6,33
3501,2016-04-20,Chievo,1504,1518,74.0,33
3501,2016-04-20,Frosinone,1382,1367,26.0,33
3502,2016-04-20,Empoli,1450,1458,71.1,33
3502,2016-04-20,Hellas Verona,1353,1345,28.9,33
3503,2016-04-20,Genoa,1480,1497,43.2,33
3503,2016-04-20,Inter Milan,1587,1570,56.8,35
3504,2016-04-20,Juventus,1759,1768,83.9,36
3504,2016-04-20,Lazio,1532,1524,16.1,33
3505,2016-04-20,Atalanta,1447,1445,56.2,33
3505,2016-04-20,Palermo,1344,1346,43.8,33
3506,2016-04-20,Sampdoria,1452,1457,32.5,33
3506,2016-04-20,Sassuolo,1519,1513,67.5,33
3507,2016-04-20,Fiorentina,1564,1546,60.5,34
3507,2016-04-20,Udinese,1430,1448,39.5,33
3508,2016-04-21,AC Milan,1564,1557,74.3,35
3508,2016-04-21,Carpi,1440,1447,25.7,33
3509,2016-04-23,Inter Milan,1570,1582,74.1,36
3509,2016-04-23,Udinese,1448,1436,25.9,34
3510,2016-04-24,Atalanta,1445,1461,48.1,34
3510,2016-04-24,Chievo,1518,1503,51.9,34
3511,2016-04-24,Bologna,1434,1457,49.7,34
3511,2016-04-24,Genoa,1497,1474,50.3,34
3512,2016-04-24,Fiorentina,1546,1538,28.3,35
3512,2016-04-24,Juventus,1768,1776,71.7,37
3513,2016-04-24,Frosinone,1367,1340,61.6,34
3513,2016-04-24,Palermo,1346,1373,38.4,34
3514,2016-04-24,Lazio,1524,1509,51.0,34
3514,2016-04-24,Sampdoria,1457,1472,49.0,34
3515,2016-04-24,Sassuolo,1513,1538,45.7,34
3515,2016-04-24,Torino,1483,1459,54.3,34
3516,2016-04-25,AS Roma,1670,1683,57.1,34
3516,2016-04-25,Napoli,1680,1667,42.9,38
3517,2016-04-25,Carpi,1447,1460,57.0,34
3517,2016-04-25,Empoli,1458,1445,43.0,34
3518,2016-04-25,AC Milan,1557,1536,70.6,36
3518,2016-04-25,Hellas Verona,1345,1366,29.4,34
3519,2016-04-30,Chievo,1503,1502,53.6,35
3519,2016-04-30,Fiorentina,1538,1539,46.4,36
3520,2016-04-30,Torino,1459,1490,44.6,35
3520,2016-04-30,Udinese,1436,1405,55.4,35
3521,2016-05-01,AC Milan,1536,1527,81.4,37
3521,2016-05-01,Frosinone,1340,1349,18.6,35
3522,2016-05-01,Bologna,1457,1459,43.1,35
3522,2016-05-01,Empoli,1445,1443,56.9,35
3523,2016-05-01,Carpi,1460,1456,10.3,35
3523,2016-05-01,Juventus,1776,1781,89.7,38
3524,2016-05-01,Inter Milan,1582,1559,51.9,37
3524,2016-05-01,Lazio,1509,1532,48.1,35
3525,2016-05-01,Palermo,1373,1398,44.4,35
3525,2016-05-01,Sampdoria,1472,1447,55.6,35
3526,2016-05-01,Hellas Verona,1366,1360,20.8,35
3526,2016-05-01,Sassuolo,1538,1544,79.2,35
3527,2016-05-02,AS Roma,1683,1692,70.2,35
3527,2016-05-02,Genoa,1474,1465,29.8,35
3528,2016-05-02,Atalanta,1461,1456,17.7,35
3528,2016-05-02,Napoli,1667,1673,82.3,39
3529,2016-05-07,AC Milan,1527,1541,51.1,38
3529,2016-05-07,Bologna,1459,1445,48.9,36
3530,2016-05-07,Empoli,1443,1435,26.7,36
3530,2016-05-07,Inter Milan,1559,1567,73.3,38
3531,2016-05-08,AS Roma,1692,1702,80.8,36
3531,2016-05-08,Chievo,1502,1491,19.2,36
3532,2016-05-08,Atalanta,1456,1451,65.3,36
3532,2016-05-08,Udinese,1405,1410,34.7,36
3533,2016-05-08,Carpi,1456,1434,47.6,36
3533,2016-05-08,Lazio,1532,1554,52.4,36
3534,2016-05-08,Fiorentina,1539,1531,76.0,37
3534,2016-05-08,Palermo,1398,1406,24.0,36
3535,2016-05-08,Frosinone,1349,1340,31.5,36
3535,2016-05-08,Sassuolo,1544,1554,68.5,36
3536,2016-05-08,Hellas Verona,1360,1386,11.1,36
3536,2016-05-08,Juventus,1781,1754,88.9,39
3537,2016-05-08,Genoa,1465,1495,44.0,36
3537,2016-05-08,Sampdoria,1447,1418,56.0,36
3538,2016-05-08,Napoli,1673,1682,66.9,40
3538,2016-05-08,Torino,1490,1480,33.1,36
3539,2016-05-14,AC Milan,1541,1525,35.9,39
3539,2016-05-14,AS Roma,1702,1718,64.1,37
3540,2016-05-14,Juventus,1754,1760,90.7,40
3540,2016-05-14,Sampdoria,1418,1412,9.3,37
3541,2016-05-14,Frosinone,1340,1335,9.0,37
3541,2016-05-14,Napoli,1682,1688,91.0,41
3542,2016-05-14,Inter Milan,1567,1547,43.3,39
3542,2016-05-14,Sassuolo,1554,1573,56.7,37
3543,2016-05-15,Bologna,1445,1449,35.1,37
3543,2016-05-15,Chievo,1491,1487,64.9,37
3544,2016-05-15,Empoli,1435,1450,52.2,37
3544,2016-05-15,Torino,1480,1466,47.8,37
3545,2016-05-15,Atalanta,1451,1470,35.5,37
3545,2016-05-15,Genoa,1495,1475,64.5,37
3546,2016-05-15,Fiorentina,1531,1559,38.3,38
3546,2016-05-15,Lazio,1554,1526,61.7,37
3547,2016-05-15,Hellas Verona,1386,1375,38.7,37
3547,2016-05-15,Palermo,1406,1418,61.3,37
3548,2016-05-15,Carpi,1434,1451,44.9,37
3548,2016-05-15,Udinese,1410,1393,55.1,37
3549,2023-09-16,Fiorentina W,1500,1512,58.5,0
3549,2023-09-16,Sassuolo W,1500,1488,41.5,0
3550,2023-09-16,Juventus W,1476,1494,38.1,1
3550,2023-09-16,Pomigliano,1500,1481,61.9,0
3551,2023-09-17,AC Milan W,1500,1474,58.5,0
3551,2023-09-17,AS Roma W,1500,1526,41.5,0
3552,2023-09-17,Como W,1500,1512,58.5,0
3552,2023-09-17,Napoli W,1500,1488,41.5,0
3553,2023-09-17,FC Internazionale Milano W,1500,1526,41.5,0
3553,2023-09-17,Sampdoria W,1500,1474,58.5,0
3554,2023-09-30,AS Roma W,1526,1547,60.5,1
3554,2023-09-30,Como W,1512,1492,39.5,1
3555,2023-10-01,Juventus W,1494,1515,61.4,2
3555,2023-10-01,Sampdoria W,1474,1453,38.6,1
3556,2023-10-01,AC Milan W,1474,1492,39.5,1
3556,2023-10-01,Napoli W,1488,1469,60.5,1
3557,2023-10-01,Pomigliano,1481,1484,40.6,1
3557,2023-10-01,Sassuolo W,1488,1485,59.4,1
3558,2023-10-02,FC Internazionale Milano W,1526,1523,60.5,1
3558,2023-10-02,Fiorentina W,1512,1516,39.5,1
3559,2023-10-07,AC Milan W,1492,1475,55.3,2
3559,2023-10-07,Juventus W,1515,1531,44.7,3
3560,2023-10-07,AS Roma W,1547,1577,50.4,2
3560,2023-10-07,Pomigliano,1484,1454,49.6,2
3561,2023-10-07,Como W,1492,1508,46.9,2
3561,2023-10-07,Sampdoria W,1453,1437,53.1,2
3562,2023-10-08,Fiorentina W,1516,1531,64.8,2
3562,2023-10-08,Napoli W,1469,1454,35.2,2
3563,2023-10-08,FC Internazionale Milano W,1523,1539,46.9,2
3563,2023-10-08,Sassuolo W,1485,1469,53.1,2
3564,2023-10-14,AC Milan W,1475,1479,37.0,3
3564,2023-10-14,Como W,1508,1504,63.0,3
3565,2023-10-14,Napoli W,1454,1426,60.8,3
3565,2023-10-14,Sampdoria W,1437,1465,39.2,3
3566,2023-10-15,AS Roma W,1577,1593,63.7,3
3566,2023-10-15,FC Internazionale Milano W,1539,1523,36.3,3
3567,2023-10-15,Juventus W,1531,1550,66.9,4
3567,2023-10-15,Sassuolo W,1469,1450,33.1,3
3568,2023-10-15,Fiorentina W,1531,1556,52.4,3
3568,2023-10-15,Pomigliano,1454,1430,47.6,3
3569,2023-10-21,FC Internazionale Milano W,1523,1536,71.1,4
3569,2023-10-21,Napoli W,1426,1413,28.9,4
3570,2023-10-21,Como W,1504,1519,49.1,4
3570,2023-10-21,Sassuolo W,1450,1435,50.9,4
3571,2023-10-22,AC Milan W,1479,1497,65.3,4
3571,2023-10-22,Pomigliano,1430,1411,34.7,4
3572,2023-10-22,Fiorentina W,1556,1539,59.5,4
3572,2023-10-22,Juventus W,1550,1568,40.5,5
3573,2023-10-22,AS Roma W,1593,1617,59.7,4
3573,2023-10-22,Sampdoria W,1465,1441,40.3,4
3574,2023-11-04,AC Milan W,1497,1487,35.8,5
3574,2023-11-04,Fiorentina W,1539,1549,64.2,5
3575,2023-11-04,Pomigliano,1411,1395,54.4,5
3575,2023-11-04,Sampdoria W,1441,1457,45.6,5
3576,2023-11-05,Como W,1519,1532,56.2,5
3576,2023-11-05,FC Internazionale Milano W,1536,1523,43.8,5
3577,2023-11-05,AS Roma W,1617,1641,48.5,5
3577,2023-11-05,Juventus W,1568,1544,51.5,6
3578,2023-11-05,Napoli W,1413,1397,55.5,5
3578,2023-11-05,Sassuolo W,1435,1452,44.5,5
3579,2023-11-11,AC Milan W,1487,1483,63.3,6
3579,2023-11-11,Sassuolo W,1452,1456,36.7,6
3580,2023-11-11,AS Roma W,1641,1650,85.2,6
3580,2023-11-11,Napoli W,1397,1387,14.8,6
3581,2023-11-12,Como W,1532,1502,56.8,6
3581,2023-11-12,Juventus W,1544,1574,43.2,7
3582,2023-11-12,FC Internazionale Milano W,1523,1530,74.7,6
3582,2023-11-12,Pomigliano,1395,1387,25.3,6
3583,2023-11-12,Fiorentina W,1549,1563,54.6,6
3583,2023-11-12,Sampdoria W,1457,1443,45.4,6
3584,2023-11-18,AC Milan W,1483,1478,63.9,7
3584,2023-11-18,Sampdoria W,1443,1448,36.1,7
3585,2023-11-18,Como W,1502,1485,33.3,7
3585,2023-11-18,Fiorentina W,1563,1580,66.7,7
3586,2023-11-19,FC Internazionale Milano W,1530,1509,35.5,7
3586,2023-11-19,Juventus W,1574,1596,64.5,8
3587,2023-11-19,Napoli W,1387,1375,41.4,7
3587,2023-11-19,Pomigliano,1387,1400,58.6,7
3588,2023-11-19,AS Roma W,1650,1664,68.4,7
3588,2023-11-19,Sassuolo W,1456,1441,31.6,7
3589,2023-11-25,Como W,1485,1479,69.7,8
3589,2023-11-25,Pomigliano,1400,1406,30.3,8
3590,2023-11-25,AC Milan W,1478,1467,37.3,8
3590,2023-11-25,FC Internazionale Milano W,1509,1520,62.7,8
3591,2023-11-26,AS Roma W,1664,1673,69.6,8
3591,2023-11-26,Fiorentina W,1580,1571,30.4,8
3592,2023-11-26,Juventus W,1596,1608,71.6,9
3592,2023-11-26,Napoli W,1375,1362,28.4,8
3593,2023-11-26,Sampdoria W,1448,1414,59.4,8
3593,2023-11-26,Sassuolo W,1441,1475,40.6,8
3594,2023-12-09,FC Internazionale Milano W,1520,1513,72.2,9
3594,2023-12-09,Sampdoria W,1414,1421,27.8,9
3595,2023-12-09,Juventus W,1608,1618,81.9,10
3595,2023-12-09,Pomigliano,1406,1396,18.1,9
3596,2023-12-10,AC Milan W,1467,1462,17.8,9
3596,2023-12-10,AS Roma W,1673,1679,82.2,9
3597,2023-12-10,Como W,1479,1476,58.1,9
3597,2023-12-10,Napoli W,1362,1364,41.9,9
3598,2023-12-11,Fiorentina W,1571,1585,55.2,9
3598,2023-12-11,Sassuolo W,1475,1461,44.8,9
3599,2023-12-16,AC Milan W,1462,1456,71.2,10
3599,2023-12-16,Napoli W,1364,1371,28.8,10
3600,2023-12-16,Juventus W,1618,1598,68.8,11
3600,2023-12-16,Sampdoria W,1421,1441,31.2,10
3601,2023-12-17,AS Roma W,1679,1688,69.4,10
3601,2023-12-17,Como W,1476,1467,30.6,10
3602,2023-12-17,Pomigliano,1396,1373,49.2,10
3602,2023-12-17,Sassuolo W,1461,1483,50.8,10
3603,2023-12-18,FC Internazionale Milano W,1513,1499,32.0,10
3603,2023-12-18,Fiorentina W,1585,1599,68.0,10
3604,2024-01-13,AS Roma W,1688,1693,89.6,11
3604,2024-01-13,Pomigliano,1373,1368,10.4,11
3605,2024-01-13,AC Milan W,1456,1448,23.8,11
3605,2024-01-13,Juventus W,1598,1605,76.2,12
3606,2024-01-13,Fiorentina W,1599,1611,72.5,11
3606,2024-01-13,Napoli W,1371,1358,27.5,11
3607,2024-01-14,Como W,1467,1449,62.1,11
3607,2024-01-14,Sampdoria W,1441,1460,37.9,11
3608,2024-01-14,FC Internazionale Milano W,1499,1481,60.7,11
3608,2024-01-14,Sassuolo W,1483,1502,39.3,11
3609,2024-01-20,AS Roma W,1693,1661,70.6,12
3609,2024-01-20,FC Internazionale Milano W,1481,1513,29.4,12
3610,2024-01-20,Napoli W,1358,1365,28.3,12
3610,2024-01-20,Sampdoria W,1460,1454,71.7,12
3611,2024-01-21,Fiorentina W,1611,1618,85.2,12
3611,2024-01-21,Pomigliano,1368,1361,14.8,12
3612,2024-01-21,Juventus W,1605,1618,56.2,13
3612,2024-01-21,Sassuolo W,1502,1489,43.8,12
3613,2024-01-22,AC Milan W,1448,1461,58.5,12
3613,2024-01-22,Como W,1449,1436,41.5,12
3614,2024-01-27,AS Roma W,1661,1669,82.4,13
3614,2024-01-27,Sampdoria W,1454,1446,17.6,13
3615,2024-01-27,FC Internazionale Milano W,1513,1524,62.4,13
3615,2024-01-27,Napoli W,1365,1354,37.6,13
3616,2024-01-28,Como W,1436,1421,51.1,13
3616,2024-01-28,Sassuolo W,1489,1504,48.9,13
3617,2024-01-28,AC Milan W,1461,1459,55.7,13
3617,2024-01-28,Pomigliano,1361,1363,44.3,13
3618,2024-01-29,Fiorentina W,1618,1621,41.5,13
3618,2024-01-29,Juventus W,1618,1616,58.5,14
3619,2024-02-03,AC Milan W,1459,1463,35.8,14
3619,2024-02-03,Fiorentina W,1621,1616,64.2,14
3620,2024-02-03,Como W,1421,1442,28.1,14
3620,2024-02-03,FC Internazionale Milano W,1524,1502,71.9,14
3621,2024-02-03,Napoli W,1354,1343,23.0,14
3621,2024-02-03,Sassuolo W,1504,1514,77.0,14
3622,2024-02-04,AS Roma W,1669,1685,65.8,14
3622,2024-02-04,Juventus W,1616,1600,34.2,15
3623,2024-02-04,Pomigliano,1363,1354,30.6,14
3623,2024-02-04,Sampdoria W,1446,1455,69.4,14
3624,2024-02-10,AS Roma W,1685,1690,83.5,15
3624,2024-02-10,Napoli W,1343,1338,16.5,15
3625,2024-02-10,AC Milan W,1463,1453,34.6,15
3625,2024-02-10,Sassuolo W,1514,1525,65.4,15
3626,2024-02-11,Fiorentina W,1616,1623,78.2,15
3626,2024-02-11,Sampdoria W,1455,1448,21.8,15
3627,2024-02-11,Como W,1442,1429,22.2,15
3627,2024-02-11,Juventus W,1600,1613,77.8,16
3628,2024-02-11,FC Internazionale Milano W,1502,1523,62.5,15
3628,2024-02-11,Pomigliano,1354,1333,37.5,15
3629,2024-02-13,AS Roma W,1690,1701,78.5,16
3629,2024-02-13,Sassuolo W,1525,1513,21.5,16
3630,2024-02-14,Como W,1429,1420,31.6,16
3630,2024-02-14,Fiorentina W,1623,1632,68.4,16
3631,2024-02-14,FC Internazionale Milano W,1523,1503,45.7,16
3631,2024-02-14,Juventus W,1613,1634,54.3,17
3632,2024-02-14,AC Milan W,1453,1479,42.1,16
3632,2024-02-14,Sampdoria W,1448,1422,57.9,16
3633,2024-02-15,Napoli W,1338,1357,59.3,16
3633,2024-02-15,Pomigliano,1333,1314,40.7,16
3634,2024-02-17,AS Roma W,1701,1716,51.2,17
3634,2024-02-17,Fiorentina W,1632,1618,48.8,17
3635,2024-02-17,Sampdoria W,1422,1409,29.5,17
3635,2024-02-17,Sassuolo W,1513,1527,70.5,17
3636,2024-02-18,AC Milan W,1479,1493,55.2,17
3636,2024-02-18,FC Internazionale Milano W,1503,1489,44.8,17
3637,2024-02-18,Juventus W,1634,1641,87.5,18
3637,2024-02-18,Napoli W,1357,1350,12.5,17
3638,2024-02-18,Como W,1420,1433,56.5,17
3638,2024-02-18,Pomigliano,1314,1301,43.5,17
3639,2024-03-16,Pomigliano,1301,1275,43.2,18
3639,2024-03-16,Sampdoria W,1409,1435,56.8,18
3640,2024-03-16,Fiorentina W,1618,1601,54.5,18
3640,2024-03-16,Sassuolo W,1527,1543,45.5,18
3641,2024-03-17,Como W,1433,1427,69.4,18
3641,2024-03-17,Napoli W,1350,1356,30.6,18
3642,2024-03-17,FC Internazionale Milano W,1489,1493,37.2,18
3642,2024-03-17,Juventus W,1641,1637,62.8,19
3643,2024-03-23,AS Roma W,1716,1727,79.2,18
3643,2024-03-23,Sassuolo W,1543,1532,20.8,19
3644,2024-03-23,Como W,1427,1415,40.3,19
3644,2024-03-23,Sampdoria W,1435,1447,59.7,19
3645,2024-03-24,AC Milan W,1493,1502,83.1,18
3645,2024-03-24,Pomigliano,1275,1266,16.9,19
3646,2024-03-24,FC Internazionale Milano W,1493,1531,27.5,19
3646,2024-03-24,Fiorentina W,1601,1563,72.5,19
3647,2024-03-29,AS Roma W,1727,1736,68.5,19
3647,2024-03-29,FC Internazionale Milano W,1531,1522,31.5,20
3648,2024-03-30,AC Milan W,1502,1526,53.9,19
3648,2024-03-30,Como W,1415,1391,46.1,20
3649,2024-03-30,Fiorentina W,1563,1546,31.7,20
3649,2024-03-30,Juventus W,1637,1655,68.3,20
3650,2024-03-30,Napoli W,1356,1380,45.5,19
3650,2024-03-30,Sampdoria W,1447,1422,54.5,20
3651,2024-04-13,FC Internazionale Milano W,1522,1510,40.0,21
3651,2024-04-13,Sassuolo W,1532,1544,60.0,20
3652,2024-04-14,AC Milan W,1526,1533,76.6,20
3652,2024-04-14,Napoli W,1380,1373,23.4,20
3653,2024-04-14,Como W,1391,1403,59.2,21
3653,2024-04-14,Pomigliano,1266,1254,40.8,20
3654,2024-04-15,AS Roma W,1736,1745,69.3,20
3654,2024-04-15,Juventus W,1655,1645,30.7,21
3655,2024-04-20,AS Roma W,1745,1739,69.1,21
3655,2024-04-20,Fiorentina W,1546,1551,30.9,21
3656,2024-04-20,Juventus W,1645,1654,71.7,22
3656,2024-04-20,Sassuolo W,1544,1536,28.3,21
3657,2024-04-21,Napoli W,1373,1366,73.8,21
3657,2024-04-21,Pomigliano,1254,1261,26.2,21
3658,2024-04-21,AC Milan W,1533,1552,57.3,21
3658,2024-04-21,Sampdoria W,1422,1403,42.7,21
3659,2024-04-26,FC Internazionale Milano W,1510,1544,23.6,22
3659,2024-04-26,Juventus W,1654,1620,76.4,23
3660,2024-04-27,Fiorentina W,1551,1548,60.7,22
3660,2024-04-27,Sassuolo W,1536,1539,39.3,22
3661,2024-04-27,Como W,1403,1404,46.6,22
3661,2024-04-27,Napoli W,1366,1365,53.4,22
3662,2024-04-27,Pomigliano,1261,1269,23.8,22
3662,2024-04-27,Sampdoria W,1403,1395,76.2,22
3663,2024-05-01,Como W,1404,1422,59.7,23
3663,2024-05-01,Sampdoria W,1395,1377,40.3,23
3664,2024-05-01,FC Internazionale Milano W,1544,1542,58.0,23
3664,2024-05-01,Fiorentina W,1548,1551,42.0,23
3665,2024-05-01,AC Milan W,1552,1544,78.4,22
3665,2024-05-01,Pomigliano,1269,1277,21.6,23
3666,2024-05-01,AS Roma W,1739,1749,69.2,22
3666,2024-05-01,Sassuolo W,1539,1530,30.8,23
3667,2024-05-05,AC Milan W,1544,1552,74.0,23
3667,2024-05-05,Como W,1422,1414,26.0,24
3668,2024-05-05,AS Roma W,1749,1754,82.3,23
3668,2024-05-05,FC Internazionale Milano W,1542,1537,17.7,24
3669,2024-05-05,Napoli W,1365,1347,39.8,23
3669,2024-05-05,Sampdoria W,1377,1395,60.2,24
3670,2024-05-06,Fiorentina W,1551,1529,48.7,24
3670,2024-05-06,Juventus W,1620,1641,51.3,24
3671,2024-05-12,Como W,1414,1425,75.6,25
3671,2024-05-12,Pomigliano,1277,1266,24.4,24
3672,2024-05-12,FC Internazionale Milano W,1537,1510,59.5,25
3672,2024-05-12,Sassuolo W,1530,1556,40.5,24
3673,2024-05-12,AC Milan W,1552,1546,69.7,24
3673,2024-05-12,Napoli W,1347,1353,30.3,24
3674,2024-05-13,AS Roma W,1754,1728,57.5,24
3674,2024-05-13,Juventus W,1641,1667,42.5,25
3675,2024-05-18,AC Milan W,1546,1556,77.1,25
3675,2024-05-18,Sampdoria W,1395,1385,22.9,25
3676,2024-05-18,Juventus W,1667,1680,57.3,26
3676,2024-05-18,Sassuolo W,1556,1544,42.7,25
3677,2024-05-19,AS Roma W,1728,1739,81.7,25
3677,2024-05-19,Fiorentina W,1529,1518,18.3,25
3678,2024-05-19,Napoli W,1353,1329,53.9,25
3678,2024-05-19,Pomigliano,1266,1291,46.1,25
3679,2021-06-11,Italy,1484,1511,47.7,1
3679,2021-06-11,Turkey,1500,1473,52.3,0
3680,2021-06-12,Belgium,1579,1601,58.1,8
3680,2021-06-12,Russia,1522,1500,41.9,5
3681,2021-06-12,Denmark,1515,1499,52.1,4
3681,2021-06-12,Finland,1500,1516,47.9,0
3682,2021-06-12,Switzerland,1502,1502,50.3,4
3682,2021-06-12,Wales,1500,1500,49.7,0
3683,2021-06-13,Austria,1500,1522,50.0,0
3683,2021-06-13,North Macedonia,1500,1478,50.0,0
3684,2021-06-13,Croatia,1549,1532,57.8,7
3684,2021-06-13,England,1495,1512,42.2,9
3685,2021-06-13,Netherlands,1559,1572,58.5,5
3685,2021-06-13,Ukraine,1500,1488,41.5,0
3686,2021-06-14,Poland,1476,1462,46.6,3
3686,2021-06-14,Slovakia,1500,1514,53.4,0
3687,2021-06-14,Czech Republic,1500,1522,50.0,0
3687,2021-06-14,Scotland,1500,1478,50.0,0
3688,2021-06-14,Spain,1514,1513,52.4,4
3688,2021-06-14,Sweden,1498,1498,47.6,7
3689,2021-06-15,France,1585,1595,66.5,8
3689,2021-06-15,Germany,1466,1456,33.5,6
3690,2021-06-15,Hungary,1500,1474,50.0,0
3690,2021-06-15,Portugal,1500,1526,50.0,4
3691,2021-06-16,Finland,1516,1500,52.2,1
3691,2021-06-16,Russia,1500,1516,47.8,6
3692,2021-06-16,Italy,1511,1537,51.3,2
3692,2021-06-16,Switzerland,1502,1477,48.7,5
3693,2021-06-16,Turkey,1473,1452,46.0,1
3693,2021-06-16,Wales,1500,1521,54.0,1
3694,2021-06-17,Belgium,1601,1612,64.3,9
3694,2021-06-17,Denmark,1499,1488,35.7,5
3695,2021-06-17,Austria,1522,1503,43.0,1
3695,2021-06-17,Netherlands,1572,1591,57.0,6
3696,2021-06-17,North Macedonia,1478,1463,48.6,1
3696,2021-06-17,Ukraine,1488,1502,51.4,1
3697,2021-06-18,Croatia,1532,1531,51.3,8
3697,2021-06-18,Czech Republic,1522,1523,48.7,1
3698,2021-06-18,England,1512,1510,54.9,10
3698,2021-06-18,Scotland,1478,1479,45.1,1
3699,2021-06-18,Slovakia,1514,1498,52.2,1
3699,2021-06-18,Sweden,1498,1514,47.8,8
3700,2021-06-19,France,1595,1590,66.8,9
3700,2021-06-19,Hungary,1474,1479,33.2,1
3701,2021-06-19,Germany,1456,1483,40.0,7
3701,2021-06-19,Portugal,1526,1499,60.0,5
3702,2021-06-19,Poland,1462,1464,42.7,4
3702,2021-06-19,Spain,1513,1511,57.3,5
3703,2021-06-20,Italy,1537,1551,52.3,3
3703,2021-06-20,Wales,1521,1507,47.7,2
3704,2021-06-20,Switzerland,1477,1498,53.6,6
3704,2021-06-20,Turkey,1452,1431,46.4,2
3705,2021-06-21,Belgium,1612,1627,65.6,10
3705,2021-06-21,Finland,1500,1484,34.4,2
3706,2021-06-21,Netherlands,1591,1608,67.7,7
3706,2021-06-21,North Macedonia,1463,1446,32.3,2
3707,2021-06-21,Denmark,1488,1517,46.1,6
3707,2021-06-21,Russia,1516,1487,53.9,7
3708,2021-06-21,Austria,1503,1518,50.2,2
3708,2021-06-21,Ukraine,1502,1487,49.8,2
3709,2021-06-22,Croatia,1531,1550,57.5,9
3709,2021-06-22,Scotland,1479,1460,42.5,2
3710,2021-06-22,Czech Republic,1523,1507,51.8,2
3710,2021-06-22,England,1510,1526,48.2,11
3711,2021-06-23,Germany,1483,1483,50.6,8
3711,2021-06-23,Hungary,1479,1479,49.4,2
3712,2021-06-23,France,1590,1586,62.8,10
3712,2021-06-23,Portugal,1499,1503,37.2,6
3713,2021-06-23,Slovakia,1498,1469,48.2,2
3713,2021-06-23,Spain,1511,1540,51.8,6
3714,2021-06-23,Poland,1464,1452,42.9,5
3714,2021-06-23,Sweden,1514,1527,57.1,9
3715,2021-06-26,Austria,1518,1505,45.2,3
3715,2021-06-26,Italy,1551,1565,54.8,4
3716,2021-06-26,Denmark,1517,1544,51.5,7
3716,2021-06-26,Wales,1507,1479,48.5,3
3717,2021-06-27,Belgium,1627,1637,67.1,11
3717,2021-06-27,Portugal,1503,1493,32.9,7
3718,2021-06-27,Czech Republic,1507,1536,35.9,3
3718,2021-06-27,Netherlands,1608,1579,64.1,8
3719,2021-06-28,Croatia,1550,1527,51.5,10
3719,2021-06-28,Spain,1540,1563,48.5,7
3720,2021-06-28,France,1586,1582,62.5,11
3720,2021-06-28,Switzerland,1498,1501,37.5,7
3721,2021-06-29,England,1526,1546,56.2,12
3721,2021-06-29,Germany,1483,1463,43.8,9
3722,2021-06-29,Sweden,1527,1510,55.7,10
3722,2021-06-29,Ukraine,1487,1504,44.3,3
3723,2021-07-02,Belgium,1637,1619,60.2,12
3723,2021-07-02,Italy,1565,1583,39.8,5
3724,2021-07-02,Spain,1563,1561,58.8,8
3724,2021-07-02,Switzerland,1501,1504,41.2,8
3725,2021-07-03,Czech Republic,1536,1522,48.9,4
3725,2021-07-03,Denmark,1544,1559,51.1,8
3726,2021-07-03,England,1546,1570,56.0,13
3726,2021-07-03,Ukraine,1504,1479,44.0,4
3727,2021-07-06,Italy,1583,1582,53.2,6
3727,2021-07-06,Spain,1561,1562,46.8,9
3728,2021-07-07,Denmark,1559,1544,48.3,9
3728,2021-07-07,England,1570,1585,51.7,14
3729,2021-07-11,England,1585,1585,50.4,15
3729,2021-07-11,Italy,1582,1582,49.6,7
3730,2024-06-14,Germany,1478,1504,52.6,13
3730,2024-06-14,Scotland,1460,1433,47.4,3
3731,2024-06-15,Hungary,1479,1457,48.2,3
3731,2024-06-15,Switzerland,1492,1513,51.8,13
3732,2024-06-15,Albania,1500,1488,38.4,0
3732,2024-06-15,Italy,1582,1594,61.6,8
3733,2024-06-15,Croatia,1541,1516,47.3,18
3733,2024-06-15,Spain,1560,1585,52.7,14
3734,2024-06-16,Netherlands,1621,1629,73.6,14
3734,2024-06-16,Poland,1443,1435,26.4,10
3735,2024-06-16,England,1620,1629,71.8,21
3735,2024-06-16,Serbia,1458,1450,28.2,6
3736,2024-06-16,Denmark,1511,1510,51.5,13
3736,2024-06-16,Slovenia,1500,1500,48.5,0
3737,2024-06-17,Austria,1505,1495,31.9,4
3737,2024-06-17,France,1636,1646,68.1,19
3738,2024-06-17,Belgium,1595,1575,67.3,16
3738,2024-06-17,Slovakia,1469,1490,32.7,3
3739,2024-06-17,Romania,1489,1515,51.5,1
3739,2024-06-17,Ukraine,1479,1454,48.5,5
3740,2024-06-18,Czech Republic,1522,1507,48.8,5
3740,2024-06-18,Portugal,1530,1544,51.2,13
3741,2024-06-18,Georgia,1500,1473,59.8,0
3741,2024-06-18,Turkey,1431,1458,40.2,3
3742,2024-06-19,Albania,1488,1490,46.0,1
3742,2024-06-19,Croatia,1516,1515,54.0,19
3743,2024-06-19,Germany,1504,1524,56.7,14
3743,2024-06-19,Hungary,1457,1438,43.3,4
3744,2024-06-19,Scotland,1433,1437,38.7,4
3744,2024-06-19,Switzerland,1513,1510,61.3,14
3745,2024-06-20,Denmark,1510,1515,33.6,14
3745,2024-06-20,England,1629,1624,66.4,22
3746,2024-06-20,Serbia,1450,1452,42.7,7
3746,2024-06-20,Slovenia,1500,1498,57.3,1
3747,2024-06-20,Italy,1594,1578,51.2,9
3747,2024-06-20,Spain,1585,1600,48.8,15
3748,2024-06-21,France,1646,1645,52.4,20
3748,2024-06-21,Netherlands,1629,1630,47.6,15
3749,2024-06-21,Austria,1495,1514,58.5,5
3749,2024-06-21,Poland,1435,1416,41.5,11
3750,2024-06-21,Slovakia,1490,1473,55.2,4
3750,2024-06-21,Ukraine,1454,1470,44.8,6
3751,2024-06-22,Belgium,1575,1594,58.6,17
3751,2024-06-22,Romania,1515,1496,41.4,2
3752,2024-06-22,Czech Republic,1507,1505,54.9,6
3752,2024-06-22,Georgia,1473,1475,45.1,1
3753,2024-06-22,Portugal,1544,1564,62.2,14
3753,2024-06-22,Turkey,1458,1438,37.8,4
3754,2024-06-23,Hungary,1438,1453,50.2,5
3754,2024-06-23,Scotland,1437,1422,49.8,5
3755,2024-06-23,Germany,1524,1523,52.0,15
3755,2024-06-23,Switzerland,1510,1511,48.0,15
3756,2024-06-24,Albania,1490,1479,34.6,2
3756,2024-06-24,Spain,1600,1611,65.4,16
3757,2024-06-24,Croatia,1515,1518,41.0,20
3757,2024-06-24,Italy,1578,1576,59.0,10
3758,2024-06-25,Denmark,1515,1513,59.0,15
3758,2024-06-25,Serbia,1452,1455,41.0,8
3759,2024-06-25,England,1624,1619,67.3,23
3759,2024-06-25,Slovenia,1498,1503,32.7,2
3760,2024-06-25,France,1645,1636,78.9,21
3760,2024-06-25,Poland,1416,1425,21.1,12
3761,2024-06-25,Austria,1514,1533,33.9,6
3761,2024-06-25,Netherlands,1630,1610,66.1,16
3762,2024-06-26,Czech Republic,1505,1488,59.6,7
3762,2024-06-26,Turkey,1438,1456,40.4,5
3763,2024-06-26,Georgia,1475,1503,37.4,2
3763,2024-06-26,Portugal,1564,1536,62.6,15
3764,2024-06-26,Romania,1496,1495,53.3,3
3764,2024-06-26,Slovakia,1473,1474,46.7,5
3765,2024-06-26,Belgium,1594,1588,67.0,18
3765,2024-06-26,Ukraine,1470,1475,33.0,7
3766,2024-06-29,Denmark,1513,1491,48.5,16
3766,2024-06-29,Germany,1523,1545,51.5,16
3767,2024-06-29,Italy,1576,1549,59.2,11
3767,2024-06-29,Switzerland,1511,1537,40.8,16
3768,2024-06-30,England,1619,1628,69.7,24
3768,2024-06-30,Slovakia,1474,1465,30.3,6
3769,2024-06-30,Georgia,1503,1484,34.9,3
3769,2024-06-30,Spain,1611,1629,65.1,17
3770,2024-07-01,Belgium,1588,1575,43.1,19
3770,2024-07-01,France,1636,1649,56.9,22
3771,2024-07-01,Portugal,1536,1535,54.7,16
3771,2024-07-01,Slovenia,1503,1505,45.3,3
3772,2024-07-02,Austria,1533,1515,61.0,7
3772,2024-07-02,Turkey,1456,1474,39.0,6
3773,2024-07-02,Netherlands,1610,1628,66.0,17
3773,2024-07-02,Romania,1495,1477,34.0,4
3774,2024-07-05,France,1649,1645,65.9,23
3774,2024-07-05,Portugal,1535,1539,34.1,17
3775,2024-07-05,Germany,1545,1534,38.1,17
3775,2024-07-05,Spain,1629,1640,61.9,18
3776,2024-07-06,England,1628,1624,62.7,25
3776,2024-07-06,Switzerland,1537,1541,37.3,17
3777,2024-07-06,Netherlands,1628,1637,70.8,18
3777,2024-07-06,Turkey,1474,1465,29.2,7
3778,2024-07-09,France,1645,1629,50.6,24
3778,2024-07-09,Spain,1640,1656,49.4,19
3779,2024-07-10,England,1624,1640,48.2,26
3779,2024-07-10,Netherlands,1637,1621,51.8,19
3780,2024-07-14,England,1640,1625,47.7,27
3780,2024-07-14,Spain,1656,1670,52.3,20
3781,1989-03-15,Juventus W,1500,1476,46.3,0
3781,1989-03-15,Napoli,1526,1550,53.7,1
3782,1989-04-05,Bayern Munich,1500,1481,42.9,0
3782,1989-04-05,Napoli,1550,1569,57.1,2
3783,1989-05-03,Napoli,1569,1581,59.8,3
3783,1989-05-03,VfB Stuttgart,1500,1488,40.2,0
3784,2022-07-06,Austria Women's,1500,1488,41.0,0
3784,2022-07-06,England Women's,1564,1576,59.0,7
3785,2022-07-07,Northern Ireland W,1500,1474,49.8,0
3785,2022-07-07,Norway Women's,1501,1527,50.2,5
3786,2022-07-08,Denmark Women's,1500,1476,41.8,0
3786,2022-07-08,Germany Women's,1558,1581,58.2,5
3787,2022-07-08,Spain Women's,1495,1522,49.3,4
3787,2022-07-08,WNT Finland,1500,1473,50.7,0
3788,2022-07-09,Netherlands Women's,1578,1577,52.8,7
3788,2022-07-09,Sweden Women's,1558,1559,47.2,7
3789,2022-07-09,Portugal Women's,1500,1500,50.0,0
3789,2022-07-09,Switzerland Women's,1500,1500,50.0,0
3790,2022-07-10,Belgium Women's,1500,1500,50.0,0
3790,2022-07-10,Iceland Women's,1500,1500,50.0,0
3791,2022-07-10,France Women's,1556,1582,54.5,5
3791,2022-07-10,Italy Women's,1525,1499,45.5,5
3792,2022-07-11,Austria Women's,1488,1509,52.0,1
3792,2022-07-11,Northern Ireland W,1474,1452,48.0,1
3793,2022-07-11,England Women's,1576,1607,57.0,8
3793,2022-07-11,Norway Women's,1527,1497,43.0,6
3794,2022-07-12,Denmark Women's,1476,1491,50.4,1
3794,2022-07-12,WNT Finland,1473,1459,49.6,1
3795,2022-07-12,Germany Women's,1581,1600,58.4,6
3795,2022-07-12,Spain Women's,1522,1503,41.6,5
3796,2022-07-13,Netherlands Women's,1577,1588,60.9,8
3796,2022-07-13,Portugal Women's,1500,1488,39.1,1
3797,2022-07-13,Sweden Women's,1559,1572,58.4,8
3797,2022-07-13,Switzerland Women's,1500,1488,41.6,1
3798,2022-07-14,Belgium Women's,1500,1488,38.5,1
3798,2022-07-14,France Women's,1582,1593,61.5,6
3799,2022-07-14,Iceland Women's,1500,1500,50.1,1
3799,2022-07-14,Italy Women's,1499,1499,49.9,6
3800,2022-07-15,Austria Women's,1509,1524,51.8,2
3800,2022-07-15,Norway Women's,1497,1482,48.2,7
3801,2022-07-15,England Women's,1607,1624,70.9,9
3801,2022-07-15,Northern Ireland W,1452,1435,29.1,2
3802,2022-07-16,Denmark Women's,1491,1477,48.3,2
3802,2022-07-16,Spain Women's,1503,1518,51.7,6
3803,2022-07-16,Germany Women's,1600,1616,69.3,7
3803,2022-07-16,WNT Finland,1459,1442,30.7,2
3804,2022-07-17,Portugal Women's,1488,1465,38.2,2
3804,2022-07-17,Sweden Women's,1572,1595,61.8,9
3805,2022-07-17,Netherlands Women's,1588,1607,64.1,9
3805,2022-07-17,Switzerland Women's,1488,1469,35.9,2
3806,2022-07-18,France Women's,1593,1589,63.1,7
3806,2022-07-18,Iceland Women's,1500,1504,36.9,2
3807,2022-07-18,Belgium Women's,1488,1504,48.5,2
3807,2022-07-18,Italy Women's,1499,1484,51.5,7
3808,2022-07-20,England Women's,1624,1635,64.8,10
3808,2022-07-20,Spain Women's,1518,1507,35.2,7
3809,2022-07-21,Austria Women's,1524,1507,37.0,3
3809,2022-07-21,Germany Women's,1616,1633,63.0,8
3810,2022-07-22,Belgium Women's,1504,1493,37.2,3
3810,2022-07-22,Sweden Women's,1595,1606,62.8,10
3811,2022-07-23,France Women's,1589,1605,47.4,8
3811,2022-07-23,Netherlands Women's,1607,1592,52.6,10
3812,2022-07-26,England Women's,1635,1660,54.1,11
3812,2022-07-26,Sweden Women's,1606,1580,45.9,11
3813,2022-07-27,France Women's,1605,1591,46.0,9
3813,2022-07-27,Germany Women's,1633,1646,54.0,9
3814,2022-07-31,England Women's,1660,1675,52.0,12
3814,2022-07-31,Germany Women's,1646,1632,48.0,10
3815,2025-07-02,Iceland Women's,1504,1486,58.8,3
3815,2025-07-02,WNT Finland,1442,1460,41.2,3
3816,2025-07-02,Norway Women's,1482,1497,52.5,12
3816,2025-07-02,Switzerland Women's,1465,1451,47.5,7
3817,2025-07-03,Belgium Women's,1493,1476,54.8,4
3817,2025-07-03,Italy Women's,1459,1476,45.2,11
3818,2025-07-03,Portugal Women's,1487,1467,33.1,6
3818,2025-07-03,Spain Women's,1609,1629,66.9,15
3819,2025-07-04,Denmark Women's,1487,1478,29.3,7
3819,2025-07-04,Sweden Women's,1640,1649,70.7,19
3820,2025-07-04,Germany Women's,1623,1638,67.0,14
3820,2025-07-04,Poland Women's,1500,1485,33.0,0
3821,2025-07-05,England Women's,1698,1680,59.6,20
3821,2025-07-05,France Women's,1631,1649,40.4,15
3822,2025-07-05,Netherlands Women's,1618,1636,66.3,16
3822,2025-07-05,Wales W,1500,1482,33.7,0
3823,2025-07-06,Norway Women's,1497,1510,55.2,13
3823,2025-07-06,WNT Finland,1460,1447,44.8,4
3824,2025-07-06,Iceland Women's,1486,1461,55.1,4
3824,2025-07-06,Switzerland Women's,1451,1476,44.9,8
3825,2025-07-07,Italy Women's,1476,1475,51.2,12
3825,2025-07-07,Portugal Women's,1467,1468,48.8,7
3826,2025-07-07,Belgium Women's,1476,1460,29.3,5
3826,2025-07-07,Spain Women's,1629,1646,70.7,16
3827,2025-07-08,Denmark Women's,1478,1469,28.4,8
3827,2025-07-08,Germany Women's,1638,1647,71.6,15
3828,2025-07-08,Poland Women's,1485,1470,28.1,1
3828,2025-07-08,Sweden Women's,1649,1663,71.9,20
3829,2025-07-09,England Women's,1680,1705,56.4,21
3829,2025-07-09,Netherlands Women's,1636,1611,43.6,17
3830,2025-07-09,France Women's,1649,1663,72.3,16
3830,2025-07-09,Wales W,1482,1468,27.7,1
3831,2025-07-10,Iceland Women's,1461,1449,43.1,5
3831,2025-07-10,Norway Women's,1510,1523,56.9,14
3832,2025-07-10,Switzerland Women's,1476,1474,54.2,9
3832,2025-07-10,WNT Finland,1447,1448,45.8,5
3833,2025-07-11,Italy Women's,1475,1463,27.3,13
3833,2025-07-11,Spain Women's,1646,1658,72.7,17
3834,2025-07-11,Belgium Women's,1460,1475,48.9,6
3834,2025-07-11,Portugal Women's,1468,1452,51.1,8
3835,2025-07-12,Denmark Women's,1469,1454,49.8,9
3835,2025-07-12,Poland Women's,1470,1485,50.2,2
3836,2025-07-12,Germany Women's,1647,1622,47.6,16
3836,2025-07-12,Sweden Women's,1663,1688,52.4,21
3837,2025-07-13,England Women's,1705,1717,79.6,22
3837,2025-07-13,Wales W,1468,1456,20.4,2
3838,2025-07-13,France Women's,1663,1686,57.4,17
3838,2025-07-13,Netherlands Women's,1611,1589,42.6,18
3839,2025-07-16,Italy Women's,1463,1481,41.5,14
3839,2025-07-16,Norway Women's,1523,1505,58.5,15
3840,2025-07-17,England Women's,1717,1716,54.1,23
3840,2025-07-17,Sweden Women's,1688,1690,45.9,22
3841,2025-07-18,Spain Women's,1658,1669,74.2,18
3841,2025-07-18,Switzerland Women's,1474,1463,25.8,10
3842,2025-07-19,France Women's,1686,1683,59.1,18
3842,2025-07-19,Germany Women's,1622,1624,40.9,17
3843,2025-07-22,England Women's,1716,1722,79.5,24
3843,2025-07-22,Italy Women's,1481,1475,20.5,15
3844,2025-07-23,Germany Women's,1624,1611,43.6,18
3844,2025-07-23,Spain Women's,1669,1682,56.4,19
3845,2025-07-27,England Women's,1722,1720,55.6,25
3845,2025-07-27,Spain Women's,1682,1684,44.4,20
3846,2019-06-07,France Women's,1500,1528,50.0,0
3846,2019-06-07,Korea Republic Women's,1500,1472,50.0,0
3847,2019-06-08,China PR Women's,1500,1485,50.0,0
3847,2019-06-08,Germany Women's,1500,1515,50.0,0
3848,2019-06-08,Nigeria Women's,1500,1474,50.0,0
3848,2019-06-08,Norway Women's,1500,1526,50.0,0
3849,2019-06-08,South Africa Women's,1500,1478,50.0,0
3849,2019-06-08,Spain Women's,1500,1522,50.0,0
3850,2019-06-09,Australia Women's,1500,1485,50.0,0
3850,2019-06-09,Italy Women's,1500,1515,50.0,0
3851,2019-06-09,Brazil Women's,1500,1526,50.0,0
3851,2019-06-09,Jamaica Women's,1500,1474,50.0,0
3852,2019-06-09,England Women's,1500,1515,50.0,0
3852,2019-06-09,Scotland W,1500,1485,50.0,0
3853,2019-06-10,Argentina Women's,1500,1500,50.0,0
3853,2019-06-10,Japan Women's,1500,1500,50.0,0
3854,2019-06-10,Cameroon W,1500,1485,50.0,0
3854,2019-06-10,Canada Women's,1500,1515,50.0,0
3855,2019-06-11,Chile Women's,1500,1478,50.0,0
3855,2019-06-11,Sweden Women's,1500,1522,50.0,0
3856,2019-06-11,Netherlands Women's,1500,1515,50.0,0
3856,2019-06-11,New Zealand Women's,1500,1485,50.0,0
3857,2019-06-11,Thailand W,1500,1455,50.0,0
3857,2019-06-11,United States Women's,1500,1545,50.0,0
3858,2019-06-12,France Women's,1528,1543,50.3,1
3858,2019-06-12,Norway Women's,1526,1511,49.7,1
3859,2019-06-12,Germany Women's,1515,1530,48.9,1
3859,2019-06-12,Spain Women's,1522,1507,51.1,1
3860,2019-06-12,Korea Republic Women's,1472,1449,49.7,1
3860,2019-06-12,Nigeria Women's,1474,1496,50.3,1
3861,2019-06-13,Australia Women's,1485,1502,44.1,1
3861,2019-06-13,Brazil Women's,1526,1509,55.9,1
3862,2019-06-13,China PR Women's,1485,1500,51.1,1
3862,2019-06-13,South Africa Women's,1478,1463,48.9,1
3863,2019-06-14,Argentina Women's,1500,1486,47.8,1
3863,2019-06-14,England Women's,1515,1529,52.2,1
3864,2019-06-14,Italy Women's,1515,1541,55.9,1
3864,2019-06-14,Jamaica Women's,1474,1447,44.1,1
3865,2019-06-14,Japan Women's,1500,1514,52.2,1
3865,2019-06-14,Scotland W,1485,1471,47.8,1
3866,2019-06-15,Canada Women's,1515,1536,54.3,1
3866,2019-06-15,New Zealand Women's,1485,1464,45.7,1
3867,2019-06-15,Cameroon W,1485,1464,45.7,1
3867,2019-06-15,Netherlands Women's,1515,1536,54.3,1
3868,2019-06-16,Sweden Women's,1522,1545,59.6,1
3868,2019-06-16,Thailand W,1455,1432,40.4,1
3869,2019-06-16,Chile Women's,1478,1456,40.4,1
3869,2019-06-16,United States Women's,1545,1566,59.6,1
3870,2019-06-17,China PR Women's,1500,1500,48.9,2
3870,2019-06-17,Spain Women's,1507,1507,51.1,2
3871,2019-06-17,Korea Republic Women's,1449,1437,41.2,2
3871,2019-06-17,Norway Women's,1511,1524,58.8,2
3872,2019-06-17,France Women's,1543,1556,56.7,2
3872,2019-06-17,Nigeria Women's,1496,1483,43.3,2
3873,2019-06-17,Germany Women's,1530,1553,59.6,2
3873,2019-06-17,South Africa Women's,1463,1440,40.4,2
3874,2019-06-18,Brazil Women's,1509,1526,45.4,2
3874,2019-06-18,Italy Women's,1541,1525,54.6,2
3875,2019-06-18,Australia Women's,1502,1524,57.8,2
3875,2019-06-18,Jamaica Women's,1447,1425,42.2,2
3876,2019-06-19,England Women's,1529,1551,52.2,2
3876,2019-06-19,Japan Women's,1514,1493,47.8,2
3877,2019-06-19,Argentina Women's,1486,1485,52.2,2
3877,2019-06-19,Scotland W,1471,1471,47.8,2
3878,2019-06-20,Cameroon W,1464,1479,50.0,2
3878,2019-06-20,New Zealand Women's,1464,1449,50.0,2
3879,2019-06-20,Canada Women's,1536,1521,50.0,2
3879,2019-06-20,Netherlands Women's,1536,1551,50.0,2
3880,2019-06-20,Sweden Women's,1545,1524,47.0,2
3880,2019-06-20,United States Women's,1566,1587,53.0,2
3881,2019-06-20,Chile Women's,1456,1477,53.5,2
3881,2019-06-20,Thailand W,1432,1411,46.5,2
3882,2019-06-22,Germany Women's,1553,1574,59.9,3
3882,2019-06-22,Nigeria Women's,1483,1462,40.1,3
3883,2019-06-22,Australia Women's,1524,1524,50.0,3
3883,2019-06-22,Norway Women's,1524,1524,50.0,3
3884,2019-06-23,Cameroon W,1479,1459,39.9,3
3884,2019-06-23,England Women's,1551,1572,60.1,3
3885,2019-06-23,Brazil Women's,1526,1512,45.7,3
3885,2019-06-23,France Women's,1556,1570,54.3,3
3886,2019-06-24,Spain Women's,1507,1495,38.6,3
3886,2019-06-24,United States Women's,1587,1599,61.4,3
3887,2019-06-24,Canada Women's,1521,1506,49.5,3
3887,2019-06-24,Sweden Women's,1524,1539,50.5,3
3888,2019-06-25,China PR Women's,1500,1479,46.4,3
3888,2019-06-25,Italy Women's,1525,1546,53.6,3
3889,2019-06-25,Japan Women's,1493,1480,41.8,3
3889,2019-06-25,Netherlands Women's,1551,1563,58.2,3
3890,2019-06-27,England Women's,1572,1594,56.9,4
3890,2019-06-27,Norway Women's,1524,1501,43.1,4
3891,2019-06-28,France Women's,1570,1556,45.8,4
3891,2019-06-28,United States Women's,1599,1613,54.2,4
3892,2019-06-29,Germany Women's,1574,1558,55.0,4
3892,2019-06-29,Sweden Women's,1539,1555,45.0,4
3893,2019-06-29,Italy Women's,1546,1525,47.5,4
3893,2019-06-29,Netherlands Women's,1563,1584,52.5,4
3894,2019-07-02,England Women's,1594,1580,47.4,5
3894,2019-07-02,United States Women's,1613,1627,52.6,5
3895,2019-07-03,Netherlands Women's,1584,1598,54.2,5
3895,2019-07-03,Sweden Women's,1555,1542,45.8,5
3896,2019-07-06,England Women's,1580,1564,55.5,6
3896,2019-07-06,Sweden Women's,1542,1558,44.5,6
3897,2019-07-07,Netherlands Women's,1598,1578,45.9,6
3897,2019-07-07,United States Women's,1627,1648,54.1,6
3898,2023-07-20,Australia Women's,1524,1538,53.4,4
3898,2023-07-20,Republic of Ireland Women's,1500,1486,46.6,0
3899,2023-07-20,New Zealand Women's,1449,1466,45.3,3
3899,2023-07-20,Norway Women's,1482,1466,54.7,8
3900,2023-07-21,Canada Women's,1506,1504,56.2,4
3900,2023-07-21,Nigeria Women's,1462,1464,43.8,4
3901,2023-07-21,Philippines Women's,1500,1475,54.5,0
3901,2023-07-21,Switzerland Women's,1469,1493,45.5,3
3902,2023-07-21,Costa Rica Women's,1500,1474,49.0,0
3902,2023-07-21,Spain Women's,1507,1533,51.0,8
3903,2023-07-22,China PR Women's,1479,1464,50.3,4
3903,2023-07-22,Denmark Women's,1477,1492,49.7,3
3904,2023-07-22,England Women's,1675,1683,73.2,13
3904,2023-07-22,Haiti Women's,1500,1492,26.8,0
3905,2023-07-22,United States Women's,1648,1663,70.0,7
3905,2023-07-22,Vietnam Women's,1500,1484,30.0,0
3906,2023-07-22,Japan Women's,1480,1512,47.2,4
3906,2023-07-22,Zambia W,1500,1468,52.8,0
3907,2023-07-23,France Women's,1591,1584,72.2,10
3907,2023-07-23,Jamaica Women's,1425,1432,27.8,3
3908,2023-07-23,Netherlands Women's,1592,1601,67.4,11
3908,2023-07-23,Portugal Women's,1465,1456,32.6,3
3909,2023-07-23,South Africa Women's,1440,1431,30.9,3
3909,2023-07-23,Sweden Women's,1580,1589,69.1,12
3910,2023-07-24,Brazil Women's,1512,1539,51.7,4
3910,2023-07-24,Panama Women's,1500,1473,48.3,0
3911,2023-07-24,Germany Women's,1632,1652,68.1,11
3911,2023-07-24,Morocco Women's,1500,1480,31.9,0
3912,2023-07-24,Argentina Women's,1485,1470,50.2,3
3912,2023-07-24,Italy Women's,1484,1499,49.8,8
3913,2023-07-25,Colombia Women's,1500,1518,58.9,0
3913,2023-07-25,Korea Republic Women's,1437,1419,41.1,3
3914,2023-07-25,New Zealand Women's,1466,1451,48.6,4
3914,2023-07-25,Philippines Women's,1475,1490,51.4,1
3915,2023-07-25,Norway Women's,1466,1467,46.0,9
3915,2023-07-25,Switzerland Women's,1493,1492,54.0,4
3916,2023-07-26,Canada Women's,1504,1518,52.6,5
3916,2023-07-26,Republic of Ireland Women's,1486,1472,47.4,1
3917,2023-07-26,Costa Rica Women's,1474,1454,44.6,1
3917,2023-07-26,Japan Women's,1512,1532,55.4,5
3918,2023-07-26,Spain Women's,1533,1557,59.2,9
3918,2023-07-26,Zambia W,1468,1444,40.8,1
3919,2023-07-27,Australia Women's,1538,1520,60.5,5
3919,2023-07-27,Nigeria Women's,1464,1482,39.5,5
3920,2023-07-27,Portugal Women's,1456,1480,45.9,4
3920,2023-07-27,Vietnam Women's,1484,1460,54.1,1
3921,2023-07-27,Netherlands Women's,1601,1604,41.2,12
3921,2023-07-27,United States Women's,1663,1661,58.8,8
3922,2023-07-28,Argentina Women's,1470,1468,55.6,4
3922,2023-07-28,South Africa Women's,1431,1433,44.4,4
3923,2023-07-28,China PR Women's,1464,1480,46.0,5
3923,2023-07-28,Haiti Women's,1492,1476,54.0,1
3924,2023-07-28,Denmark Women's,1492,1484,25.0,4
3924,2023-07-28,England Women's,1683,1690,75.0,14
3925,2023-07-29,Brazil Women's,1539,1526,43.5,5
3925,2023-07-29,France Women's,1584,1598,56.5,11
3926,2023-07-29,Jamaica Women's,1432,1449,44.1,4
3926,2023-07-29,Panama Women's,1473,1456,55.9,1
3927,2023-07-29,Italy Women's,1499,1476,37.2,9
3927,2023-07-29,Sweden Women's,1589,1612,62.8,13
3928,2023-07-30,Colombia Women's,1518,1539,31.6,1
3928,2023-07-30,Germany Women's,1652,1632,68.4,12
3929,2023-07-30,Korea Republic Women's,1419,1406,41.3,4
3929,2023-07-30,Morocco Women's,1480,1492,58.7,1
3930,2023-07-30,Norway Women's,1467,1501,46.7,10
3930,2023-07-30,Philippines Women's,1490,1456,53.3,2
3931,2023-07-30,New Zealand Women's,1451,1453,44.2,5
3931,2023-07-30,Switzerland Women's,1492,1490,55.8,5
3932,2023-07-31,Australia Women's,1520,1548,50.2,6
3932,2023-07-31,Canada Women's,1518,1490,49.8,6
3933,2023-07-31,Costa Rica Women's,1454,1431,51.5,2
3933,2023-07-31,Zambia W,1444,1467,48.5,2
3934,2023-07-31,Japan Women's,1532,1562,46.4,6
3934,2023-07-31,Spain Women's,1557,1527,53.6,10
3935,2023-07-31,Nigeria Women's,1482,1482,51.5,6
3935,2023-07-31,Republic of Ireland Women's,1472,1472,48.5,2
3936,2023-08-01,China PR Women's,1480,1466,23.0,6
3936,2023-08-01,England Women's,1690,1704,77.0,15
3937,2023-08-01,Denmark Women's,1484,1506,51.3,5
3937,2023-08-01,Haiti Women's,1476,1454,48.7,2
3938,2023-08-01,Portugal Women's,1480,1487,26.1,5
3938,2023-08-01,United States Women's,1661,1653,73.9,9
3939,2023-08-01,Netherlands Women's,1604,1624,69.6,13
3939,2023-08-01,Vietnam Women's,1460,1439,30.4,2
3940,2023-08-02,Argentina Women's,1468,1455,30.5,5
3940,2023-08-02,Sweden Women's,1612,1625,69.5,14
3941,2023-08-02,Brazil Women's,1526,1523,61.0,6
3941,2023-08-02,Jamaica Women's,1449,1452,39.0,5
3942,2023-08-02,France Women's,1598,1614,69.3,12
3942,2023-08-02,Panama Women's,1456,1440,30.7,2
3943,2023-08-02,Italy Women's,1476,1459,56.3,10
3943,2023-08-02,South Africa Women's,1433,1449,43.7,5
3944,2023-08-03,Germany Women's,1632,1623,78.6,13
3944,2023-08-03,Korea Republic Women's,1406,1415,21.4,5
3945,2023-08-03,Colombia Women's,1539,1522,56.7,2
3945,2023-08-03,Morocco Women's,1492,1509,43.3,2
3946,2023-08-05,Japan Women's,1562,1581,58.7,7
3946,2023-08-05,Norway Women's,1501,1482,41.3,11
3947,2023-08-05,Spain Women's,1527,1552,55.3,11
3947,2023-08-05,Switzerland Women's,1490,1465,44.7,6
3948,2023-08-06,Netherlands Women's,1624,1637,73.3,14
3948,2023-08-06,South Africa Women's,1449,1437,26.7,6
3949,2023-08-06,Sweden Women's,1625,1627,46.0,15
3949,2023-08-06,United States Women's,1653,1652,54.0,10
3950,2023-08-07,Australia Women's,1548,1568,55.9,7
3950,2023-08-07,Denmark Women's,1506,1487,44.1,6
3951,2023-08-07,England Women's,1704,1696,78.3,16
3951,2023-08-07,Nigeria Women's,1482,1490,21.7,7
3952,2023-08-08,Colombia Women's,1522,1534,60.0,3
3952,2023-08-08,Jamaica Women's,1452,1440,40.0,6
3953,2023-08-08,France Women's,1614,1634,64.6,13
3953,2023-08-08,Morocco Women's,1509,1489,35.4,3
3954,2023-08-11,Japan Women's,1581,1568,43.5,8
3954,2023-08-11,Sweden Women's,1627,1640,56.5,16
3955,2023-08-11,Netherlands Women's,1637,1618,61.9,15
3955,2023-08-11,Spain Women's,1552,1571,38.1,12
3956,2023-08-12,Australia Women's,1568,1570,40.6,8
3956,2023-08-12,France Women's,1634,1631,59.4,14
3957,2023-08-12,Colombia Women's,1534,1525,28.3,4
3957,2023-08-12,England Women's,1696,1704,71.7,17
3958,2023-08-15,Spain Women's,1571,1589,40.2,13
3958,2023-08-15,Sweden Women's,1640,1622,59.8,17
3959,2023-08-16,Australia Women's,1570,1556,31.7,9
3959,2023-08-16,England Women's,1704,1718,68.3,18
3960,2023-08-19,Australia Women's,1556,1538,40.7,10
3960,2023-08-19,Sweden Women's,1622,1640,59.3,18
3961,2023-08-20,England Women's,1718,1698,67.8,19
3961,2023-08-20,Spain Women's,1589,1609,32.2,14
